candidate,case_id,numerical_usable,terminal_supported,out_v,error_v,gain,current_a,bandwidth_hz,dc_ac_current_pass,predicted_out_v,mode,coordinate_fraction
R37,R37-common_internal--0.2,True,True,0.5857735566049134,0.08577355660491337,-5.041630843736444,3.8833647032014615e-05,16598097.094824554,False,0.5923146929592128,common_internal,-0.2
R37,R37-common_internal--0.1,True,True,0.5421175343697444,0.042117534369744414,-5.533686489311474,3.815683361112543e-05,14954393.224804277,False,0.5435877424899526,common_internal,-0.1
R37,R37-common_internal--0.05,True,True,0.520870590398304,0.020870590398303968,-5.7700027395372215,3.7825987300872294e-05,14261866.72612322,True,0.5212200831902454,common_internal,-0.05
R37,R37-common_internal--0.02,True,True,0.5083035815943162,0.008303581594316212,-5.908753161695709,3.762982057198996e-05,13880777.591193449,True,0.5083578786479775,common_internal,-0.02
R37,R37-common_internal-0.02,True,True,0.4917553825619825,-0.00824461743801752,-6.090250198629375,3.737093496837557e-05,13408123.16142312,True,0.4918076348258125,common_internal,0.02
R37,R37-common_internal-0.05,True,True,0.47949796351242724,-0.02050203648757276,-6.223766263985881,3.7178734664645974e-05,13077170.846019292,True,0.47981546408936177,common_internal,0.05
R37,R37-common_internal-0.1,True,True,0.459357081486337,-0.04064291851366297,-6.441360701897644,3.686205189184207e-05,12566954.762690967,False,0.4605700907209621,common_internal,0.1
R37,R37-common_internal-0.2,True,True,0.4201314014180437,-0.07986859858195627,-6.858073479273691,3.624185458346392e-05,11675565.256599735,False,0.4245734038194216,common_internal,0.2
R37,R37-ratio_internal--0.2,True,True,0.44731741698086536,-0.05268258301913464,-6.648196814795639,3.707512383398187e-05,12399212.215547526,False,0.4494085202172936,ratio_internal,-0.2
R37,R37-ratio_internal--0.1,True,True,0.4756491263998939,-0.024350873600106127,-6.3004206377174725,3.7308241814424986e-05,13036081.745964363,True,0.476112487381309,ratio_internal,-0.1
R37,R37-ratio_internal--0.05,True,True,0.488261206177951,-0.01173879382204901,-6.144976333188951,3.740860710468112e-05,13342158.07370433,True,0.48837069836564057,ratio_internal,-0.05
R37,R37-ratio_internal--0.02,True,True,0.4954026529176112,-0.004597347082388792,-6.056810082853381,3.746444604564077e-05,13521204.28808795,True,0.4954196083517119,ratio_internal,-0.02
R37,R37-ratio_internal-0.02,True,True,0.5044734322081301,0.004473432208130124,-5.94468344503929,3.753429329972004e-05,13757195.319776736,True,0.5044896848356148,ratio_internal,0.02
R37,R37-ratio_internal-0.05,True,True,0.5109632982218479,0.010963298221847939,-5.8643692719098555,3.758350185433591e-05,13930381.26693718,True,0.5110617877578667,ratio_internal,0.05
R37,R37-ratio_internal-0.1,True,True,0.5212341075482558,0.02123410754825583,-5.737120468857254,3.766002193196074e-05,14214806.010201894,True,0.5216088836368338,ratio_internal,0.1
R37,R37-ratio_internal-0.2,True,True,0.5399723447234672,0.039972344723467224,-5.504552241538612,3.7795088611074654e-05,14764567.45378842,False,0.5413362487966644,ratio_internal,0.2
R37,R37-rload--0.05,True,True,0.4969756244057304,-0.0030243755942696016,-5.962792823343028,3.7726811790116985e-05,13723445.209110282,True,0.4970345369214823,rload,-0.05
R37,R37-rload-0.05,True,True,0.502768327621554,0.00276832762155399,-6.034062467309022,3.729239040896543e-05,13564245.51578697,True,0.5028207474713304,rload,0.05
R37,R37-rsrc--0.2,True,True,0.49999670173758703,-3.2982624129651583e-06,-6.000103130403007,3.7500247381952e-05,13644704.912449215,True,0.49999632002730005,rsrc,-0.2
R37,R37-rsrc-0.2,True,True,0.5000032981682128,3.298168212761965e-06,-5.999896873493171,3.749975262495671e-05,13634758.811446298,True,0.500003006756638,rsrc,0.2
R37,R37-rd--0.05,True,True,0.5218261026156925,0.02182610261569251,-5.744244168156769,3.775055029045285e-05,14260816.38202559,True,0.5222393432294914,rd,-0.05
R37,R37-rd-0.05,True,True,0.47846740381420916,-0.021532596185790842,-6.251359213691595,3.7252347924582586e-05,13078302.484476864,True,0.4788459442868235,rd,0.05
A37,A37-common_internal--0.2,True,True,0.6473357914989413,0.14733579149894127,-6.791906443276942,4.533177204881167e-05,1835018.8744119697,False,0.6340633725845897,common_internal,-0.2
A37,A37-common_internal--0.1,True,True,0.5663438019448461,0.06634380194484613,-6.413825562857535,4.103541939273777e-05,1774878.243509191,False,0.5632999967194565,common_internal,-0.1
A37,A37-common_internal--0.05,True,True,0.5315400823962626,0.0315400823962626,-6.2045053615588985,3.918549806998429e-05,1758987.9790061698,False,0.530816718636069,common_internal,-0.05
A37,A37-common_internal--0.02,True,True,0.5122498775119124,0.012249877511912421,-6.080915284007669,3.815588607219595e-05,1751505.0893221016,True,0.5121376712975144,common_internal,-0.02
A37,A37-common_internal-0.02,True,True,0.488210338518801,-0.011789661481198976,-5.920465716178728,3.686704097931511e-05,1743147.9017818137,True,0.4881026944937374,common_internal,0.02
A37,A37-common_internal-0.05,True,True,0.4713393806949265,-0.02866061930507352,-5.803966479572549,3.595802531447076e-05,1737799.6621994446,False,0.4706871477154167,common_internal,0.05
A37,A37-common_internal-0.1,True,True,0.4452170414600229,-0.05478295853997711,-5.61762867988589,3.4541958030705447e-05,1730206.4387599453,False,0.4427381877206385,common_internal,0.1
A37,A37-common_internal-0.2,True,True,0.3994401683281418,-0.10055983167185822,-5.274078836319993,3.2030205529315006e-05,1718454.4513110225,False,0.39046224882887104,common_internal,0.2
A37,A37-ratio_internal--0.2,True,True,0.3502935910975399,-0.14970640890246012,-6.578504619794119,3.412043013501504e-05,1732972.6248004623,False,0.3473848341722974,ratio_internal,-0.2
A37,A37-ratio_internal--0.1,True,True,0.42854545324728344,-0.07145454675271656,-6.280909810893494,3.586903683046895e-05,1737012.127477695,False,0.427940500748095,ratio_internal,-0.1
A37,A37-ratio_internal--0.05,True,True,0.465056994788212,-0.034943005211788,-6.13824597155502,3.669807392895292e-05,1741423.3036797338,False,0.46491883998902417,ratio_internal,-0.05
A37,A37-ratio_internal--0.02,True,True,0.4862036249430277,-0.013796375056972288,-6.054819933255262,3.7182356075018996e-05,1744686.2933926098,True,0.486182708352596,ratio_internal,-0.02
A37,A37-ratio_internal-0.02,True,True,0.5135630507234734,0.013563050723473413,-5.945724486636979,3.7813609089040325e-05,1749798.015268709,True,0.5135436638453381,ratio_internal,0.02
A37,A37-ratio_internal-0.05,True,True,0.5334833441014076,0.03348334410140763,-5.865116235672471,3.827668731362394e-05,1754279.7926932457,False,0.5333691874634229,ratio_internal,0.05
A37,A37-ratio_internal-0.1,True,True,0.5655964182203647,0.06559641822036466,-5.731962649909163,3.902970813585495e-05,1763258.8188249546,False,0.5651857461698737,ratio_internal,0.1
A37,A37-ratio_internal-0.2,True,True,0.6259657423927708,0.1259657423927708,-5.46086039816025,4.0469615034227304e-05,1789592.6809214568,False,0.6246956699378962,ratio_internal,0.2
A37,A37-rload--0.05,True,True,0.4772454301316503,-0.022754569868349728,-5.733447921942848,3.7519047641774834e-05,1827870.894620893,True,0.47678400101012397,rload,-0.05
A37,A37-rload-0.05,True,True,0.5225039921757606,0.0225039921757606,-6.260451458759064,3.748069798279915e-05,1674984.4727717133,True,0.5220830503371495,rload,0.05
A37,A37-rsrc--0.2,True,True,0.4999995395805178,-4.604194822066532e-07,-6.00000872991401,3.7500000390114485e-05,1747172.0658662014,True,0.4999994870401973,rsrc,-0.2
A37,A37-rsrc-0.2,True,True,0.500000460406713,4.6040671297653546e-07,-5.999991270106564,3.7499999609513356e-05,1747083.1060617531,True,0.5000004191158636,rsrc,0.2
A37,A37-rbias--0.05,True,True,0.5512702935166733,0.05127029351667334,-5.954644665894307,3.916713628160834e-05,1761578.5331033515,False,0.5504895193266887,rbias,-0.05
A37,A37-rbias-0.05,True,True,0.4527113216524366,-0.047288678347563395,-6.029494222532616,3.597266012395597e-05,1737495.8815692773,False,0.45197438639196374,rbias,0.05
R75,R75-common_internal--0.2,True,True,0.5782811813514644,0.07828118135146445,-5.241492136555653,7.907218898995765e-05,31024091.07005431,False,0.5829861059003513,common_internal,-0.2
R75,R75-common_internal--0.1,True,True,0.5381384203731079,0.038138420373107884,-5.6384486795203115,7.697689036073066e-05,27780194.71329857,False,0.5391831126582054,common_internal,-0.1
R75,R75-common_internal--0.05,True,True,0.5188288278116698,0.018828827811669835,-5.823410211871751,7.59743769218097e-05,26414424.19921925,True,0.5190757507216976,common_internal,-0.05
R75,R75-common_internal--0.02,True,True,0.507475063487828,0.007475063487828004,-5.930340780432593,7.538646264276078e-05,25661712.96337963,True,0.5075132980498547,common_internal,-0.02
R75,R75-common_internal-0.02,True,True,0.4925988541895623,-0.007401145810437715,-6.068387459756153,7.461782249042412e-05,24726891.350119505,True,0.4926354899515314,common_internal,0.02
R75,R75-common_internal-0.05,True,True,0.48163324108316324,-0.018366758916836756,-6.16863813163502,7.405241093016028e-05,24072910.708217,True,0.48185515240385746,common_internal,0.05
R75,R75-common_internal-0.1,True,True,0.4637110484398448,-0.036288951560155214,-6.32969943755525,7.313034356002978e-05,23063811.904534988,False,0.46455456306920573,common_internal,0.1
R75,R75-common_internal-0.2,True,True,0.42913589555152887,-0.07086410444847113,-6.630360202305075,7.135807215947779e-05,21298077.07516357,False,0.43219541442758214,common_internal,0.2
R75,R75-ratio_internal--0.2,True,True,0.435485201677666,-0.06451479832233398,-6.866644098251356,7.573769596477985e-05,22738937.8219505,False,0.43867259497655653,ratio_internal,-0.2
R75,R75-ratio_internal--0.1,True,True,0.4703400446846584,-0.029659955315341602,-6.398605878767466,7.537197510122087e-05,23993336.098572742,False,0.47104336209058895,ratio_internal,-0.1
R75,R75-ratio_internal--0.05,True,True,0.4857369948719815,-0.01426300512801848,-6.191665690781198,7.518625691767323e-05,24596707.839245185,True,0.48590286557077544,ratio_internal,-0.05
R75,R75-ratio_internal--0.02,True,True,0.49442195462215777,-0.005578045377842233,-6.074948676156243,7.507451768278907e-05,24951507.44024542,True,0.49444761183133745,ratio_internal,-0.02
R75,R75-ratio_internal-0.02,True,True,0.5054178742547982,0.005417874254798227,-5.927219030592893,7.492551125237342e-05,25416206.109484263,True,0.5054424326294445,ratio_internal,0.02
R75,R75-ratio_internal-0.05,True,True,0.5132605224523148,0.013260522452314794,-5.821899535481294,7.481391196001441e-05,25759933.949801672,True,0.513409189472688,ratio_internal,0.05
R75,R75-ratio_internal-0.1,True,True,0.5256296918240801,0.025629691824080147,-5.655899559127285,7.462852715056576e-05,26320616.718009617,False,0.5261944652457755,ratio_internal,0.1
R75,R75-ratio_internal-0.2,True,True,0.5480591207021089,0.04805912070210894,-5.3553320717552,7.426138787695213e-05,27408326.6762251,False,0.5501081384255,ratio_internal,0.2
R75,R75-rload--0.05,True,True,0.4983883217282575,-0.0016116782717425227,-5.98027045473472,7.524173311660907e-05,25266243.918948162,True,0.4984242087304138,rload,-0.05
R75,R75-rload-0.05,True,True,0.5014672192472903,0.001467219247290319,-6.017962169734591,7.477993405955823e-05,25112732.65497253,True,0.5014988921194958,rload,0.05
R75,R75-rsrc--0.2,True,True,0.49999291216245567,-7.087837544328401e-06,-6.000194209301457,7.50010632251878e-05,25232638.737636134,True,0.4999920929113643,rsrc,-0.2
R75,R75-rsrc-0.2,True,True,0.5000070874534888,7.087453488763273e-06,-5.999805804693754,7.499893683323095e-05,25138098.16467205,True,0.5000064605618391,rsrc,0.2
R75,R75-rd--0.05,True,True,0.5231325758792766,0.02313257587927664,-5.727562799847699,7.529482612254877e-05,26412142.164961394,True,0.5236350097900825,rd,-0.05
R75,R75-rd-0.05,True,True,0.47705424972019184,-0.022945750279808164,-6.2693068237703855,7.470656386611923e-05,24075938.047601886,True,0.4775183867292499,rd,0.05
A75,A75-common_internal--0.2,True,True,0.6473350752327683,0.14733507523276834,-6.791929349240078,9.083585933929636e-05,1835432.9165081943,False,0.6340626283675219,common_internal,-0.2
A75,A75-common_internal--0.1,True,True,0.5663434334493175,0.06634343344931748,-6.413832997753004,8.212936946338592e-05,1775268.8217527254,False,0.5632996453235956,common_internal,-0.1
A75,A75-common_internal--0.05,True,True,0.53153990250257,0.031539902502569994,-6.204508451952411,7.83910358747763e-05,1759363.5772917105,False,0.5308165475611769,common_internal,-0.05
A75,A75-common_internal--0.02,True,True,0.5122498079125658,0.012249807912565802,-6.080916682463585,7.631250781635094e-05,1751872.2023897867,True,0.5121376039136323,common_internal,-0.02
A75,A75-common_internal-0.02,True,True,0.4882104024831906,-0.011789597516809414,-5.920468373366479,7.371257700713255e-05,1743503.5216225253,True,0.48810276053266727,common_internal,0.02
A75,A75-common_internal-0.05,True,True,0.47133952984556965,-0.02866047015443035,-5.803970518314399,7.188006212303111e-05,1738147.1587997572,False,0.47068731043142026,common_internal,0.05
A75,A75-common_internal-0.1,True,True,0.44521730559711664,-0.05478269440288336,-5.617635142338818,6.90272242801372e-05,1730541.5660827474,False,0.4427385055867329,common_internal,0.1
A75,A75-common_internal-0.2,True,True,0.3994405728492426,-0.10055942715075739,-5.274090316130699,6.397219130967572e-05,1718773.5048184106,False,0.3904628568888284,common_internal,0.2
A75,A75-ratio_internal--0.2,True,True,0.3502936954956325,-0.1497063045043675,-6.578526254929099,6.81163307860432e-05,1733274.7564543954,False,0.34738518321141587,ratio_internal,-0.2
A75,A75-ratio_internal--0.1,True,True,0.4285455700148897,-0.07145442998511031,-6.2809186554643786,7.16688064284321e-05,1737343.0962585656,False,0.4279406655492509,ratio_internal,-0.1
A75,A75-ratio_internal--0.05,True,True,0.4650570642221114,-0.034942935777888595,-6.138250727144421,7.335565527921207e-05,1741769.5602700077,False,0.46491892021743464,ratio_internal,-0.05
A75,A75-ratio_internal--0.02,True,True,0.48620365485827044,-0.01379634514172956,-6.054822785817774,7.434189812045593e-05,1745041.6489115139,True,0.4861827399486514,ratio_internal,-0.02
A75,A75-ratio_internal-0.02,True,True,0.5135630187929318,0.013563018792931758,-5.945725830846737,7.562851416722468e-05,1750165.0445907454,True,0.5135436328644587,ratio_internal,0.02
A75,A75-ratio_internal-0.05,True,True,0.5334832662861063,0.03348326628610632,-5.865119061231736,7.657320307983953e-05,1754654.5673003984,False,0.5333691111398104,ratio_internal,0.05
A75,A75-ratio_internal-0.1,True,True,0.5655962777764455,0.0655962777764455,-5.731968539312053,7.811112591321308e-05,1763645.7330726308,False,0.5651855970789663,ratio_internal,0.1
A75,A75-ratio_internal-0.2,True,True,0.6259655336409365,0.12596553364093654,-5.4608731658716545,8.105957083950809e-05,1789996.114970675,False,0.6246953847425087,ratio_internal,0.2
A75,A75-rload--0.05,True,True,0.477245420594479,-0.022754579405521003,-5.733451132666985,7.500820760372445e-05,1828243.0996871726,True,0.47678399413366723,rload,-0.05
A75,A75-rload-0.05,True,True,0.522503997944547,0.02250399794454705,-6.260453397610896,7.496985810340691e-05,1675341.1231581294,True,0.5220830568676572,rload,0.05
A75,A75-rsrc--0.2,True,True,0.49999953957768134,-4.6042231865994765e-07,-6.00001053100182,7.498916045461052e-05,1747533.4031644044,True,0.49999948664285737,rsrc,-0.2
A75,A75-rsrc-0.2,True,True,0.500000460401229,4.604012290299053e-07,-5.999993071131868,7.498915967396457e-05,1747444.3976996408,True,0.5000004194308516,rsrc,0.2
A75,A75-rbias--0.05,True,True,0.5512701262638795,0.0512701262638795,-5.954649414943839,7.837267421699654e-05,1761960.86097475,False,0.5504893535528557,rbias,-0.05
A75,A75-rbias-0.05,True,True,0.4527114551435392,-0.04728854485646078,-6.029500156131592,7.189469677445389e-05,1737836.1695114851,False,0.4519745440656015,rbias,0.05
