candidate,frequency_hz,gain_real,gain_imag
A75,1000.0,-6.00000180105283,0.00343540628059803
A75,1029.2005271944283,-6.000001684571028,0.0035357218865187945
A75,1059.2537251772892,-6.000001561187241,0.0036389667548316373
A75,1090.1844923851281,-6.000001430492519,0.0037452264209847717
A75,1122.018454301964,-6.000001292053652,0.0038545889180562586
A75,1154.781984689459,-6.00000114541177,0.003967144849681595
A75,1188.5022274370194,-6.000000990080822,0.004082987465110409
A75,1223.2071190499325,-6.000000825545944,0.00420221273645437
A75,1258.9254117941682,-6.000000651261772,0.004324919438190339
A75,1295.6866975170205,-6.00000046665062,0.004451209228984481
A75,1333.5214321633252,-6.000000271100587,0.004581186735905148
A75,1372.4609610075634,-6.0000000639634985,0.004714959641094143
A75,1412.5375446227558,-5.99999984455278,0.004852638770968185
A75,1453.7843856076636,-5.999999612141181,0.004994338188024343
A75,1496.2356560944354,-5.999999365958346,0.005140175285325415
A75,1539.926526059494,-5.999999105188282,0.005290270883743424
A75,1584.8931924611159,-5.9999988289666435,0.005444749332041756
A75,1631.1729092278408,-5.999998536377876,0.005603738609878642
A75,1678.804018122563,-5.999998226452165,0.00576737043381725
A75,1727.8259805078665,-5.999997898162234,0.005935780366430086
A75,1778.279410038926,-5.999997550419941,0.006109107928587937
A75,1830.2061063110596,-5.999997182072664,0.006287496715026184
A75,1883.6490894898043,-5.9999967918994885,0.006471094513284109
A75,1938.6526359522113,-5.9999963786071575,0.006660053426115507
A75,1995.2623149688839,-5.999995940825778,0.006854529997471823
A75,2053.5250264571505,-5.999995477104284,0.00705468534216193
A75,2113.4890398366515,-5.9999949859056505,0.007260685279295792
A75,2175.2040340195276,-5.999994465601753,0.007472700469622167
A75,2238.721138568345,-5.999993914468006,0.00769090655687397
A75,2304.092976055851,-5.999993330677645,0.007915484313238
A75,2371.373705661661,-5.999992712295654,0.00814661978906918
A75,2440.6190680419863,-5.999992057272365,0.008384504466973046
A75,2511.8864315095866,-5.999991363436662,0.008629335420383572
A75,2585.2348395621975,-5.999990628488783,0.008881315476767451
A75,2660.725059798817,-5.999989849992701,0.009140653385589328
A75,2738.4196342643686,-5.999989025368047,0.009407563991176798
A75,2818.3829312644616,-5.99998815188156,0.009682268410627625
A75,2900.681198693162,-5.999987226638019,0.009964994216905986
A75,2985.3826189179686,-5.999986246570662,0.010255975627278856
A75,3072.557365267456,-5.999985208431012,0.010555453697247601
A75,3162.277660168389,-5.999984108778113,0.010863676520134874
A75,3254.617834980469,-5.999982943967123,0.01118089943249113
A75,3349.6543915782872,-5.999981710137233,0.011507385225489936
A75,3447.466065731505,-5.999980403198884,0.011843404362486184
A75,3548.133892335766,-5.999979018820189,0.012189235202916175
A75,3651.741272548389,-5.999977552412593,0.012545164232723872
A75,3758.3740428844544,-5.999975999115671,0.012911486301502826
A75,3868.120546330535,-5.9999743537809875,0.013288504866548544
A75,3981.0717055349864,-5.999972610955083,0.013676532244022087
A75,4097.32109813543,-5.999970764861354,0.01407588986743084
A75,4216.965034285838,-5.9999688093809365,0.014486908553638954
A75,4340.102636447455,-5.999966738032406,0.01490992877662536
A75,4466.835921509648,-5.999964543950316,0.015345300949214023
A75,4597.2698853087395,-5.999962219862442,0.015793385713007202
A75,4731.512589614823,-5.999959758065666,0.01625455423675898
A75,4869.67525165865,-5.999957150400461,0.01672918852343348
A75,5011.872336272742,-5.999954388223848,0.017217681726198465
A75,5158.221650723077,-5.999951462380755,0.017720438473612918
A75,5308.8444423099045,-5.999948363173669,0.018237875204273498
A75,5463.865498818564,-5.999945080330504,0.018770420511193365
A75,5623.413251903514,-5.999941602970574,0.019318515496193626
A75,5787.61988349123,-5.999937919568508,0.019882614134595782
A75,5956.62143529013,-5.999934017916073,0.020463183650512112
A75,6130.557921498234,-5.999929885081728,0.021060704903038546
A75,6309.57344480196,-5.9999255073677595,0.02167567278366318
A75,6493.816315762142,-5.999920870264896,0.022308596625212836
A75,6683.439175686176,-5.999915958404224,0.02296000062266808
A75,6878.599123088107,-5.999910755506276,0.023630424266187215
A75,7079.457843841412,-5.9999052443270795,0.02432042278668809
A75,7286.181745132311,-5.999899406601024,0.02503056761434705
A75,7498.942093324594,-5.99989322298033,0.025761446850383403
A75,7717.915155850161,-5.999886672970967,0.0265136657525084
A75,7943.282347242854,-5.999879734864739,0.02728784723442731
A75,8175.23037943654,-5.999872385667361,0.028084632379794097
A75,8413.951416451991,-5.999864601022284,0.028904680971028766
A75,8659.643233600696,-5.999856355130008,0.029748672033418286
A75,8912.5093813375,-5.999847620662601,0.030617304394932928
A75,9172.759353897844,-5.9998383686731795,0.03151129726220159
A75,9440.608762859283,-5.999828568500024,0.032431390813101
A75,9716.279515771113,-5.999818187664997,0.03337834680642515
A75,10000.000000000055,-5.999807191765974,0.03435294920911415
A75,10292.00527194434,-5.999795544362907,0.035356004841532604
A75,10592.537251772948,-5.999783206857105,0.036388344041301056
A75,10901.844923851339,-5.999770138363433,0.03745082134619633
A75,11220.184543019699,-5.999756295574886,0.03854431619664849
A75,11547.819846894648,-5.999741632619172,0.039669733658376345
A75,11885.022274370254,-5.999726100906826,0.040828005165715275
A75,12232.071190499388,-5.99970964897032,0.04202008928620525
A75,12589.254117941748,-5.999692222293633,0.04324697250701882
A75,12956.866975170273,-5.999673763131772,0.0445096700438241
A75,13335.21432163332,-5.999654210319624,0.04580922667268977
A75,13724.609610075704,-5.999633499069415,0.04714671758565182
A75,14125.37544622763,-5.9996115607563425,0.04852324927057866
A75,14537.843856076708,-5.999588322691376,0.04993996041597957
A75,14962.356560944427,-5.999563707880705,0.051398022841419484
A75,15399.265260595015,-5.999537634770952,0.05289864245421351
A75,15848.931924611234,-5.999510016979333,0.054443060233088904
A75,16311.729092278485,-5.99948076300781,0.05603255323951394
A75,16788.040181225708,-5.999449775940473,0.05766843565740803
A75,17278.259805078742,-5.999416953122848,0.05935205986195556
A75,17782.79410038934,-5.999382185822464,0.06108481751826381
A75,18302.061063110676,-5.999345358869235,0.06286814071061002
A75,18836.490894898125,-5.999306350274643,0.0647035031030384
A75,19386.5263595222,-5.999265030828423,0.06659242113207553
A75,19952.623149688927,-5.999221263671464,0.06853645523234352
A75,20535.250264571598,-5.999174903843469,0.07053721109585613
A75,21134.89039836661,-5.999125797803933,0.07259634096579332
A75,21752.040340195374,-5.999073782924865,0.0747155449655547
A75,22387.21138568355,-5.999018686953568,0.07689657246389583
A75,23040.929760558614,-5.9989603274437995,0.07914122347695762
A75,23713.737056616716,-5.998898511153296,0.08145135010799635
A75,24406.19068041997,-5.998833033405886,0.08382885802562737
A75,25118.864315095976,-5.998763677415988,0.08627570798138744
A75,25852.348395622088,-5.99869021357334,0.08879391736741862
A75,26607.250597988284,-5.998612398685562,0.09138556181506795
A75,27384.19634264381,-5.998529975176271,0.09405277683519019
A75,28183.829312644742,-5.99844267023584,0.09679775950091773
A75,29006.81198693175,-5.998350194922424,0.09962277017365888
A75,29853.826189179817,-5.998252243210003,0.10253013427304729
A75,30725.573652674695,-5.998148490980574,0.10552224409155339
A75,31622.77660168403,-5.998038594957158,0.10860156065442873
A75,32546.17834980483,-5.997922191574171,0.11177061562562032
A75,33496.54391578302,-5.997798895781601,0.11503201326025117
A75,34474.6606573152,-5.997668299779049,0.11838843240420865
A75,35481.33892335782,-5.99752997167561,0.12184262854133143
A75,36517.41272548406,-5.997383454071397,0.12539743588861638
A75,37583.740428844714,-5.997228262556,0.12905576953979433
A75,38681.20546330552,-5.99706388411927,0.13282062765754138
A75,39810.71705535004,-5.996889775469228,0.13669509371449387
A75,40973.210981354474,-5.996705361251938,0.14068233878313613
A75,42169.650342858564,-5.996510032167504,0.14478562387450114
A75,43401.02636447473,-5.9963031429764415,0.1490083023255014
A75,44668.35921509667,-5.996084010390076,0.15335382223455207
A75,45972.69885308759,-5.995851910838316,0.15782572894498204
A75,47315.125896148435,-5.995606078107906,0.16242766757555097
A75,48696.75251658671,-5.995345700843818,0.16716338559718122
A75,50118.723362727644,-5.995069919905939,0.17203673545478484
A75,51582.216507230994,-5.994777825573047,0.17705167723282547
A75,53088.44442309928,-5.994468454585327,0.18221228136296444
A75,54638.65498818588,-5.994140787016567,0.18752273137185038
A75,56234.13251903538,-5.993793742966305,0.1929873266667603
A75,57876.19883491255,-5.993426179062141,0.1986104853564444
A75,59566.21435290155,-5.99303688476151,0.20439674710410663
A75,61305.579214982594,-5.992624578441992,0.21035077600901667
A75,63095.734448019866,-5.992187903268463,0.21647736351275088
A75,64938.16315762169,-5.991725422824941,0.22278143132552464
A75,66834.39175686204,-5.991235616498306,0.22926803436748738
A75,68785.99123088135,-5.990716874600545,0.23594236371920893
A75,70794.5784384144,-5.9901674932153925,0.24280974957487328
A75,72861.81745132341,-5.989585668754755,0.2498756641909321
A75,74989.42093324625,-5.988969492209481,0.25714572482212134
A75,77179.15155850194,-5.988316943078392,0.2646256966358223
A75,79432.82347242888,-5.987625882958873,0.2723214955947576
A75,81752.30379436575,-5.986894048781388,0.2802391912968966
A75,84139.5141645203,-5.986119045669868,0.28838500976028525
A75,86596.43233600735,-5.985298339408759,0.2967653361391821
A75,89125.0938133754,-5.984429248497235,0.30538671735651113
A75,91727.59353897884,-5.983508935769987,0.314255864636085
A75,94406.08762859325,-5.982534399563376,0.32337965591639883
A75,97162.79515771156,-5.981502464405095,0.3327651381259993
A75,100000.00000000097,-5.980409771204672,0.34241952929847275
A75,102920.05271944383,-5.97925276692142,0.35235022050297277
A75,105925.37251772993,-5.978027693686049,0.3625647775639459
A75,109018.44923851384,-5.976730577351147,0.37307094254120143
A75,112201.84543019746,-5.975357215445626,0.383876634938831
A75,115478.19846894697,-5.973903164507475,0.3949899526085845
A75,118850.22274370304,-5.972363726768824,0.40641917231019603
A75,122320.71190499439,-5.970733936167228,0.4181727498878216
A75,125892.541179418,-5.969008543656669,0.4302593200181404
A75,129568.66975170327,-5.967182001791969,0.4426876954818017
A75,133352.1432163338,-5.965248448560446,0.45546686590576746
A75,137246.09610075763,-5.963201690434962,0.46860599591964575
A75,141253.7544622769,-5.961035184623158,0.4821144226643566
A75,145378.4385607677,-5.958742020488617,0.49600165258641576
A75,149623.56560944492,-5.956314900120827,0.5102773574456908
A75,153992.65260595083,-5.953746118029702,0.5249513694585136
A75,158489.31924611304,-5.951027539961009,0.540033675493538
A75,163117.29092278559,-5.948150580775735,0.5555344102264079
A75,167880.40181225786,-5.945106181432162,0.5714638481605168
A75,172782.59805078822,-5.94188478502017,0.5878323944059112
A75,177827.94100389423,-5.9384763118570385,0.604650574105585
A75,183020.61063110761,-5.93487013364062,0.6219290203889263
A75,188364.90894898213,-5.931055046663688,0.6396784607239715
A75,193865.26359522287,-5.927019244100456,0.6579097015315656
A75,199526.23149689016,-5.9227502873833675,0.6766336109155775
A75,205352.5026457169,-5.91823507669751,0.6958610993542081
A75,211348.90398366703,-5.913459820629604,0.7156030981880175
A75,217520.4034019547,-5.908410005020163,0.735870535730822
A75,223872.11385683648,-5.903070361080124,0.7566743108200198
A75,230409.29760558717,-5.897424832847778,0.7780252636133765
A75,237137.37056616822,-5.891456544078014,0.7999341434298898
A75,244061.90680420081,-5.885147764674108,0.8224115734232689
A75,251188.64315096088,-5.878479876792445,0.8454680118678995
A75,258523.48395622204,-5.871433340773025,0.8691137098291503
A75,266072.505979884,-5.863987661071482,0.893358664982458
A75,273841.96342643927,-5.856121352409204,0.9182125713416691
A75,281838.29312644864,-5.84781190634725,0.9436847646463432
A75,290068.11986931873,-5.839035758590802,0.9697841631652
A75,298538.26189179946,-5.829768257298173,0.9965192036619719
A75,307255.7365267483,-5.819983632748044,1.0238977722779632
A75,316227.7660168417,-5.809654968746605,1.0519271300885895
A75,325461.7834980498,-5.798754176202301,1.080613833099936
A75,334965.4391578317,-5.787251969348077,1.109963646465025
A75,344746.6065731536,-5.775117845128205,1.1399814527146501
A75,354813.3892335798,-5.762320066342738,1.1706711538250476
A75,365174.1272548422,-5.748825649175804,1.2020355669700642
A75,375837.4042884488,-5.73460035580572,1.234076313844711
A75,386812.054633057,-5.719608692849884,1.2667937034908545
A75,398107.1705535022,-5.703813916458777,1.3001866086095184
A75,409732.10981354665,-5.687178044932937,1.3342523354073563
A75,421696.5034285876,-5.669661879805863,1.3689864871010526
A75,434010.26364474936,-5.651225036367343,1.404382821282919
A75,446683.59215096885,-5.631825984701031,1.4404331014594403
A75,459726.9885308781,-5.6114221023137905,1.4771269431751866
A75,473151.2589614866,-5.589969739517309,1.5144516552693892
A75,486967.5251658694,-5.567424298708504,1.5523920769399362
A75,501187.23362727877,-5.543740328783805,1.5909304114608558
A75,515822.16507231235,-5.518871635872916,1.6300460575535975
A75,530884.4442309953,-5.492771411591795,1.6697154396011349
A75,546386.5498818613,-5.465392379990325,1.7099118380921892
A75,562341.3251903565,-5.436686964318265,1.750605221892509
A75,578761.9883491283,-5.406607474649698,1.7917620841588258
A75,595662.1435290184,-5.375106317274153,1.8333452839314168
A75,613055.7921498289,-5.342136226683267,1.875313895694899
A75,630957.3444802017,-5.307650520712176,1.9176230694019067
A75,649381.63157622,-5.271603379250275,1.9602239037092906
A75,668343.9175686237,-5.2339501466248946,2.003063335381583
A75,687859.9123088169,-5.194647657449456,2.046084048018784
A75,707945.7843841475,-5.153654585392016,2.0892244034529575
A75,728618.1745132377,-5.110931813887795,2.1324183992948837
A75,749894.2093324661,-5.066442827383425,2.1755956562226126
A75,771791.5155850231,-5.020154121180621,2.2186814386466027
A75,794328.2347242925,-4.972035627425987,2.2615967123819742
A75,817523.0379436614,-4.922061154209879,2.304258242869683
A75,841395.141645207,-4.870208834162865,2.346578737331887
A75,865964.3233600776,-4.816461578284386,2.3884670339681486
A75,891250.9381337581,-4.760807530172695,2.4298283409598542
A75,917275.9353897927,-4.703240515209279,2.47056452757498
A75,944060.8762859369,-4.643760478680533,2.510574469083056
A75,971627.9515771201,-4.582373906332214,2.549754446510451
A75,1000000.0000000144,-4.5190942203895075,2.5879986014506082
A75,1029200.527194443,-4.453942143771779,2.6251994452562233
A75,1059253.7251773044,-4.38694602499862,2.661248420935024
A75,1090184.4923851436,-4.318142116155285,2.696036514961535
A75,1122018.4543019799,-4.247574796500253,2.7294549151585716
A75,1154781.984689475,-4.175296734408328,2.761395709544315
A75,1188502.2274370359,-4.101368980890517,2.791752619921528
A75,1223207.1190499496,-4.025860988585347,2.8204217628446937
A75,1258925.4117941859,-3.9488505509156706,2.847302429485453
A75,1295686.6975170388,-3.8704236572226924,2.8722978749843784
A75,1333521.432163344,-3.790674260884685,2.8953161070165887
A75,1372460.9610075825,-3.709703958863822,2.916270662668505
A75,1412537.5446227754,-3.6276215826289477,2.9350813622570593
A75,1453784.3856076836,-3.544542702091169,2.9516750285613917
A75,1496235.6560944559,-3.4605890458294204,2.9659861599584536
A75,1539926.526059515,-3.3758878426626984,2.9779575463548325
A75,1584893.1924611374,-3.2905710912310364,2.9875408173853497
A75,1631172.909227863,-3.204774765877147,2.9946969133009773
A75,1678804.0181225857,-3.118637968533729,2.999396470125513
A75,1727825.9805078898,-3.032302037560604,3.0016201120686947
A75,1778279.41003895,-2.9459096255171833,3.0013586458307526
A75,1830206.106311084,-2.8596037585392344,2.998613153157043
A75,1883649.0894898295,-2.773526890480595,2.9933949799324098
A75,1938652.6359522373,-2.6878199650905645,2.985725622026473
A75,1995262.3149689105,-2.602621499267811,2.9756365099877513
A75,2053525.026457178,-2.518066700000062,2.9631686966257034
A75,2113489.0398366796,-2.4342866267308585,2.948372453190029
A75,2175204.0340195564,-2.3514074098767557,2.931306781480102
A75,2238721.1385683743,-2.2695495349202113,2.9120388505750063
A75,2304092.9760558815,-2.1888272000087214,2.890643367965876
A75,2371373.705661692,-2.109347753440553,2.867201895792327
A75,2440619.0680420185,-2.031211215665532,2.841802123372323
A75,2511886.4315096196,-1.9545098887772263,2.814537107579499
A75,2585234.8395622317,-1.8793280547378275,2.785504492576197
A75,2660725.059798852,-1.8057417619780747,2.754805720192015
A75,2738419.6342644054,-1.733818698495666,2.72254524174622
A75,2818382.931264499,-1.6636181481913688,2.6888297414
A75,2900681.1986932005,-1.5951910259956483,2.653767380282121
A75,2985382.618918008,-1.5285799863204568,2.617467069627387
A75,3072557.365267497,-1.46381959855405,2.5800377800698118
A75,3162277.6601684312,-1.4009365827002451,2.541587893072414
A75,3254617.8349805125,-1.3399500978606733,2.502224599318982
A75,3349654.391578332,-1.2808720760274543,2.462053347717747
A75,3447466.065731551,-1.2237075936041388,2.421177347539829
A75,3548133.8923358135,-1.168455273186198,2.379697125162235
A75,3651741.272548438,-1.1151077083709793,2.3377101358928414
A75,3758374.042884505,-1.063651904733278,2.295310430482986
A75,3868120.546330587,-1.0140697305474267,2.2525883751408773
A75,3981071.70553504,-0.966338371369955,2.2096304232156045
A75,4097321.0981354844,-0.9204307831493298,2.1665189361278108
A75,4216965.034285894,-0.8763161391543315,2.1233320507336533
A75,4340102.636447512,-0.8339602665971609,2.0801435899096967
A75,4466835.921509706,-0.7933260694626294,2.037023012968081
A75,4597269.885308799,-0.7543739346242332,1.9940354023094193
A75,4731512.589614885,-0.7170621189105348,1.951241482693312
A75,4869675.251658713,-0.6813471153064413,1.9086976694862328
A75,5011872.336272808,-0.6471839969667217,1.8664561423156725
A75,5158221.650723144,-0.6145267381666368,1.8245649406793172
A75,5308844.442309974,-0.5833285117079415,1.783068078197982
A75,5463865.498818635,-0.5535419626525834,1.7420056723949806
A75,5623413.251903587,-0.5251194585604063,1.7014140870947811
A75,5787619.883491306,-0.4980133166594888,1.6613260847398956
A75,5956621.435290207,-0.4721760085957033,1.6217709861662648
A75,6130557.921498313,-0.4475603435865716,1.5827748356282139
A75,6309573.444802041,-0.42411963092577826,1.5443605690446114
A75,6493816.315762226,-0.401807822908811,1.5065481837353496
A75,6683439.175686263,-0.38057963930336747,1.4693549080678163
A75,6878599.123088196,-0.3603906745485364,1.432795369687039
A75,7079457.843841503,-0.34119748888309515,1.396881761171278
A75,7286181.745132405,-0.32295768461142776,1.3616240021492982
A75,7498942.093324691,-0.3056299687013226,1.327029897073342
A75,7717915.155850261,-0.2891742028831782,1.2931052879957978
A75,7943282.347242957,-0.2735514423845319,1.2598542018374355
A75,8175230.379436647,-0.25872396438760165,1.22727899175142
A75,8413951.416452102,-0.24465528724699126,1.1953804722982029
A75,8659643.23360081,-0.2313101814506467,1.1641580482502287
A75,8912509.381337617,-0.2186546732438065,1.1336098369064695
A75,9172759.353897963,-0.20665604178226518,1.1037327839021478
A75,9440608.762859406,-0.19528281061232128,1.0745227725207196
A75,9716279.51577124,-0.18450473422224736,1.0459747266069102
A75,10000000.000000184,-0.17429278034376677,1.0180827071864742
A75,10292005.271944473,-0.16461910862984286,0.9908400029620037
A75,10592537.251773085,-0.15545704627598533,0.9642392148622466
A75,10901844.923851479,-0.14678106110200262,0.9382723348587777
A75,11220184.543019842,-0.13856673255896687,0.9129308192680798
A75,11547819.846894797,-0.13079072108101858,0.8882056567808068
A75,11885022.274370406,-0.12343073615571143,0.8640874314562776
A75,12232071.190499544,-0.11646550344735984,0.840566380935985
A75,12589254.117941909,-0.10987473126828368,0.8176324501210077
A75,12956866.97517044,-0.1036390766588992,0.7952753405642098
A75,13335214.321633492,-0.09774011130475961,0.7734845558201325
A75,13724609.61007588,-0.09216028749000423,0.7522494429962221
A75,14125375.446227811,-0.08688290425880685,0.7315592307344183
A75,14537843.856076894,-0.08189207393337324,0.7114030638543974
A75,14962356.560944619,-0.07717268911393096,0.6917700348724749
A75,15399265.260595214,-0.07271039026754438,0.6726492126110408
A75,15848931.924611438,-0.06849153399341631,0.6540296680917953
A75,16311729.092278697,-0.0645031620381838,0.6359004979115982
A75,16788040.181225926,-0.06073297111896566,0.6182508452755829
A75,17278259.80507897,-0.05716928360071763,0.6010699188647514
A75,17782794.100389574,-0.05380101906237704,0.5843470096962176
A75,18302061.063110918,-0.05061766677718073,0.5680715061309589
A75,18836490.894898374,-0.0476092591239904,0.5522329071750736
A75,19386526.359522454,-0.04476634593844288,0.5368208342050884
A75,19952623.14968919,-0.04207996980706959,0.5218250412476505
A75,20535250.264571868,-0.03954164230146324,0.5072354239300535
A75,21134890.398366887,-0.03714332114508669,0.49304202721316637
A75,21752040.34019566,-0.03487738830112512,0.47923505200884625
A75,22387211.385683842,-0.03273662896649373,0.4658048607779517
A75,23040929.760558918,-0.030714211454280126,0.4527419821982087
A75,23713737.05661703,-0.02880366794460311,0.4400371149850886
A75,24406190.680420294,-0.026998876081886277,0.42768113094110244
A75,25118864.315096308,-0.025294041395202995,0.41566507730506635
A75,25852348.39562243,-0.02368368051723112,0.40398017846794454
A75,26607250.597988635,-0.022162605176348736,0.39261783711389353
A75,27384196.34264417,-0.020725906936115732,0.3815696348450359
A75,28183829.31264511,-0.01936894265570345,0.3708273323380887
A75,29006811.98693213,-0.018087320645137735,0.3603828690848506
A75,29853826.189180207,-0.01687688748871026,0.35022836275460306
A75,30725573.652675096,-0.015733715510708846,0.34035610822495677
A75,31622776.601684444,-0.014654090857278073,0.3307585763117049
A75,32546178.34980526,-0.013634502169159912,0.32142841223611907
A75,33496543.915783457,-0.012671629820217098,0.3123584338585803
A75,34474660.65731565,-0.0117623356972908,0.3035416297064977
A75,35481338.92335828,-0.010903653497611989,0.2949711568236351
A75,36517412.72548453,-0.010092779520561495,0.2866403384638477
A75,37583740.4288452,-0.00932706393126377,0.2785426616499643
A75,38681205.463306025,-0.00860400247431084,0.270671774619631
A75,39810717.05535056,-0.007921228616471498,0.26302148417305315
A75,40973210.98135501,-0.0072765060981530485,0.2555857529410983
A75,42169650.34285911,-0.006667721874024821,0.24835869658774634
A75,43401026.3644753,-0.006092879423969208,0.24133458095962204
A75,44668359.21509726,-0.005550092416308378,0.23450781919581856
A75,45972698.8530882,-0.0050375787059233675,0.22787296880757454
A75,47315125.89614906,-0.004553654650665407,0.22142472873898575
A75,48696752.516587354,-0.00409672973009875,0.21515793641584852
A75,50118723.362728305,-0.0036653014513823314,0.20906756479283378
A75,51582216.507231675,-0.003257950527683499,0.20314871940369894
A75,53088444.42309998,-0.002873336315245041,0.19739663542250524
A75,54638654.988186605,-0.0025101924958153415,0.19180667474041982
A75,56234132.51903613,-0.0021673229917998638,0.18637432306470209
A75,57876198.83491332,-0.0018435981020400994,0.1810951870416563
A75,59566214.352902345,-0.0015379508467561818,0.17596499141026598
A75,61305579.21498341,-0.001249373510691528,0.17097957618777548
A75,63095734.44802071,-0.000976914374060102,0.1661348938919072
A75,64938163.15762256,-0.0007196746213862605,0.1614270068002906
A75,66834391.75686294,-0.00047680541883245435,0.15685208425182176
A75,68785991.23088229,-0.00024750515106537714,0.15240639998913072
A75,70794578.43841536,-3.101680916805271e-05,0.14808632954605205
A75,72861817.45132439,0.00017337447846971712,0.14388834767999567
A75,74989420.93324725,0.00036634377993892815,0.13980902585087976
A75,77179151.55850297,0.0005485285655396696,0.13584502974706134
A75,79432823.47242993,0.0007205307923455182,0.13199311685953427
A75,81752303.79436684,0.0008829188741361878,0.12825013410430278
A75,84139514.1645214,0.001036229542892509,0.1246130154932832
A75,86596432.33600849,0.0011809696077305502,0.12107877985425425
A75,89125093.81337658,0.0013176176168383962,0.11764452859968669
A75,91727593.53898005,0.0014466254276817659,0.11430744354404866
A75,94406087.6285945,0.0015684196904806752,0.11106478476997285
A75,97162795.15771285,0.00168340324967862,0.10791388854252228
A75,100000000.0000023,0.001791956467887476,0.10485216527152039
R75,1000.0,-5.999999999999706,0.00024335358584859357
R75,1029.2005271944283,-5.999999999427126,0.0002504596388266349
R75,1059.2537251772892,-5.999999998820613,0.00025777319229579673
R75,1090.1844923851281,-5.999999998178165,0.00026530030537962306
R75,1122.018454301964,-5.9999999974976514,0.000273047214131242
R75,1154.781984689459,-5.999999996776811,0.0002810203366998019
R75,1188.5022274370194,-5.999999996013261,0.00028922627864776975
R75,1223.2071190499325,-5.999999995204467,0.0002976718384234958
R75,1258.9254117941682,-5.999999994347749,0.0003063640129935841
R75,1295.6866975170205,-5.999999993440269,0.0003153100036397241
R75,1333.5214321633252,-5.999999992479014,0.0003245172219247983
R75,1372.4609610075634,-5.999999991460802,0.0003339932958332023
R75,1412.5375446227558,-5.999999990382257,0.00034374607609046186
R75,1453.7843856076636,-5.999999989239805,0.0003537836426673911
R75,1496.2356560944354,-5.99999998802966,0.0003641143114741707
R75,1539.926526059494,-5.999999986747807,0.0003747466412498966
R75,1584.8931924611159,-5.99999998539,0.0003856894406533128
R75,1631.1729092278408,-5.999999983951737,0.00039695177556058753
R75,1678.804018122563,-5.999999982428255,0.0004085429765761967
R75,1727.8259805078665,-5.999999980814497,0.0004204726467631221
R75,1778.279410038926,-5.999999979105119,0.0004327506695987796
R75,1830.2061063110596,-5.999999977294454,0.0004453872171632621
R75,1883.6490894898043,-5.999999975376502,0.00045839275856668116
R75,1938.6526359522113,-5.999999973344903,0.00047177806862259617
R75,1995.2623149688839,-5.999999971192925,0.00048555423677470544
R75,2053.5250264571505,-5.999999968913434,0.0004997326762842045
R75,2113.4890398366515,-5.999999966498875,0.000514325133685418
R75,2175.2040340195276,-5.999999963941242,0.0005293436985175401
R75,2238.721138568345,-5.99999996123206,0.000544800813340548
R75,2304.092976055851,-5.999999958362352,0.0005607092840435808
R75,2371.373705661661,-5.9999999553226,0.0005770822904543287
R75,2440.6190680419863,-5.999999952102735,0.0005939333972582237
R75,2511.8864315095866,-5.999999948692077,0.000611276565236469
R75,2585.2348395621975,-5.999999945079328,0.0006291261628322321
R75,2660.725059798817,-5.999999941252507,0.0006474969780545644
R75,2738.4196342643686,-5.999999937198933,0.0006664042307299303
R75,2818.3829312644616,-5.999999932905172,0.0006858635851114769
R75,2900.681198693162,-5.999999928356989,0.0007058911628565071
R75,2985.3826189179686,-5.999999923539309,0.0007265035563828903
R75,3072.557365267456,-5.999999918436163,0.0007477178426154958
R75,3162.277660168389,-5.999999913030638,0.0007695515971340163
R75,3254.617834980469,-5.999999907304813,0.0007920229087339169
R75,3349.6543915782872,-5.9999999012397085,0.0008151503944125724
R75,3447.466065731505,-5.99999989481523,0.0008389532147929997
R75,3548.133892335766,-5.999999888010073,0.0008634510899979627
R75,3651.741272548389,-5.999999880801688,0.0008886643159876156
R75,3758.3740428844544,-5.99999987316618,0.000914613781374206
R75,3868.120546330535,-5.999999865078239,0.0009413209847277675
R75,3981.0717055349864,-5.999999856511059,0.0009688080523871461
R75,4097.32109813543,-5.999999847436237,0.0009970977567911085
R75,4216.965034285838,-5.999999837823704,0.0010262135353447366
R75,4340.102636447455,-5.999999827641586,0.0010561795098366932
R75,4466.835921509648,-5.999999816856144,0.0010870205064235118
R75,4597.2698853087395,-5.999999805431626,0.0011187620761974025
R75,4731.512589614823,-5.9999997933301605,0.0011514305163546476
R75,4869.67525165865,-5.999999780511641,0.00118505289198213
R75,5011.872336272742,-5.9999997669335725,0.001219657058480002
R75,5158.221650723077,-5.999999752550956,0.001255271684639121
R75,5308.8444423099045,-5.999999737316114,0.0012919262763923334
R75,5463.865498818564,-5.999999721178548,0.0013296512012593014
R75,5623.413251903514,-5.9999997040847735,0.0013684777135051058
R75,5787.61988349123,-5.99999968597813,0.0014084379800334951
R75,5956.62143529013,-5.999999666798605,0.0014495651070361975
R75,6130.557921498234,-5.999999646482616,0.0014918931674203874
R75,6309.57344480196,-5.999999624962831,0.0015354572290370494
R75,6493.816315762142,-5.999999602167913,0.0015802933837335716
R75,6683.439175686176,-5.999999578022313,0.0016264387772546916
R75,6878.599123088107,-5.999999552446001,0.0016739316400165264
R75,7079.457843841412,-5.999999525354195,0.0017228113187791787
R75,7286.181745132311,-5.9999994966571,0.001773118309244195
R75,7498.942093324594,-5.999999466259595,0.0018248942896038364
R75,7717.915155850161,-5.999999434060928,0.0018781821550699677
R75,7943.282347242854,-5.999999399954371,0.0019330260534111566
R75,8175.23037943654,-5.999999363826873,0.00198947142152746
R75,8413.951416451991,-5.999999325558687,0.002047565023093135
R75,8659.643233600696,-5.999999285022964,0.0021073549872984826
R75,8912.5093813375,-5.999999242085347,0.0021688908487229454
R75,9172.759353897844,-5.999999196603523,0.0022322235883724235
R75,9440.608762859283,-5.99999914842673,0.0022974056759148434
R75,9716.279515771113,-5.999999097395283,0.00236449111314895
R75,10000.000000000055,-5.999999043340036,0.0024335354787423536
R75,10292.00527194434,-5.999998986081808,0.002504595974275782
R75,10592.537251772948,-5.999998925430822,0.002577731471631876
R75,10901.844923851339,-5.999998861186046,0.002653002561767528
R75,11220.184543019699,-5.999998793134528,0.0027304716049103657
R75,11547.819846894648,-5.999998721050702,0.002810202782220826
R75,11885.022274370254,-5.9999986446956415,0.0028922621489626717
R75,12232.071190499388,-5.999998563816268,0.0029767176892259804
R75,12589.254117941748,-5.999998478144493,0.0030636393722478436
R75,12956.866975170273,-5.999998387396337,0.0031530992103775413
R75,13335.21432163332,-5.999998291271021,0.003245171318734126
R75,13724.609610075704,-5.999998189449933,0.003339931976605799
R75,14125.37544622763,-5.99999808159557,0.003437459690641937
R75,14537.843856076708,-5.999997967350433,0.00353783525989015
R75,14962.356560944427,-5.999997846335841,0.003641141842732158
R75,15399.265260595015,-5.9999977181506985,0.003747465025773909
R75,15848.931924611234,-5.999997582370119,0.0038568928947470093
R75,16311.729092278485,-5.999997438544047,0.003969516107480142
R75,16788.040181225708,-5.99999728619574,0.004085427969000892
R75,17278.259805078742,-5.99999712482024,0.004204724508830211
R75,17782.79410038934,-5.999996953882649,0.004327504560533374
R75,18302.061063110676,-5.999996772816378,0.00445386984359339
R75,18836.490894898125,-5.999996581021265,0.004583925047674618
R75,19386.5263595222,-5.999996377861594,0.004717777919346323
R75,19952.623149688927,-5.9999961626639715,0.0048555393513378875
R75,20535.250264571598,-5.999995934715109,0.004997323474399674
R75,21134.89039836661,-5.999995693259436,0.005143247751845435
R75,21752.040340195374,-5.999995437496634,0.005293433076854615
R75,22387.21138568355,-5.999995166578966,0.0054480038726149645
R75,23040.929760558614,-5.999994879608437,0.005607088195388283
R75,23713.737056616716,-5.999994575633871,0.005770817840584765
R75,24406.19068041997,-5.999994253647701,0.005939328451933461
R75,25118.864315095976,-5.9999939125827035,0.006112759633839363
R75,25852.348395622088,-5.999993551308366,0.006291255067019727
R75,26607.250597988284,-5.999993168627229,0.006474962627515771
R75,27384.19634264381,-5.999992763270851,0.006664034509177558
R75,28183.829312644742,-5.999992333895667,0.006858627349723976
R75,29006.81198693175,-5.999991879078464,0.00705890236048135
R75,29853.826189179817,-5.999991397311719,0.007265025459908556
R75,30725.573652674695,-5.999990886998594,0.007477167411018624
R75,31622.77660168403,-5.999990346447598,0.007695503962810409
R75,32546.17834980483,-5.9999897738670525,0.007920215995827507
R75,33496.54391578302,-5.999989167359082,0.008151489671964152
R75,34474.6606573152,-5.999988524913398,0.008389516588642438
R75,35481.33892335782,-5.999987844400548,0.008634493937487489
R75,36517.41272548406,-5.99998712356495,0.008886624667632476
R75,37583.740428844714,-5.999986360017342,0.0091461176537873
R75,38681.20546330552,-5.999985551226897,0.009413187869210544
R75,39810.71705535004,-5.999984694512837,0.009688056563726864
R75,40973.210981354474,-5.999983787035545,0.00997095144693694
R75,42169.650342858564,-5.999982825787134,0.010262106876770916
R75,43401.02636447473,-5.999981807581502,0.01056176405354109
R75,44668.35921509667,-5.999980729043753,0.010870171219653401
R75,45972.69885308759,-5.999979586599053,0.011187583865142816
R75,47315.125896148435,-5.999978376460705,0.011514264939201302
R75,48696.75251658671,-5.9999770946176785,0.01185048506787323
R75,50118.723362727644,-5.9999757368212565,0.01219652277809695
R75,51582.216507230994,-5.999974298570995,0.012552664728277242
R75,53088.44442309928,-5.999972775099792,0.012919205945577987
R75,54638.65498818588,-5.999971161356728,0.013296450070127452
R75,56234.13251903538,-5.999969451995716,0.013684709606354876
R75,57876.19883491255,-5.99996764134973,0.0140843061816197
R75,59566.21435290155,-5.999965723417404,0.01449557081240581
R75,61305.579214982594,-5.999963691841737,0.01491884417825412
R75,63095.734448019866,-5.999961539889117,0.01535447690367693
R75,64938.16315762169,-5.9999592604269365,0.015802829848280898
R75,66834.39175686204,-5.999956845899982,0.016264274405337304
R75,68785.99123088135,-5.9999542883053785,0.016739192809043662
R75,70794.5784384144,-5.999951579166099,0.017227978450727967
R75,72861.81745132341,-5.9999487095028385,0.01773103620425412
R75,74989.42093324625,-5.999945669804257,0.018248782760894252
R75,77179.15155850194,-5.999942449995501,0.01878164697394167
R75,79432.82347242888,-5.999939039404778,0.019330070213344427
R75,81752.30379436575,-5.9999354267279745,0.01989450673064938
R75,84139.5141645203,-5.999931599991262,0.02047542403455332
R75,86596.43233600735,-5.999927546511352,0.02107330327736617
R75,89125.0938133754,-5.9999232528535,0.02168863965270052
R75,91727.59353897884,-5.999918704786985,0.022321942804709623
R75,94406.08762859325,-5.999913887224616,0.022973737249153168
R75,97162.79515771156,-5.999908784226106,0.023644562806943784
R75,100000.00000000097,-5.999903378865172,0.02433497504974704
R75,102920.05271944383,-5.999897653226877,0.02504554575902592
R75,105925.37251772993,-5.999891588334826,0.02577686339812866
R75,109018.44923851384,-5.999885164088425,0.026529533598107842
R75,112201.84543019746,-5.999878359196167,0.027304179657606426
R75,115478.19846894697,-5.999871151105161,0.02810144305721441
R75,118850.22274370304,-5.999863515926399,0.0289219839887047
R75,122320.71190499439,-5.999855428355585,0.029766481899570808
R75,125892.541179418,-5.999846861589338,0.030635636053300108
R75,129568.66975170327,-5.999837787236374,0.031530166105825895
R75,133352.1432163338,-5.99982817522349,0.032450812698616306
R75,137246.09610075763,-5.999817993695897,0.03339833806886551
R75,141253.7544622769,-5.999807208910395,0.03437352667726201
R75,145378.4385607677,-5.999795785128973,0.03537718585387179
R75,149623.56560944492,-5.999783684492353,0.036410146462524426
R75,153992.65260595083,-5.999770866900025,0.03747326358437575
R75,158489.31924611304,-5.99975728987604,0.03856741722105992
R75,163117.29092278559,-5.999742908419703,0.039693513017963325
R75,167880.40181225786,-5.9997276748912505,0.04085248300851934
R75,172782.59805078822,-5.99971153880203,0.04204528637922025
R75,177827.94100389423,-5.9996944466766955,0.043272910257049976
R75,183020.61063110761,-5.999676341888813,0.04453637051930395
R75,188364.90894898213,-5.9996571644413965,0.045836712626166204
R75,193865.26359522287,-5.999636850788266,0.04717501247737687
R75,199526.23149689016,-5.9996153336230424,0.048552377293105575
R75,205352.5026457169,-5.999592541651001,0.049969946519788574
R75,211348.90398366703,-5.999568399351821,0.05142889276166215
R75,217520.4034019547,-5.999542826741616,0.052930422738760696
R75,223872.11385683648,-5.999515739083619,0.054475778271633815
R75,230409.29760558717,-5.999487046647779,0.05606623729438704
R75,237137.37056616822,-5.999456654372544,0.05770311489545242
R75,244061.90680420081,-5.999424461567756,0.059387764388081424
R75,251188.64315096088,-5.999390361592235,0.061121578410735636
R75,258523.48395622204,-5.999354241469763,0.06290599005774326
R75,266072.505979884,-5.999315981570141,0.06474247404231002
R75,273841.96342643927,-5.9992754551489655,0.06663254789051867
R75,281838.29312644864,-5.9992325279666225,0.06857777316943447
R75,290068.11986931873,-5.9991870578485855,0.07057975674870189
R75,298538.26189179946,-5.999138894182832,0.07264015209632844
R75,307255.7365267483,-5.999087877474214,0.07476066061092546
R75,316227.7660168417,-5.999033838756193,0.076943032988838
R75,325461.7834980498,-5.998976599083366,0.07918907062973837
R75,334965.4391578317,-5.998915968917199,0.08150062707922028
R75,344746.6065731536,-5.998851747493585,0.08387960951031904
R75,354813.3892335798,-5.998783722170763,0.08632798024483418
R75,365174.1272548422,-5.998711667750969,0.08884775831526445
R75,375837.4042884488,-5.998635345675409,0.09144102106667612
R75,386812.054633057,-5.998554503316787,0.09410990580269507
R75,398107.1705535022,-5.998468873062247,0.09685661147182541
R75,409732.10981354665,-5.998378171505956,0.0996834003998279
R75,421696.5034285876,-5.9982820984698595,0.10259260006456812
R75,434010.26364474936,-5.998180336040174,0.10558660491709862
R75,446683.59215096885,-5.998072547489181,0.10866787824757598
R75,459726.9885308781,-5.997958376195575,0.11183895409870727
R75,473151.2589614866,-5.997837444461037,0.1151024392256477
R75,486967.5251658694,-5.997709352278092,0.1184610151039858
R75,501187.23362727877,-5.9975736759931495,0.12191743998535089
R75,515822.16507231235,-5.997429966935867,0.12547455100260388
R75,530884.4442309953,-5.997277749927047,0.12913526632336328
R75,546386.5498818613,-5.997116521733072,0.1329025873536794
R75,562341.3251903565,-5.996945749425826,0.13677960099139946
R75,578761.9883491283,-5.996764868597026,0.14076948192825509
R75,595662.1435290184,-5.9965732815471835,0.14487549500357547
R75,613055.7921498289,-5.996370355311589,0.14910099760655116
R75,630957.3444802017,-5.99615541959166,0.15344944212848807
R75,649381.63157622,-5.995927764578587,0.15792437846458718
R75,668343.9175686237,-5.995686638597757,0.16252945656294873
R75,687859.9123088169,-5.995431245692545,0.16726842902335667
R75,707945.7843841475,-5.995160743028782,0.17214515374200853
R75,728618.1745132377,-5.994874238111727,0.17716359660077197
R75,749894.2093324661,-5.994570785932348,0.18232783420315601
R75,771791.5155850231,-5.994249385856227,0.18764205665007677
R75,794328.2347242925,-5.993908978397434,0.19311057035776577
R75,817523.0379436614,-5.9935484417784455,0.19873780091275584
R75,841395.141645207,-5.993166588300855,0.20452829596215943
R75,865964.3233600776,-5.992762160497413,0.2104867281353703
R75,891250.9381337581,-5.9923338270666315,0.2166178979938539
R75,917275.9353897927,-5.99188017862368,0.2229267370065349
R75,944060.8762859369,-5.9913997230908045,0.22941831053990752
R75,971627.9515771201,-5.990890880984621,0.23609782086745762
R75,1000000.0000000144,-5.990351980305762,0.24297061018185637
R75,1029200.527194443,-5.989781251182594,0.2500421636091723
R75,1059253.7251773044,-5.9891768202718225,0.25731811221855766
R75,1090184.4923851436,-5.988536704712342,0.2648042360108794
R75,1122018.4543019799,-5.987858805898554,0.2725064668888258
R75,1154781.984689475,-5.9871409027923015,0.28043089158667933
R75,1188502.2274370359,-5.986380644902356,0.2885837545543014
R75,1223207.1190499496,-5.985575544877269,0.29697146078092157
R75,1258925.4117941859,-5.984722970699467,0.30560057854484274
R75,1295686.6975170388,-5.98382013744275,0.3144778420724309
R75,1333521.432163344,-5.982864098529673,0.32361015408658156
R75,1372460.9610075825,-5.981851736645562,0.33300458823515
R75,1412537.5446227754,-5.9807797540282515,0.3426683913646311
R75,1453784.3856076836,-5.979644662310633,0.3526089856266493
R75,1496235.6560944559,-5.978442771792583,0.3628339703866303
R75,1539926.526059515,-5.977170180163247,0.3733511239095654
R75,1584893.1924611374,-5.975822760649836,0.38416840479291975
R75,1631172.909227863,-5.974396149520029,0.39529395311069687
R75,1678804.0181225857,-5.972885732922906,0.4067360912330037
R75,1727825.9805078898,-5.9712866331183525,0.4185033242870649
R75,1778279.41003895,-5.969593693974195,0.4306043402107562
R75,1830206.106311084,-5.967801465755576,0.4430480093555641
R75,1883649.0894898295,-5.965904189123642,0.4558433835842191
R75,1938652.6359522373,-5.963895778425169,0.4689996948162272
R75,1995262.3149689105,-5.9617698040976554,0.4825263529504541
R75,2053525.026457178,-5.959519474357222,0.496432943115439
R75,2113489.0398366796,-5.957137615919677,0.5107292221597788
R75,2175204.0340195564,-5.954616653869203,0.5254251143176998
R75,2238721.1385683743,-5.95194859075116,0.5405307059779507
R75,2304092.9760558815,-5.949124984515119,0.5560562394366194
R75,2371373.705661692,-5.946136925767439,0.5720121055819682
R75,2440619.0680420185,-5.942975013935086,0.5884088353753953
R75,2511886.4315096196,-5.939629332500158,0.6052570900344523
R75,2585234.8395622317,-5.936089423241053,0.6225676497952601
R75,2660725.059798852,-5.932344259639728,0.6403514011462279
R75,2738419.6342644054,-5.928382219139414,0.6586193223656449
R75,2818382.931264499,-5.9241910546435,0.6773824672605625
R75,2900681.1986932005,-5.91975786492193,0.6966519469167108
R75,2985382.618918008,-5.9150690643089945,0.7164389093381263
R75,3072557.365267497,-5.910110351391688,0.7367545167665543
R75,3162277.6601684312,-5.904866676955681,0.7576099205242904
R75,3254617.8349805125,-5.899322211275146,0.7790162331941942
R75,3349654.391578332,-5.893460310619278,0.8009844979097515
R75,3447466.065731551,-5.887263483316938,0.8235256545767469
R75,3548133.8923358135,-5.880713355346172,0.8466505027884297
R75,3651741.272548438,-5.873790635621985,0.8703696612107058
R75,3758374.042884505,-5.866475081218523,0.8946935232130647
R75,3868120.546330587,-5.85874546254641,0.9196322084777916
R75,3981071.70553504,-5.850579528959701,0.9451955103784682
R75,4097321.0981354844,-5.841953974694657,0.9713928388212555
R75,4216965.034285894,-5.832844405842799,0.9982331583612722
R75,4340102.636447512,-5.823225308268059,1.0257249212729265
R75,4466835.921509706,-5.813070017157973,1.0538759953769534
R75,4597269.885308799,-5.802350688359911,1.0826935863350724
R75,4731512.589614885,-5.791038272175729,1.112184154216072
R75,4869675.251658713,-5.779102489959401,1.1423533240846244
R75,5011872.336272808,-5.766511814085588,1.1732057904124664
R75,5158221.650723144,-5.753233452020052,1.2047452151606528
R75,5308844.442309974,-5.739233334995113,1.2369741193567785
R75,5463865.498818635,-5.724476112140588,1.269893768088134
R75,5623413.251903587,-5.708925150789776,1.3035040488412521
R75,5787619.883491306,-5.692542543867075,1.3378033432024348
R75,5956621.435290207,-5.6752891251787245,1.3727883919683066
R75,6130557.921498313,-5.657124493702847,1.4084541538440467
R75,6309573.444802041,-5.638007047778348,1.4447936579379992
R75,6493816.315762226,-5.617894030401015,1.481797850426623
R75,6683439.175686263,-5.596741586692602,1.5194554358355017
R75,6878599.123088196,-5.574504834684185,1.557752713519899
R75,7079457.843841503,-5.551137950798081,1.596673410135208
R75,7286181.745132405,-5.526594270936605,1.6361985089110849
R75,7498942.093324691,-5.500826408852228,1.6763060769363136
R75,7717915.155850261,-5.473786392543846,1.716971091589243
R75,7943282.347242957,-5.445425820240523,1.758165267702066
R75,8175230.379436647,-5.415696036900236,1.7998568870965879
R75,8413951.416452102,-5.384548332285408,1.8420106324204844
R75,8659643.23360081,-5.351934161575752,1.884587427457205
R75,8912509.381337617,-5.317805389215554,1.9275442862858245
R75,9172759.353897963,-5.282114556608894,1.9708341739441975
R75,9440608.762859406,-5.244815173889384,2.014405881427992
R75,9716279.51577124,-5.205862035940786,2.058203918166116
R75,10000000.000000184,-5.1652115621304056,2.102168425168256
R75,10292005.271944473,-5.1228221593478045,2.1462351124122145
R75,10592537.251773085,-5.078654607009128,2.1903352239810405
R75,10901844.923851479,-5.032672462511852,2.234395534667242
R75,11220184.543019842,-4.9848424850426465,2.278338381776074
R75,11547819.846894797,-4.935135075016298,2.3220817357995793
R75,11885022.274370406,-4.883524725872562,2.365539313539962
R75,12232071.190499544,-4.829990484417653,2.4086207371021118
R75,12589254.117941909,-4.774516415035061,2.4512317417651945
R75,12956866.97517044,-4.717092062842931,2.493274435528288
R75,13335214.321633492,-4.6577129098784855,2.5346476124194908
R75,13724609.61007588,-4.596380818077762,2.575247121154115
R75,14125375.446227811,-4.533104452355073,2.6149662900179482
R75,14537843.856076894,-4.467899676351765,2.6536964078209913
R75,14962356.560944619,-4.400789913549813,2.6913272600579674
R75,15399265.260595214,-4.331806465936911,2.7277477181856526
R75,15848931.924611438,-4.260988782421318,2.7628463788208624
R75,16311729.092278697,-4.188384669563105,2.7965122486385416
R75,16788040.181225926,-4.1140504372053295,2.828635469359069
R75,17278259.80507897,-4.03805097230447,2.859108076139422
R75,17782794.100389574,-3.960459734914004,2.8878247814826006
R75,18302061.063110918,-3.8813586712913457,2.914683775765234
R75,18836490.894898374,-3.800838040091347,2.939587534424804
R75,19386526.359522454,-3.7189961490620465,2.9624436211438065
R75,19952623.14968919,-3.6359390011151533,2.983165475753147
R75,20535250.264571868,-3.5517798501103304,3.0016731750804535
R75,21134890.398366887,-3.4666386686413944,3.017894155047173
R75,21752040.34019566,-3.38064153160646,3.031763882265422
R75,22387211.385683842,-3.293919921291873,3.043226463998237
R75,23040929.760558918,-3.206609961193335,3.052235185907633
R75,23713737.05661703,-3.118851587566555,3.0587529682008054
R75,24406190.680420294,-3.0307876689761284,3.062752731936765
R75,25118864.315096308,-2.942563085330883,3.0642176687706013
R75,25852348.39562243,-2.8543237789654174,3.0631414092407097
R75,26607250.597988635,-2.7662157908012426,3.059528086356847
R75,27384196.34264417,-2.678384295166355,3.053392293387369
R75,28183829.31264511,-2.590972646751192,3.044758936583648
R75,29006811.98693213,-2.5041214529479507,3.033662985598303
R75,29853826.189180207,-2.4179676842138838,3.0201491262296822
R75,30725573.652675096,-2.3326438341692994,3.0042713218215944
R75,31622776.601684444,-2.2482771400583177,2.9860922912950167
R75,32546178.34980526,-2.164988872678251,2.965682912921038
R75,33496543.915783457,-2.0828937035645496,2.9431215643181927
R75,34474660.65731565,-2.0020991552783376,2.9184934095767883
R75,35481338.92335828,-1.9227051391328567,2.8918896452149356
R75,36517412.72548453,-1.8448035828697826,2.863406716787854
R75,37583740.4288452,-1.7684781489948043,2.8331455177548395
R75,38681205.463306025,-1.6938040430271324,2.8012105821518194
R75,39810717.05535056,-1.6208479092388328,2.767709281785241
R75,40973210.98135501,-1.549667810240505,2.7327510381153313
R75,42169650.34285911,-1.4803132855071353,2.6964465579217345
R75,43401026.3644753,-1.412825482998728,2.6589071008508083
R75,44668359.21509726,-1.347237357275306,2.6202437858412737
R75,45972698.8530882,-1.2835739268819257,2.580566942121976
R75,47315125.89614906,-1.2218525834974199,2.5399855094392745
R75,48696752.516587354,-1.1620834450837565,2.4986064908261563
R75,50118723.362728305,-1.1042697453375983,2.456534460227915
R75,51582216.507231675,-1.0484082518393971,2.413871126102867
R75,53088444.42309998,-0.9944897056607704,2.3707149513260317
R75,54638654.988186605,-0.9424992754904598,2.327160828618079
R75,56234132.51903613,-0.8924170199149773,2.2832998101779065
R75,57876198.83491332,-0.8442183519853306,2.2392188894194653
R75,59566214.352902345,-0.7978745008079331,2.195000832207041
R75,61305579.21498341,-0.7533529655270979,2.1507240545944244
R75,63095734.44802071,-0.7106179576827416,2.1064625437346978
R75,64938163.15762256,-0.6696308285378015,2.0622858183840327
R75,66834391.75686294,-0.6303504785929709,2.018258925379121
R75,68785991.23088229,-0.5927337470400322,1.974442468305764
R75,70794578.43841536,-0.5567357794700919,1.930892664715686
R75,72861817.45132439,-0.5223103726158908,1.8876614282454112
R75,74989420.93324725,-0.4894102953566707,1.844796472145263
R75,77179151.55850297,-0.45798758560814357,1.8023414309004049
R75,79432823.47242993,-0.42799382306741407,1.760335996843087
R75,81752303.79436684,-0.3993803780621173,1.718816068792984
R75,84139514.1645214,-0.37209863702439777,1.677813910092755
R75,86596432.33600849,-0.3461002053021443,1.6373583135775531
R75,89125093.81337658,-0.3213370881884817,1.5974747712619204
R75,91727593.53898005,-0.2977618511875627,1.558185646816088
R75,94406087.6285945,-0.27532776061440245,1.5195103490275161
R75,97162795.15771285,-0.253988905711654,1.4814655047846708
R75,100000000.0000023,-0.2337003034951992,1.4440651302619814
F75S,1000.0,-6.000000000028347,0.0006615973072836242
F75S,1029.2005271944283,-5.999999995818866,0.0006809162969813556
F75S,1059.2537251772892,-5.999999991358813,0.0007007994113212132
F75S,1090.1844923851281,-5.999999986631543,0.0007212631230364688
F75S,1122.018454301964,-5.999999981624934,0.0007423243858722633
F75S,1154.781984689459,-5.999999976326269,0.0007640006486316253
F75S,1188.5022274370194,-5.999999970709776,0.0007863098696321009
F75S,1223.2071190499325,-5.999999964762959,0.0008092705315823295
F75S,1258.9254117941682,-5.999999958461975,0.0008329016568958924
F75S,1295.6866975170205,-5.999999951788235,0.0008572228234499768
F75S,1333.5214321633252,-5.999999944718294,0.0008822541808057435
F75S,1372.4609610075634,-5.999999937228282,0.0009080164669014953
F75S,1412.5375446227558,-5.999999929295846,0.0009345310252333859
F75S,1453.7843856076636,-5.9999999208948385,0.0009618198225383121
F75S,1496.2356560944354,-5.999999911992372,0.0009899054669930398
F75S,1539.926526059494,-5.999999902565241,0.0010188112269433128
F75S,1584.8931924611159,-5.999999892582399,0.001048561050182314
F75S,1631.1729092278408,-5.999999881999474,0.0010791795837912523
F75S,1678.804018122563,-5.999999870799338,0.0011106921945556766
F75S,1727.8259805078665,-5.999999858926005,0.0011431249899863415
F75S,1778.279410038926,-5.999999846356586,0.0011765048399428294
F75S,1830.2061063110596,-5.999999833042353,0.0012108593988992538
F75S,1883.6490894898043,-5.9999998189346435,0.0012462171288531655
F75S,1938.6526359522113,-5.999999803988754,0.0012826073229051105
F75S,1995.2623149688839,-5.999999788167953,0.00132006012952664
F75S,2053.5250264571505,-5.999999771396446,0.0013586065775419503
F75S,2113.4890398366515,-5.999999753643161,0.0013982786018263086
F75S,2175.2040340195276,-5.999999734833441,0.0014391090697716945
F75S,2238.721138568345,-5.999999714908467,0.001481131808510614
F75S,2304.092976055851,-5.999999693804662,0.0015243816329427915
F75S,2371.373705661661,-5.999999671445137,0.0015688943745792246
F75S,2440.6190680419863,-5.999999647762556,0.0016147069112248595
F75S,2511.8864315095866,-5.999999622680734,0.0016618571975326206
F75S,2585.2348395621975,-5.99999959610825,0.0017103842964484451
F75S,2660.725059798817,-5.999999567963497,0.0017603284115705188
F75S,2738.4196342643686,-5.999999538151153,0.0018117309204593857
F75S,2818.3829312644616,-5.999999506570042,0.0018646344089168264
F75S,2900.681198693162,-5.999999473120919,0.001919082706265532
F75S,2985.3826189179686,-5.999999437689883,0.001975120921662234
F75S,3072.557365267456,-5.999999400158332,0.0020327954814675885
F75S,3162.277660168389,-5.999999360398252,0.0020921541677091943
F75S,3254.617834980469,-5.999999318289183,0.0021532461576644355
F75S,3349.6543915782872,-5.999999273679294,0.0022161220646076795
F75S,3447.466065731505,-5.999999226428709,0.0022808339797345074
F75S,3548.133892335766,-5.999999176379976,0.0023474355153214753
F75S,3651.741272548389,-5.999999123367117,0.002415981849139987
F75S,3758.3740428844544,-5.999999067207563,0.0024865297701698605
F75S,3868.120546330535,-5.9999990077278005,0.002559137725641562
F75S,3981.0717055349864,-5.999998944716135,0.0026338658694652637
F75S,4097.32109813543,-5.999998877974564,0.0027107761120556233
F75S,4216.965034285838,-5.999998807275955,0.0027899321716291746
F75S,4340.102636447455,-5.9999987323863895,0.002871399626986967
F75S,4466.835921509648,-5.999998653065413,0.0029552459718425053
F75S,4597.2698853087395,-5.999998569041869,0.0030415406707412435
F75S,4731.512589614823,-5.999998480040222,0.003130355216601979
F75S,4869.67525165865,-5.99999838576303,0.0032217631899477367
F75S,5011.872336272742,-5.999998285897349,0.00331584031986078
F75S,5158.221650723077,-5.999998180123121,0.003412664546716487
F75S,5308.8444423099045,-5.999998068075273,0.0035123160867604297
F75S,5463.865498818564,-5.999997949385319,0.003614877498551155
F75S,5623.413251903514,-5.9999978236668605,0.003720433751356504
F75S,5787.61988349123,-5.999997690495832,0.0038290722955487567
F75S,5956.62143529013,-5.999997549441092,0.003940883135041196
F75S,6130.557921498234,-5.999997400021972,0.00405595890185983
F75S,6309.57344480196,-5.99999724175483,0.004174394932866773
F75S,6493.816315762142,-5.999997074102252,0.004296289348751951
F75S,6683.439175686176,-5.999996896520959,0.00442174313530126
F75S,6878.599123088107,-5.999996708414664,0.004550860227066466
F75S,7079.457843841412,-5.999996509161328,0.004683747593454407
F75S,7286.181745132311,-5.999996298108313,0.004820515327339297
F75S,7498.942093324594,-5.999996074537714,0.0049612767362726086
F75S,7717.915155850161,-5.999995837727798,0.005106148436321577
F75S,7943.282347242854,-5.999995586887733,0.005255250448692003
F75S,8175.23037943654,-5.999995321178612,0.0054087062991409925
F75S,8413.951416451991,-5.999995039726318,0.0055666431202934736
F75S,8659.643233600696,-5.999994741604413,0.005729191756957035
F75S,8912.5093813375,-5.999994425813482,0.005896486874512916
F75S,9172.759353897844,-5.999994091310379,0.006068667070449882
F75S,9440.608762859283,-5.999993736980548,0.006245874989177302
F75S,9716.279515771113,-5.999993361664885,0.006428257440165193
F75S,10000.000000000055,-5.999992964107782,0.006615965519568261
F75S,10292.00527194434,-5.999992542988619,0.00680915473536132
F75S,10592.537251772948,-5.999992096922742,0.007007985136139871
F75S,10901.844923851339,-5.99999162441973,0.007212621443701352
F75S,11220.184543019699,-5.999991123924865,0.007423233189453152
F75S,11547.819846894648,-5.999990593774076,0.007639994854845812
F75S,11885.022274370254,-5.999990032207657,0.00786308601587329
F75S,12232.071190499388,-5.999989437367547,0.008092691491797789
F75S,12589.254117941748,-5.999988807277999,0.00832900149822367
F75S,12956.866975170273,-5.999988139853247,0.008572211804621612
F75S,13335.21432163332,-5.999987432885874,0.008822523896459706
F75S,13724.609610075704,-5.999986684027935,0.00908014514206918
F75S,14125.37544622763,-5.999985890796237,0.009345288964362864
F75S,14537.843856076708,-5.999985050562723,0.009618175017571276
F75S,14962.356560944427,-5.999984160542015,0.009899029369136033
F75S,15399.265260595015,-5.9999832177832495,0.010188084686905307
F75S,15848.931924611234,-5.999982219163446,0.01048558043178728
F75S,16311.729092278485,-5.999981161375147,0.010791763056025683
F75S,16788.040181225708,-5.999980040903112,0.011106886207265796
F75S,17278.259805078742,-5.999978854048115,0.01143121093853251
F75S,17782.79410038934,-5.999977596861882,0.011765005924401783
F75S,18302.061063110676,-5.999976265184365,0.01210854768339007
F75S,18836.490894898125,-5.999974854601324,0.012462120806891535
F75S,19386.5263595222,-5.999973360433547,0.012826018194762054
F75S,19952.623149688927,-5.999971777735372,0.013200541297758727
F75S,20535.250264571598,-5.9999701012589,0.013586000367075768
F75S,21134.89039836661,-5.999968325441448,0.013982714711129053
F75S,21752.040340195374,-5.99996644440157,0.014391012959811683
F75S,22387.21138568355,-5.9999644519043915,0.014811233336476727
F75S,23040.929760558614,-5.999962341349263,0.015243723937818202
F75S,23713.737056616716,-5.999960105735699,0.015688843021924852
F75S,24406.19068041997,-5.999957737655596,0.0161469593046907
F75S,25118.864315095976,-5.999955229255624,0.01661845226488641
F75S,25852.348395622088,-5.999952572232202,0.017103712458070696
F75S,26607.250597988284,-5.999949757766636,0.01760314183970739
F75S,27384.19634264381,-5.99994677654513,0.018117154097576853
F75S,28183.829312644742,-5.999943618671711,0.018646174993990426
F75S,29006.81198693175,-5.999940273684345,0.019190642717821976
F75S,29853.826189179817,-5.999936730506335,0.019751008246854954
F75S,30725.573652674695,-5.999932977380843,0.020327735720687516
F75S,31622.77660168403,-5.999929001875023,0.020921302824370644
F75S,32546.17834980483,-5.999924790810043,0.021532201183295463
F75S,33496.54391578302,-5.99992033022775,0.022160936769492177
F75S,34474.6606573152,-5.999915605349352,0.02280803031973251
F75S,35481.33892335782,-5.999910600510843,0.023474017765800603
F75S,36517.41272548406,-5.999905299127463,0.024159450677195556
F75S,37583.740428844714,-5.9998996836280005,0.02486489671671781
F75S,38681.20546330552,-5.999893735396753,0.02559094010924625
F75S,39810.71705535004,-5.999887434726718,0.02633818212407119
F75S,40973.210981354474,-5.999880760727244,0.02710724157127606
F75S,42169.650342858564,-5.999873691293844,0.027898755312364482
F75S,43401.02636447473,-5.999866202978877,0.02871337878584888
F75S,44668.35921509667,-5.999858270975013,0.029551786547804805
F75S,45972.69885308759,-5.999849868996705,0.030414672828246024
F75S,47315.125896148435,-5.999840969191332,0.031302752103503265
F75S,48696.75251658671,-5.9998315420687005,0.03221675968507211
F75S,50118.723362727644,-5.9998215563840915,0.03315745232553828
F75S,51582.216507230994,-5.999810979048153,0.034125608841896055
F75S,53088.44442309928,-5.999799775003384,0.03512203075688494
F75S,54638.65498818588,-5.99978790711857,0.03614754295872513
F75S,56234.13251903538,-5.999775336074608,0.03720299437982516
F75S,57876.19883491255,-5.999762020200643,0.03828925869510166
F75S,59566.21435290155,-5.999747915371925,0.039407235040156384
F75S,61305.579214982594,-5.999732974852848,0.04055784875016664
F75S,63095.734448019866,-5.999717149133282,0.0417420521199349
F75S,64938.16315762169,-5.999700385767403,0.04296082518564832
F75S,66834.39175686204,-5.999682629204607,0.044215176528965276
F75S,68785.99123088135,-5.999663820621295,0.04550614410400548
F75S,70794.5784384144,-5.999643897675105,0.04683479608812273
F75S,72861.81745132341,-5.999622794364229,0.04820223175649719
F75S,74989.42093324625,-5.999600440762836,0.049609582381940756
F75S,77179.15155850194,-5.999576762800344,0.05105801216003128
F75S,79432.82347242888,-5.99955168202948,0.0525487191604181
F75S,81752.30379436575,-5.999525115349249,0.05408293630511778
F75S,84139.5141645203,-5.999496974753333,0.055661932374238575
F75S,86596.43233600735,-5.9994671669992385,0.05728701304024889
F75S,89125.0938133754,-5.999435593335882,0.058959521930978954
F75S,91727.59353897884,-5.999402149165075,0.06068084172257791
F75S,94406.08762859325,-5.999366723698807,0.06245239526293717
F75S,97162.79515771156,-5.999329199591393,0.06427564672642469
F75S,100000.00000000097,-5.999289452522733,0.06615210280082126
F75S,102920.05271944383,-5.999247350866294,0.06808331390660399
F75S,105925.37251772993,-5.999202755155481,0.07007087545072432
F75S,109018.44923851384,-5.999155517687189,0.07211642911407504
F75S,112201.84543019746,-5.999105482011805,0.0742216641746449
F75S,115478.19846894697,-5.99905248241722,0.07638831886666046
F75S,118850.22274370304,-5.99899634339525,0.0786181817765767
F75S,122320.71190499439,-5.998936879049138,0.08091309327696128
F75S,125892.541179418,-5.998873892463468,0.08327494699899401
F75S,129568.66975170327,-5.998807175093573,0.08570569134405126
F75S,133352.1432163338,-5.998736506041807,0.08820733103596937
F75S,137246.09610075763,-5.998661651356725,0.09078192871399597
F75S,141253.7544622769,-5.998582363233476,0.09343160656797116
F75S,145378.4385607677,-5.99849837921856,0.09615854801588347
F75S,149623.56560944492,-5.99840942132518,0.09896499942517988
F75S,153992.65260595083,-5.9983151951560805,0.10185327187792269
F75S,158489.31924611304,-5.998215388873293,0.10482574298166707
F75S,163117.29092278559,-5.998109672211983,0.1078848587253591
F75S,167880.40181225786,-5.997997695403074,0.1110331353818646
F75S,172782.59805078822,-5.997879087991775,0.11427316145791039
F75S,177827.94100389423,-5.997753457623549,0.11760759969147688
F75S,183020.61063110761,-5.997620388780758,0.12103918909726673
F75S,188364.90894898213,-5.997479441367503,0.12457074706160216
F75S,193865.26359522287,-5.997330149332905,0.12820517148552762
F75S,199526.23149689016,-5.997172019070884,0.13194544297872368
F75S,205352.5026457169,-5.997004527850516,0.13579462710223328
F75S,211348.90398366703,-5.996827122081133,0.1397558766618885
F75S,217520.4034019547,-5.996639215501885,0.14383243405166152
F75S,223872.11385683648,-5.99644018724155,0.14802763364738095
F75S,230409.29760558717,-5.9962293798411235,0.15234490424959019
F75S,237137.37056616822,-5.996006097040398,0.15678777157725876
F75S,244061.90680420081,-5.995769601547917,0.16135986080946152
F75S,251188.64315096088,-5.995519112601164,0.16606489917634867
F75S,258523.48395622204,-5.995253803459896,0.1709067185968351
F75S,266072.505979884,-5.994972798693771,0.1758892583633911
F75S,273841.96342643927,-5.994675171287128,0.1810165678722943
F75S,281838.29312644864,-5.994359939695389,0.18629280939584764
F75S,290068.11986931873,-5.994026064649518,0.19172226089698705
F75S,298538.26189179946,-5.993672445720999,0.1973093188838748
F75S,307255.7365267483,-5.99329791782241,0.20305850129924063
F75S,316227.7660168417,-5.992901247420841,0.20897445044422824
F75S,325461.7834980498,-5.9924811285208595,0.21506193593238004
F75S,334965.4391578317,-5.9920361785111345,0.2213258576680821
F75S,344746.6065731536,-5.991564933671014,0.2277712488477498
F75S,354813.3892335798,-5.991065844452982,0.2344032789766995
F75S,365174.1272548422,-5.99053727056396,0.24122725689515484
F75S,375837.4042884488,-5.98997747564982,0.24824863380984294
F75S,386812.054633057,-5.989384621807952,0.2554730063198416
F75S,398107.1705535022,-5.988756763682442,0.2629061194323843
F75S,409732.10981354665,-5.988091842267508,0.27055386955712524
F75S,421696.5034285876,-5.987387678447531,0.278422307467675
F75S,434010.26364474936,-5.986641965991625,0.28651764122427015
F75S,446683.59215096885,-5.985852264364374,0.294846239037786
F75S,459726.9885308781,-5.9850159910144365,0.30341463206746755
F75S,473151.2589614866,-5.984130413234313,0.312229517135112
F75S,486967.5251658694,-5.983192639704919,0.32129775933590415
F75S,501187.23362727877,-5.982199611413781,0.3306263945337262
F75S,515822.16507231235,-5.981148092179592,0.3402226317151915
F75S,530884.4442309953,-5.980034658660063,0.3500938551822196
F75S,546386.5498818613,-5.978855689829041,0.3602476265585176
F75S,562341.3251903565,-5.977607355834108,0.3706916865848957
F75S,578761.9883491283,-5.9762856063711425,0.3814339566701122
F75S,595662.1435290184,-5.974886158385921,0.3924825401693347
F75S,613055.7921498289,-5.973404483110546,0.4038457233546492
F75S,630957.3444802017,-5.97183579253829,0.4155319760359521
F75S,649381.63157622,-5.970175025145258,0.42754995179514
F75S,668343.9175686237,-5.968416830860598,0.43990848778793284
F75S,687859.9123088169,-5.96655555540317,0.45261660405992277
F75S,707945.7843841475,-5.964585223707095,0.46568350233104305
F75S,728618.1745132377,-5.962499522706049,0.4791185641816577
F75S,749894.2093324661,-5.9602917831478655,0.49293134858702886
F75S,771791.5155850231,-5.957954960698255,0.5071315887233189
F75S,794328.2347242925,-5.9554816160429045,0.5217291879805639
F75S,817523.0379436614,-5.952863894191408,0.5367342150959739
F75S,841395.141645207,-5.9500935028686985,0.5521568983251095
F75S,865964.3233600776,-5.94716168984672,0.5680076185638847
F75S,891250.9381337581,-5.944059219539506,0.584296901309987
F75S,917275.9353897927,-5.940776348429647,0.6010354073729294
F75S,944060.8762859369,-5.937302799666451,0.6182339222057696
F75S,971627.9515771201,-5.9336277366487975,0.6359033437432059
F75S,1000000.0000000144,-5.929739735633608,0.6540546686141465
F75S,1029200.527194443,-5.925626757434605,0.67269897658701
F75S,1059253.7251773044,-5.921276118122254,0.691847413103731
F75S,1090184.4923851436,-5.9166744587924365,0.711511169743143
F75S,1122018.4543019799,-5.911807714631185,0.7317014624374824
F75S,1154781.984689475,-5.906661082920552,0.7524295072828611
F75S,1188502.2274370359,-5.901218990444061,0.7737064937388927
F75S,1223207.1190499496,-5.895465060133753,0.7955435550310841
F75S,1258925.4117941859,-5.889382077137199,0.8179517355455482
F75S,1295686.6975170388,-5.882951954386927,0.8409419550014232
F75S,1333521.432163344,-5.876155697843295,0.8645249691740293
F75S,1372460.9610075825,-5.868973371464617,0.8887113269406615
F75S,1412537.5446227754,-5.861384062287797,0.9135113233976718
F75S,1453784.3856076836,-5.8533658455065325,0.9389349488184522
F75S,1496235.6560944559,-5.844895750162973,0.9649918331803289
F75S,1539926.526059515,-5.835949725336386,0.9916911860258145
F75S,1584893.1924611374,-5.826502607500493,1.0190417313822853
F75S,1631172.909227863,-5.816528089161502,1.0470516374979475
F75S,1678804.0181225857,-5.8059986891036655,1.0757284411479602
F75S,1727825.9805078898,-5.794885725049877,1.1050789662476626
F75S,1778279.41003895,-5.783159288697438,1.1351092365734012
F75S,1830206.106311084,-5.770788224138126,1.1658243823520091
F75S,1883649.0894898295,-5.75774010991816,1.1972285405492817
F75S,1938652.6359522373,-5.743981245566189,1.2293247486875065
F75S,1995262.3149689105,-5.729476643264568,1.2621148320709832
F75S,2053525.026457178,-5.714190025285185,1.2955992843500126
F75S,2113489.0398366796,-5.698083828268471,1.32977714138431
F75S,2175204.0340195564,-5.6811192150399545,1.364645848456703
F75S,2238721.1385683743,-5.6632560949846775,1.400201120947036
F75S,2304092.9760558815,-5.6444531539347444,1.436436798669655
F75S,2371373.705661692,-5.624667894801366,1.4733446941644344
F75S,2440619.0680420185,-5.603856689840006,1.5109144353663546
F75S,2511886.4315096196,-5.581974845988272,1.5491333031767045
F75S,2585234.8395622317,-5.558976684138719,1.587986064634661
F75S,2660725.059798852,-5.534815633885589,1.6274548025081774
F75S,2738419.6342644054,-5.509444344885339,1.6675187423180926
F75S,2818382.931264499,-5.482814815965938,1.7081540779945183
F75S,2900681.1986932005,-5.454878543307972,1.7493337975541308
F75S,2985382.618918008,-5.425586688869391,1.791027510406416
F75S,3072557.365267497,-5.394890270015171,1.8332012781266673
F75S,3162277.6601684312,-5.362740371405472,1.8758174507572298
F75S,3254617.8349805125,-5.32908838004018,1.918834510939213
F75S,3349654.391578332,-5.293886243940807,1.9622069284248371
F75S,3447466.065731551,-5.257086755073473,2.0058850277449443
F75S,3548133.8923358135,-5.218643856523178,2.049814872044038
F75S,3651741.272548438,-5.178512973897194,2.0939381662984626
F75S,3758374.042884505,-5.136651370334453,2.138192183326521
F75S,3868120.546330587,-5.0930185241578325,2.1825097161499745
F75S,3981071.70553504,-5.047576528018864,2.2268190603799316
F75S,4097321.0981354844,-5.000290507338528,2.2710440303642923
F75S,4216965.034285894,-4.951129055679045,2.3151040128257265
F75S,4340102.636447512,-4.900064684247491,2.358914061653014
F75S,4466835.921509706,-4.8470742815071866,2.4023850373390028
F75S,4597269.885308799,-4.792139578909627,2.445423794314961
F75S,4731512.589614885,-4.735247617832793,2.48793341907742
F75S,4869675.251658713,-4.67639121206321,2.529813521529703
F75S,5011872.336272808,-4.615569399858158,2.570960581394202
F75S,5158221.650723144,-4.55278787890765,2.611268350851288
F75S,5308844.442309974,-4.488059417223069,2.650628313766415
F75S,5463865.498818635,-4.421404232221384,2.6889302009150926
F75S,5623413.251903587,-4.352850330803678,2.7260625596755568
F75S,5787619.883491306,-4.282433802009679,2.761913375449441
F75S,5956621.435290207,-4.210199055181581,2.796370741050666
F75S,6130557.921498313,-4.136198995561873,2.829323568958705
F75S,6309573.444802041,-4.060495130774257,2.860662340265514
F75S,6493816.315762226,-3.9831576013797725,2.8902798828374436
F75S,6683439.175686263,-3.904265130362609,2.918072170225554
F75S,6878599.123088196,-3.823904886586372,2.9439391316840613
F75S,7079457.843841503,-3.742172259335867,2.9677854629303004
F75S,7286181.745132405,-3.6591705421175535,2.989521426530366
F75S,7498942.093324691,-3.5750105251054145,3.009063630208468
F75S,7717915.155850261,-3.4898099980601325,3.0263357713274983
F75S,7943282.347242957,-3.403693166690031,3.041269335680383
F75S,8175230.379436647,-3.3167899872036664,3.05380423902739
F75S,8413951.416452102,-3.2292354260616074,3.063889400595365
F75S,8659643.23360081,-3.141168652870744,3.071483238432161
F75S,8912509.381337617,-3.05273217644316,3.0765540778682157
F75S,9172759.353897963,-2.964070934808622,3.07908046555852
F75S,9440608.762859406,-2.875331351757079,3.0790513834937103
F75S,9716279.51577124,-2.7866603724547927,3.076466358839174
F75S,10000000.000000184,-2.69820449183236,3.0713354676460574
F75S,10292005.271944473,-2.6101087893101482,3.0636792323401156
F75S,10592537.251773085,-2.5225159833682884,3.053528414920862
F75S,10901844.923851479,-2.435565518818076,3.040923709630788
F75S,11220184.543019842,-2.349392699238831,3.0259153408797426
F75S,11547819.846894797,-2.264127875603364,3.008562573654294
F75S,11885022.274370406,-2.1798957008522355,2.9889331450655536
F75S,12232071.190499544,-2.096814459142001,2.967102627179071
F75S,12589254.117941909,-2.014995476217485,2.9431537317797614
F75S,12956866.97517044,-1.9345426160395358,2.9171755685967
F75S,13335214.321633492,-1.8555518670510285,2.8892628688812763
F75S,13724609.61007588,-1.7781110193911158,2.859515186024743
F75S,14125375.446227811,-1.702299433212512,2.8280360850942197
F75S,14537843.856076894,-1.62818789609707,2.7949323322307675
F75S,14962356.560944619,-1.5558385665100365,2.760313094455619
F75S,15399265.260595214,-1.4853049990615181,2.724289159684184
F75S,15848931.924611438,-1.416632245780986,2.6869721852663995
F75S,16311729.092278697,-1.349857027320914,2.648473982802012
F75S,16788040.181225926,-1.2850079669059493,2.6089058453746903
F75S,17278259.80507897,-1.222105879730774,2.568377922495329
F75S,17782794.100389574,-1.161164109918678,2.5269986464794894
F75S,18302061.063110918,-1.1021889074154627,2.4848742132017074
F75S,18836490.894898374,-1.0451798369781957,2.4421081187107117
F75S,19386526.359522454,-0.9901302119423839,2.3988007525315966
F75S,19952623.14968919,-0.937027545442572,2.3550490470749628
F75S,20535250.264571868,-0.885854012704999,2.310946182434845
F75S,21134890.398366887,-0.8365869180321363,2.266581344423873
F75S,21752040.34019566,-0.7891991610373728,2.222039533598355
F75S,22387211.385683842,-0.7436596972325872,2.1774014224883214
F75S,23040929.760558918,-0.6999339885637814,2.132743257654353
F75S,23713737.05661703,-0.6579844402573427,2.0881368031544514
F75S,24406190.680420294,-0.6177708209329227,2.043649321830336
F75S,25118864.315096308,-0.5792506634350306,1.999343590566927
F75S,25852348.39562243,-0.5423796445123547,1.9552779459161413
F75S,26607250.597988635,-0.5071119418510822,1.911506356264121
F75S,27384196.34264417,-0.4734005675705084,1.868078517123685
F75S,28183829.31264511,-0.44119767758855943,1.8250399660381518
F75S,29006811.98693213,-0.4104548566788355,1.7824322138565352
F75S,29853826.189180207,-0.381123379387132,1.7402928894334142
F75S,30725573.652675096,-0.35315444720158196,1.6986558949260984
F75S,31622776.601684444,-0.32649940258058513,1.6575515690237115
F75S,32546178.34980526,-0.3011099207401235,1.617006856045267
F75S,33496543.915783457,-0.2769381800644076,1.5770454785057428
F75S,34474660.65731565,-0.2539370122968879,1.5376881115635053
F75S,35481338.92335828,-0.2320600336263839,1.4989525576012224
F75S,36517412.72548453,-0.21126175788388382,1.4608539195630343
F75S,37583740.4288452,-0.19149769307603387,1.4234047718021938
F75S,38681205.463306025,-0.17272442252190656,1.3866153275525872
F75S,39810717.05535056,-0.15489967178409994,1.3504936019876865
F75S,40973210.98135501,-0.13798236263513547,1.315045570360627
F75S,42169650.34285911,-0.12193265520120869,1.2802753205229094
F75S,43401026.3644753,-0.10671197943237151,1.2461851995669098
F75S,44668359.21509726,-0.09228305695004688,1.2127759541435867
F75S,45972698.8530882,-0.0786099143011001,1.1800468643562962
F75S,47315125.89614906,-0.06565788856508611,1.1479958710369318
F75S,48696752.516587354,-0.05339362621483686,1.1166196964571342
F75S,50118723.362728305,-0.04178507605265313,1.0859139584017852
F75S,51582216.507231675,-0.0308014769943286,1.0558732777591304
F75S,53088444.42309998,-0.020413341403881395,1.0264913797083284
F75S,54638654.988186605,-0.010592434625543027,0.9977611886876093
F75S,56234132.51903613,-0.0013117512990088037,0.9696749173576467
F75S,57876198.83491332,0.007454511009226968,0.9422241497216419
F75S,59566214.352902345,0.01573098037927017,0.915399918682859
F75S,61305579.21498341,0.023541140887370422,0.8891927782813156
F75S,63095734.44802071,0.03090736434670393,0.8635928708406101
F75S,64938163.15762256,0.03785094310068041,0.8385899893061417
F75S,66834391.75686294,0.044392123574410206,0.8141736350652449
F75S,68785991.23088229,0.05055014031343144,0.7903330714301475
F75S,70794578.43841536,0.056343250294216565,0.7670573731353214
F75S,72861817.45132439,0.06178876730923409,0.7443354720631146
F75S,74989420.93324725,0.06690309624735322,0.7221561993773921
F75S,77179151.55850297,0.07170176716171173,0.7005083244661376
F75S,79432823.47242993,0.07619946898074023,0.6793805907532302
F75S,81752303.79436684,0.08041008278283313,0.6587617486749276
F75S,84139514.1645214,0.08434671457364723,0.6386405860621451
F75S,86596432.33600849,0.08802172749523032,0.6190059560518729
F75S,89125093.81337658,0.09144677343657151,0.5998468027456134
F75S,91727593.53898005,0.09463282403803051,0.5811521848296309
F75S,94406087.6285945,0.09759020105180902,0.5629112972245824
F75S,97162795.15771285,0.10032860608930383,0.5451134910029984
F75S,100000000.0000023,0.10285714975745365,0.5277482916707126
F75L,1000.0,-6.00087149215358,0.0006817930096592567
F75L,1029.2005271944283,-6.0008714876862115,0.0007017017244691247
F75L,1059.2537251772892,-6.000871482947313,0.0007221917842016017
F75L,1090.1844923851281,-6.000871477927069,0.0007432801644304656
F75L,1122.018454301964,-6.000871472610054,0.0007649843364250608
F75L,1154.781984689459,-6.0008714669821694,0.0007873222816244615
F75L,1188.5022274370194,-6.00087146101577,0.0008103125065355183
F75L,1223.2071190499325,-6.000871454698329,0.0008339740580634094
F75L,1258.9254117941682,-6.000871448005449,0.0008583265392931021
F75L,1295.6866975170205,-6.000871440914914,0.0008833901257291898
F75L,1333.5214321633252,-6.000871433408727,0.0009091855820106468
F75L,1372.4609610075634,-6.000871425450802,0.0009357342791152776
F75L,1412.5375446227558,-6.000871417032507,0.0009630582120619923
F75L,1453.7843856076636,-6.000871408101892,0.0009911800181379492
F75L,1496.2356560944354,-6.000871398650318,0.0010201229956469406
F75L,1539.926526059494,-6.000871388636794,0.0010499111232167599
F75L,1584.8931924611159,-6.000871378028529,0.0010805690796619873
F75L,1631.1729092278408,-6.000871366792982,0.00111212226443027
F75L,1678.804018122563,-6.0008713548947625,0.001144596818645315
F75L,1727.8259805078665,-6.000871342285186,0.0011780196467649896
F75L,1778.279410038926,-6.0008713289329805,0.001212418438868359
F75L,1830.2061063110596,-6.000871314787112,0.0012478216935992606
F75L,1883.6490894898043,-6.000871299807388,0.001284258741773978
F75L,1938.6526359522113,-6.00087128393689,0.0013217597706834665
F75L,1995.2623149688839,-6.00087126713004,0.0013603558491000235
F75L,2053.5250264571505,-6.000871249320053,0.0014000789530199764
F75L,2113.4890398366515,-6.000871230456609,0.0014409619921511307
F75L,2175.2040340195276,-6.0008712104731465,0.0014830388371806808
F75L,2238.721138568345,-6.000871189312282,0.0015263443478333854
F75L,2304.092976055851,-6.000871166897847,0.0015709144017547196
F75L,2371.373705661661,-6.000871143148013,0.001616785924233038
F75L,2440.6190680419863,-6.000871117998011,0.001663996918788199
F75L,2511.8864315095866,-6.000871091352586,0.001712586498661778
F75L,2585.2348395621975,-6.000871063132726,0.0017625949192154365
F75L,2660.725059798817,-6.0008710332375985,0.0018140636112857532
F75L,2738.4196342643686,-6.000871001574161,0.0018670352155043984
F75L,2818.3829312644616,-6.000870968026111,0.0019215536176284101
F75L,2900.681198693162,-6.0008709325002325,0.001977663984891533
F75L,2985.3826189179686,-6.000870894863638,0.002035412803432192
F75L,3072.557365267456,-6.000870855001963,0.002094847916797188
F75L,3162.277660168389,-6.000870812775698,0.0021560185655843944
F75L,3254.617834980469,-6.000870768044185,0.002218975428233024
F75L,3349.6543915782872,-6.00087072066283,0.002283770663008746
F75L,3447.466065731505,-6.0008706704825885,0.002350457951214473
F75L,3548.133892335766,-6.000870617322553,0.0024190925416674976
F75L,3651.741272548389,-6.000870561005453,0.0024897312964646014
F75L,3758.3740428844544,-6.0008705013613515,0.0025624327380884193
F75L,3868.120546330535,-6.000870438182767,0.002637257097898456
F75L,3981.0717055349864,-6.000870371257049,0.0027142663660238275
F75L,4097.32109813543,-6.000870300362216,0.002793524342719355
F75L,4216.965034285838,-6.000870225272173,0.0028750966912191945
F75L,4340.102636447455,-6.000870145732687,0.0029590509921398455
F75L,4466.835921509648,-6.000870061483047,0.0030454567994621304
F75L,4597.2698853087395,-6.00086997223141,0.0031343856981575556
F75L,4731.512589614823,-6.000869877695271,0.003225911363482692
F75L,4869.67525165865,-6.000869777561618,0.0033201096220227665
F75L,5011.872336272742,-6.00086967149282,0.0034170585145074693
F75L,5158.221650723077,-6.000869559136914,0.0035168383604593867
F75L,5308.8444423099045,-6.000869440127893,0.0036195318247321633
F75L,5463.865498818564,-6.000869314066145,0.0037252239859965884
F75L,5623.413251903514,-6.000869180532364,0.003834002407217534
F75L,5787.61988349123,-6.000869039086493,0.003945957208192239
F75L,5956.62143529013,-6.0008688892612945,0.004061181140207816
F75L,6130.557921498234,-6.000868730555441,0.0041797696628788315
F75L,6309.57344480196,-6.000868562450199,0.004301821023220818
F75L,6493.816315762142,-6.000868384377163,0.004427436337047301
F75L,6683.439175686176,-6.000868195760409,0.004556719672719745
F75L,6878.599123088107,-6.000867995963544,0.00468977813737287
F75L,7079.457843841412,-6.00086778432563,0.004826721965628251
F75L,7286.181745132311,-6.000867560150439,0.0049676646109127615
F75L,7498.942093324594,-6.000867322689991,0.005112722839445237
F75L,7717.915155850161,-6.000867071166054,0.005262016826952976
F75L,7943.282347242854,-6.000866804730236,0.005415670258234216
F75L,8175.23037943654,-6.000866522507855,0.0055738104295951834
F75L,8413.951416451991,-6.000866223568245,0.005736568354304976
F75L,8659.643233600696,-6.000865906913299,0.00590407887112251
F75L,8912.5093813375,-6.0008655714916355,0.0060764807559800784
F75L,9172.759353897844,-6.000865216199429,0.00625391683693192
F75L,9440.608762859283,-6.000864839848536,0.0064365341124724956
F75L,9716.279515771113,-6.000864441201102,0.006624483873277945
F75L,10000.000000000055,-6.000864018937424,0.006817921827530921
F75L,10292.00527194434,-6.000863571646477,0.007017008229893359
F75L,10592.537251772948,-6.0008630978561825,0.007221908014222456
F75L,10901.844923851339,-6.000862595991619,0.0074327909301958655
F75L,11220.184543019699,-6.000862064387347,0.007649831683896547
F75L,11547.819846894648,-6.000861501283197,0.007873210082507761
F75L,11885.022274370254,-6.000860904820671,0.008103111183229567
F75L,12232.071190499388,-6.000860273005603,0.008339725446560586
F75L,12589.254117941748,-6.000859603755961,0.008583248894001262
F75L,12956.866975170273,-6.000858894852743,0.008833883270415474
F75L,13335.21432163332,-6.000858143941727,0.009091836211098821
F75L,13724.609610075704,-6.00085734854471,0.009357321413713034
F75L,14125.37544622763,-6.00085650600741,0.00963055881527822
F75L,14537.843856076708,-6.000855613551023,0.009911774774256966
F75L,14962.356560944427,-6.000854668216412,0.010201202258022454
F75L,15399.265260595015,-6.000853666860893,0.010499081035758567
F75L,15848.931924611234,-6.0008526061803575,0.010805657876964244
F75L,16311.729092278485,-6.000851482647981,0.011121186755810076
F75L,16788.040181225708,-6.000850292543307,0.011445929061383397
F75L,17278.259805078742,-6.000849031914292,0.011780153814115495
F75L,17782.79410038934,-6.00084769659306,0.012124137888473423
F75L,18302.061063110676,-6.000846282151251,0.0124781662421941
F75L,18836.490894898125,-6.00084478389893,0.01284253215216241
F75L,19386.5263595222,-6.000843196866118,0.013217537457178059
F75L,19952.623149688927,-6.000841515798189,0.013603492807782652
F75L,20535.250264571598,-6.0008397351284035,0.014000717923387009
F75L,21134.89039836661,-6.00083784893943,0.014409541856901322
F75L,21752.040340195374,-6.000835851000609,0.014830303266994143
F75L,22387.21138568355,-6.000833734657772,0.01526335069843514
F75L,23040.929760558614,-6.000831492936106,0.01570904287037067
F75L,23713.737056616716,-6.000829118375989,0.016167748973285958
F75L,24406.19068041997,-6.0008266031149065,0.01663984897433557
F75L,25118.864315095976,-6.000823938820105,0.01712573393172746
F75L,25852.348395622088,-6.00082111666039,0.017625806318211056
F75L,26607.250597988284,-6.000818127272922,0.01814048035398131
F75L,27384.19634264381,-6.00081496076564,0.018670182349217145
F75L,28183.829312644742,-6.000811606626253,0.019215351056702877
F75L,29006.81198693175,-6.0008080537503945,0.019776438034539705
F75L,29853.826189179817,-6.000804290358026,0.02035390801954995
F75L,30725.573652674695,-6.000800303971882,0.020948239311444357
F75L,31622.77660168403,-6.000796081391636,0.021559924168149246
F75L,32546.17834980483,-6.000791608602606,0.02218946921271356
F75L,33496.54391578302,-6.000786870799583,0.022837395851844865
F75L,34474.6606573152,-6.000781852263444,0.023504240706823477
F75L,35481.33892335782,-6.000776536372813,0.02419055605669329
F75L,36517.41272548406,-6.000770905510148,0.024896910294476465
F75L,37583.740428844714,-6.000764941008682,0.025623888396540905
F75L,38681.20546330552,-6.000758623102925,0.026372092405554
F75L,39810.71705535004,-6.000751930842624,0.027142141927486492
F75L,40973.210981354474,-6.0007448420634155,0.027934674642887243
F75L,42169.650342858564,-6.0007373332602025,0.028750346833135022
F75L,43401.02636447473,-6.0007293795603704,0.029589833921700826
F75L,44668.35921509667,-6.000720954594362,0.030453831031255714
F75L,45972.69885308759,-6.000712030436262,0.03134305355671464
F75L,47315.125896148435,-6.000702577523166,0.03225823775485028
F75L,48696.75251658671,-6.000692564517552,0.033200141351036404
F75L,50118.723362727644,-6.0006819582463296,0.034169544163287616
F75L,51582.216507230994,-6.000670723549931,0.035167248744474494
F75L,53088.44442309928,-6.000658823194197,0.036194081042851586
F75L,54638.65498818588,-6.000646217753214,0.037250891081629295
F75L,56234.13251903538,-6.000632865448582,0.03833855365816573
F75L,57876.19883491255,-6.00061872203698,0.039457969063076054
F75L,59566.21435290155,-6.000603740644092,0.04061006382008206
F75L,61305.579214982594,-6.000587871626726,0.04179579144694458
F75L,63095.734448019866,-6.000571062397179,0.04301613323824418
F75L,64938.16315762169,-6.000553257262425,0.04427209907044926
F75L,66834.39175686204,-6.000534397216424,0.045564728230069004
F75L,68785.99123088135,-6.0005144197718385,0.046895090265238686
F75L,70794.5784384144,-6.000493258723033,0.04826428586171904
F75L,72861.81745132341,-6.000470843974554,0.049673447743509035
F75L,74989.42093324625,-6.00044710123459,0.05112374159942608
F75L,77179.15155850194,-6.0004219518524,0.0526163670353458
F75L,79432.82347242888,-6.000395312499475,0.05415255855385686
F75L,81752.30379436575,-6.000367094919545,0.05573358656122524
F75L,84139.5141645203,-6.000337205621076,0.05736075840284355
F75L,86596.43233600735,-6.000305545593901,0.05903541942757442
F75L,89125.0938133754,-6.000272009935102,0.0607589540821992
F75L,91727.59353897884,-6.000236487569357,0.06253278703594264
F75L,94406.08762859325,-6.000198860812439,0.06435838433690991
F75L,97162.79515771156,-6.000159005030333,0.06623725460011626
F75L,100000.00000000097,-6.00011678821452,0.06817095022867176
F75L,102920.05271944383,-6.000072070516731,0.07016106866874908
F75L,105925.37251772993,-6.000024703836788,0.07220925369865877
F75L,109018.44923851384,-5.999974531304748,0.07431719675361462
F75L,112201.84543019746,-5.999921386750154,0.07648663828656842
F75L,115478.19846894697,-5.999865094187614,0.07871936916574421
F75L,118850.22274370304,-5.999805467197314,0.08101723211035619
F75L,122320.71190499439,-5.999742308325548,0.08338212316465124
F75L,125892.541179418,-5.999675408489468,0.08581599321113331
F75L,129568.66975170327,-5.999604546165822,0.08832084952514543
F75L,133352.1432163338,-5.999529486768396,0.090898757369166
F75L,137246.09610075763,-5.999449981813427,0.09355184163005542
F75L,141253.7544622769,-5.99936576812846,0.09628228849846934
F75L,145378.4385607677,-5.9992765669814165,0.0990923471919811
F75L,149623.56560944492,-5.999182083151245,0.10198433172255432
F75L,153992.65260595083,-5.999082003951203,0.10496062270901525
F75L,158489.31924611304,-5.99897599823918,0.10802366923495092
F75L,163117.29092278559,-5.998863715264696,0.11117599075384718
F75L,167880.40181225786,-5.998744783574375,0.11442017904040702
F75L,172782.59805078822,-5.998618809736669,0.11775890019048703
F75L,177827.94100389423,-5.998485377098762,0.12119489666848705
F75L,183020.61063110761,-5.998344044380602,0.12473098940425309
F75L,188364.90894898213,-5.998194344242295,0.1283700799387781
F75L,193865.26359522287,-5.998035781739533,0.13211515261973694
F75L,199526.23149689016,-5.997867832718901,0.13596927684662838
F75L,205352.5026457169,-5.997689942080691,0.13993560936633564
F75L,211348.90398366703,-5.997501521956719,0.14401739661869248
F75L,217520.4034019547,-5.997301949801807,0.14821797713194768
F75L,223872.11385683648,-5.997090566357258,0.15254078396828
F75L,230409.29760558717,-5.996866673471201,0.15698934721917934
F75L,237137.37056616822,-5.996629531829516,0.1615672965495314
F75L,244061.90680420081,-5.996378358585305,0.16627836378969743
F75L,251188.64315096088,-5.996112324721051,0.17112638557658783
F75L,258523.48395622204,-5.995830552399122,0.1761153060395361
F75L,266072.505979884,-5.995532112143401,0.18124917953122802
F75L,273841.96342643927,-5.9952160197185,0.18653217340371916
F75L,281838.29312644864,-5.9948812330192105,0.19196857082346797
F75L,290068.11986931873,-5.994526648634851,0.19756277362723015
F75L,298538.26189179946,-5.994151098333054,0.20331930521274796
F75L,307255.7365267483,-5.9937533452273755,0.20924281346422985
F75L,316227.7660168417,-5.993332079789116,0.2153380737066838
F75L,325461.7834980498,-5.992885915658192,0.22160999168541856
F75L,334965.4391578317,-5.992413385133771,0.22806360656776026
F75L,344746.6065731536,-5.991912934520663,0.2347040939588295
F75L,354813.3892335798,-5.991382919050187,0.24153676892980913
F75L,365174.1272548422,-5.990821597706551,0.24856708904645672
F75L,375837.4042884488,-5.990227127617111,0.25580065739586744
F75L,386812.054633057,-5.989597558178754,0.2632432256001618
F75L,398107.1705535022,-5.988930824827074,0.2709006968092663
F75L,409732.10981354665,-5.988224742595954,0.27877912865940313
F75L,421696.5034285876,-5.987476999049391,0.28688473619365784
F75L,434010.26364474936,-5.98668514712044,0.29522389472147015
F75L,446683.59215096885,-5.985846597273642,0.3038031426142688
F75L,459726.9885308781,-5.98495860952118,0.31262918401083706
F75L,473151.2589614866,-5.984018284789038,0.32170889142546016
F75L,486967.5251658694,-5.983022555886258,0.33104930823474144
F75L,501187.23362727877,-5.981968177988115,0.3406576510240257
F75L,515822.16507231235,-5.980851718641693,0.3505413117702779
F75L,530884.4442309953,-5.979669547166095,0.36070785983939946
F75L,546386.5498818613,-5.97841782354471,0.371165043768247
F75L,562341.3251903565,-5.977092486726123,0.3819207928033083
F75L,578761.9883491283,-5.975689242314531,0.39298321816377446
F75L,595662.1435290184,-5.974203549577875,0.40436061399525675
F75L,613055.7921498289,-5.972630607893642,0.4160614579718934
F75L,630957.3444802017,-5.970965342399559,0.42809441151084715
F75L,649381.63157622,-5.969202389025779,0.44046831954818855
F75L,668343.9175686237,-5.9673360786375635,0.4531922098340536
F75L,687859.9123088169,-5.965360420614227,0.46627529168302456
F75L,707945.7843841475,-5.963269085426758,0.47972695413414174
F75L,728618.1745132377,-5.961055386543556,0.49355676344678123
F75L,749894.2093324661,-5.958712261377457,0.5077744598725777
F75L,771791.5155850231,-5.956232251460952,0.5223899536229553
F75L,794328.2347242925,-5.95360748162782,0.5374133199594724
F75L,817523.0379436614,-5.950829638364795,0.5528547933150636
F75L,841395.141645207,-5.947889947169159,0.5687247603588683
F75L,865964.3233600776,-5.944779149016015,0.5850337519011437
F75L,891250.9381337581,-5.941487475792421,0.6017924335364473
F75L,917275.9353897927,-5.9380046248477285,0.6190115949047552
F75L,944060.8762859369,-5.93431973249265,0.6367021374543461
F75L,971627.9515771201,-5.930421346635997,0.6548750605680667
F75L,1000000.0000000144,-5.926297398323017,0.673541445923242
F75L,1029200.527194443,-5.92193517253717,0.6927124399218701
F75L,1059253.7251773044,-5.917321277848739,0.7123992340517387
F75L,1090184.4923851436,-5.912441615414789,0.7326130429903126
F75L,1122018.4543019799,-5.90728134704106,0.7533650802883518
F75L,1154781.984689475,-5.901824862468742,0.77466653144157
F75L,1188502.2274370359,-5.896055746046574,0.7965285241489537
F75L,1223207.1190499496,-5.889956742766421,0.818962095556053
F75L,1258925.4117941859,-5.883509723785987,0.841978156266584
F75L,1295686.6975170388,-5.876695651714304,0.8655874508896427
F75L,1333521.432163344,-5.869494545586026,0.8898005149004858
F75L,1372460.9610075825,-5.861885445861814,0.9146276275659749
F75L,1412537.5446227754,-5.853846379666191,0.9400787606870213
F75L,1453784.3856076836,-5.845354326354959,0.966163522913664
F75L,1496235.6560944559,-5.836385183929885,0.9928910993643212
F75L,1539926.526059515,-5.826913736321055,1.0202701863086383
F75L,1584893.1924611374,-5.81691362216021,1.0483089206443972
F75L,1631172.909227863,-5.806357305156055,1.0770148039344523
F75L,1678804.0181225857,-5.795216046802687,1.1063946207458717
F75L,1727825.9805078898,-5.783459881705056,1.1364543510741991
F75L,1778279.41003895,-5.771057596004345,1.1671990766453773
F75L,1830206.106311084,-5.757976709822733,1.1986328808888085
F75L,1883649.0894898295,-5.744183463909316,1.2307587424510293
F75L,1938652.6359522373,-5.729642811642174,1.2635784221032438
F75L,1995262.3149689105,-5.714318416786433,1.29709234298883
F75L,2053525.026457178,-5.698172658154525,1.3312994641709521
F75L,2113489.0398366796,-5.681166641758221,1.3661971475410066
F75L,2175204.0340195564,-5.663260221703418,1.4017810181884864
F75L,2238721.1385683743,-5.644412030609546,1.4380448184507943
F75L,2304092.9760558815,-5.624579520733521,1.4749802559411953
F75L,2371373.705661692,-5.603719016926113,1.5125768459724651
F75L,2440619.0680420185,-5.581785782505497,1.5508217489258993
F75L,2511886.4315096196,-5.558734099435622,1.5896996032430604
F75L,2585234.8395622317,-5.534517363817001,1.6291923548969525
F75L,2660725.059798852,-5.509088198008587,1.669279084354532
F75L,2738419.6342644054,-5.482398580764187,1.7099358322272407
F75L,2818382.931264499,-5.454399996362764,1.7511354250260487
F75L,2900681.1986932005,-5.425043603975966,1.7928473026348697
F75L,2985382.618918008,-5.394280428440536,1.8350373493424463
F75L,3072557.365267497,-5.362061573273463,1.877667730515801
F75L,3162277.6601684312,-5.328338456795534,1.9206967372288108
F75L,3254617.8349805125,-5.293063072051065,1.9640786414002172
F75L,3349654.391578332,-5.256188270860173,2.0077635642356517
F75L,3447466.065731551,-5.217668072186889,2.0516973609904117
F75L,3548133.8923358135,-5.177457994711598,2.095821525280937
F75L,3651741.272548438,-5.135515412890769,2.1400731163620486
F75L,3758374.042884505,-5.091799935766426,2.184384712933329
F75L,3868120.546330587,-5.0462738069288005,2.2286843971542494
F75L,3981071.70553504,-4.998902323916994,2.2728957726035492
F75L,4097321.0981354844,-4.9496542742703085,2.316938019911454
F75L,4216965.034285894,-4.8985023854964655,2.36072599371737
F75L,4340102.636447512,-4.845423785077548,2.404170364439919
F75L,4466835.921509706,-4.790400466292134,2.4471778080903595
F75L,4597269.885308799,-4.733419754928635,2.489651247001216
F75L,4731512.589614885,-4.674474771329743,2.5314901438713053
F75L,4869675.251658713,-4.613564881668314,2.572590850947119
F75L,5011872.336272808,-4.550696131801526,2.6128470154609147
F75L,5158221.650723144,-4.4858816565268835,2.6521500416256356
F75L,5308844.442309974,-4.419142057004981,2.690389608594522
F75L,5463865.498818635,-4.350505738300465,2.72745424272097
F75L,5623413.251903587,-4.280009199600389,2.76323194142054
F75L,5787619.883491306,-4.207697269274302,2.7976108447365493
F75L,5956621.435290207,-4.133623277030397,2.830479949471891
F75L,6130557.921498313,-4.057849156727023,2.861729859673672
F75L,6309573.444802041,-3.980445472933096,2.891253565916781
F75L,6493816.315762226,-3.9014913660813835,2.91894724485012
F75L,6683439.175686263,-3.82107441159772,2.944711069375078
F75L,6878599.123088196,-3.7392903898389562,2.9684500189830114
F75L,7079457.843841503,-3.6562429653404145,2.990074679157555
F75L,7286181.745132405,-3.5720432747168624,3.0095020180969607
F75L,7498942.093324691,-3.486809425236717,3.026656129029309
F75L,7717915.155850261,-3.400665906914135,3.04146892620881
F75L,7943282.347242957,-3.31374292330112,3.0538807831564427
F75L,8175230.379436647,-3.2261756477479713,3.0638411023074585
F75L,8413951.416452102,-3.138103413332104,3.071308806066913
F75L,8659643.23360081,-3.0496688463497206,3.076252740517491
F75L,8912509.381337617,-2.9610169547355634,3.0786519845404983
F75L,9172759.353897963,-2.8722941831252786,3.078496058461015
F75L,9440608.762859406,-2.783647448197947,3.0757850286109925
F75L,9716279.51577124,-2.695223167101049,3.0705295055690316
F75L,10000000.000000184,-2.6071662930881234,3.0627505363289353
F75L,10292005.271944473,-2.519619371617178,3.052479392323524
F75L,10592537.251773085,-2.4327216298337477,3.0397572572098683
F75L,10901844.923851479,-2.346608111721234,3.024634820213679
F75L,11220184.543019842,-2.261408869969181,3.007171782382402
F75L,11547819.846894797,-2.1772482244295897,2.9874362845940303
F75L,11885022.274370406,-2.0942440953254566,2.965504267207332
F75L,12232071.190499544,-2.0125074180689007,2.9414587723570085
F75L,12589254.117941909,-1.9321416444496524,2.915389200261787
F75L,12956866.97517044,-1.8532423335780654,2.8873905315045616
F75L,13335214.321633492,-1.775896833832971,2.857562526991156
F75L,13724609.61007588,-1.7001840557659904,2.826008917347708
F75L,14125375.446227811,-1.626174333948756,2.7928365927116254
F75L,14537843.856076894,-1.553929374839748,2.758154803619518
F75L,14962356.560944619,-1.483502285893528,2.7220743822911917
F75L,15399265.260595214,-1.4149376806277114,2.6847069930896006
F75L,15848931.924611438,-1.3482718530520368,2.6461644193885814
F75L,16311729.092278697,-1.2835330146646737,2.6065578933530817
F75L,16788040.181225926,-1.220741586309104,2.565997473443045
F75L,17278259.80507897,-1.1599105373385052,2.524591473678211
F75L,17782794.100389574,-1.1010457641680134,2.482445947205261
F75L,18302061.063110918,-1.044146500702838,2.4396642259877046
F75L,18836490.894898374,-0.9892057529978402,2.3963465169604827
F75L,19386526.359522454,-0.9362107511497717,2.3525895544187616
F75L,19952623.14968919,-0.8851434118244206,2.3084863075545545
F75L,20535250.264571868,-0.8359808052667288,2.264125741238325
F75L,21134890.398366887,-0.7886956212687648,2.2195926276141273
F75L,21752040.34019566,-0.7432566292156306,2.1749674056629242
F75L,22387211.385683842,-0.6996291279259832,2.1303260854870665
F75L,23040929.760558918,-0.6577753816262178,2.0857401938041775
F75L,23713737.05661703,-0.6176550390454152,2.041276757050235
F75L,24406190.680420294,-0.5792255331127196,1.9969983182396753
F75L,25118864.315096308,-0.5424424594358359,1.9529629840209066
F75L,25852348.39562243,-0.5072599320885307,1.909224498113833
F75L,26607250.597988635,-0.47363091579652217,1.8658323376220904
F75L,27384196.34264417,-0.4415075339942448,1.8228318288107177
F75L,28183829.31264511,-0.41084135258928434,1.7802642791259562
F75L,29006811.98693213,-0.3815836395904285,1.7381671224539188
F75L,29853826.189180207,-0.35368560101376273,1.69657407481261
F75L,30725573.652675096,-0.32709859371963573,1.6555152979467065
F75L,31622776.601684444,-0.3017743160189015,1.6150175685572812
F75L,32546178.34980526,-0.2776649769803878,1.5751044509616223
F75L,33496543.915783457,-0.254723445581868,1.5357964715602066
F75L,34474660.65731565,-0.232903380807047,1.4971112933129136
F75L,35481338.92335828,-0.21215934392589011,1.4590638889295446
F75L,36517412.72548453,-0.19244689418581354,1.4216667115612718
F75L,37583740.4288452,-0.17372266913847922,1.384929861897637
F75L,38681205.463306025,-0.1559444508769383,1.3488612510778337
F75L,39810717.05535056,-0.13907121931967908,1.3134667583758501
F75L,40973210.98135501,-0.12306319376985408,1.2787503834528227
F75L,42169650.34285911,-0.10788186383680658,1.244714392577213
F75L,43401026.3644753,-0.09349001080190578,1.2113594585925114
F75L,44668359.21509726,-0.07985172043419955,1.1786847943734462
F75L,45972698.8530882,-0.06693238821608095,1.1466882797391187
F75L,47315125.89614906,-0.05469871786197021,1.115366581730564
F75L,48696752.516587354,-0.04311871395906826,1.0847152683136465
F75L,50118723.362728305,-0.0321616694920942,1.05472891550649
F75L,51582216.507231675,-0.02179814895935768,1.0254012082493151
F75L,53088444.42309998,-0.011999967715954699,0.9967250349386894
F75L,54638654.988186605,-0.0027401681338854855,0.9686925760048014
F75L,56234132.51903613,0.0060070068934961465,0.9412953866662301
F75L,57876198.83491332,0.01426614262577327,0.9145244741272371
F75L,59566214.352902345,0.022060682900480723,0.8883703694485465
F75L,61305579.21498341,0.029412961927061797,0.8628231943492615
F75L,63095734.44802071,0.036344237113072816,0.8378727232145016
F75L,64938163.15762256,0.04287472262603033,0.8135084405708429
F75L,66834391.75686294,0.04902362342815263,0.789719594268919
F75L,68785991.23088229,0.05480916956170831,0.7664952446594959
F75L,70794578.43841536,0.06024865049062751,0.7438243100050947
F75L,72861817.45132439,0.06535844932985917,0.7216956083538029
F75L,74989420.93324725,0.07015407683353589,0.7000978961618335
F75L,77179151.55850297,0.07465020501925299,0.6790199038421301
F75L,79432823.47242993,0.07886070034283651,0.658450368489852
F75L,81752303.79436684,0.08279865634664992,0.638378063969147
F75L,84139514.1645214,0.08647642573947092,0.6187918286012026
F75L,86596432.33600849,0.08990565185442873,0.5996805905762504
F75L,89125093.81337658,0.09309729947990154,0.5810333913260006
F75L,91727593.53898005,0.09606168503654293,0.5628394069588558
F75L,94406087.6285945,0.09880850612597385,0.5450879679775533
F75L,97162795.15771285,0.10134687043515088,0.5277685773314423
F75L,100000000.0000023,0.10368532404487658,0.510870927004768
