candidate,index,condition,role,numerical_usable,terminal_supported,out_v,error_v,gain,band_min_magnitude,band_max_magnitude,bandwidth_hz,current_a,power_w,supply_current_a,input_current_a,feedback_current_a,dc_ac_current_pass,sine_assessed,sine_thd_fraction,sine_gain,sine_min_v,sine_max_v,sine_stationary,sine_all_assessed_pass,predicted_out_v,realization_id,attempt_sha256
A75,24,nominal,DEVELOPMENT,True,True,0.48866141397344987,-0.011338586026550135,-6.035674396423723,6.025806659407538,6.035675387021693,1746392.2615810006,7.527755093411955e-05,7.527733597291278e-05,7.52771600955618e-05,3.9083855775260204e-10,,True,True,0.004472406199850619,6.034747446210956,0.45821930545930323,0.5185637339694833,True,True,0.4902379092860101,a2e90163f56675c7f681837ec45e52af062439236a19674524bf302e31a79ed3,36b25ea8be884a647b6435be63c31958e61be932d126de6e0b1bbc28d61f042a
A75,24,supply_097,DEVELOPMENT,True,True,0.42855148806040577,-0.07144851193959423,-6.058369406096536,6.048372539562026,6.058370409720469,1738340.181391576,7.147121512946221e-05,6.932687457103872e-05,7.147082262073216e-05,3.925087300538435e-10,,False,False,,,,,,,0.43029215613600197,a2e90163f56675c7f681837ec45e52af062439236a19674524bf302e31a79ed3,2fb76216459191bb55434d8da4570f37931f5385ddc8492525428519e08ca77e
A75,25,nominal,DEVELOPMENT,True,True,0.4450714787506268,-0.0549285212493732,-6.048388439559572,6.038391647081891,6.048389443165421,1736916.7549124616,7.461396130557717e-05,7.461374898421911e-05,7.461357526674433e-05,3.8603883284471507e-10,,False,True,0.0043027213439693094,6.047455638757398,0.4145754767821249,0.47504708179890726,True,False,0.4452266067804526,0da281293e65f8ab60f2b34b00d99a0f07398b76787aaaec7799ad617bbeda10,47c469c7047609d709b9a9b9defd0c3a177e29ac27786617f07d40ddbcff1472
A75,25,supply_097,DEVELOPMENT,True,True,0.3867576871899416,-0.11324231281005842,-6.0623653466797425,6.052280140890219,6.062366359215929,1731299.2883140356,7.082655195192052e-05,6.870155358451494e-05,7.082616385798213e-05,3.88093938387922e-10,,False,False,,,,,,,0.3852808536304445,0da281293e65f8ab60f2b34b00d99a0f07398b76787aaaec7799ad617bbeda10,5e9f8038e3e9ec236093064e5f25400a4e83ecdf750dbbb186318cd5eafa3433
A75,26,nominal,DEVELOPMENT,True,True,0.646025149975135,0.14602514997513505,-5.741360790907033,5.7326163220844295,5.741361668546027,1809523.132069512,7.611087898926579e-05,7.611068406750413e-05,7.611052458606277e-05,3.544032030193024e-10,,False,False,,,,,,,0.6500245268470587,2d301c8c4cbef65e2deb9a6b02ac9b39d35b4839890d5673b3fb5ff4c53a908d,ee0964d87058774fb8c9624c1f621079f316d9cb939fd01f16138d60161fc7c6
A75,26,supply_097,DEVELOPMENT,True,True,0.5834265795139404,0.08342657951394039,-5.822960392229984,5.8138243444348365,5.822961309253224,1782853.393230244,7.228314531841912e-05,7.0114460423627e-05,7.228277890449691e-05,3.664139222071816e-10,,False,False,,,,,,,0.5900787736970505,2d301c8c4cbef65e2deb9a6b02ac9b39d35b4839890d5673b3fb5ff4c53a908d,544d409258441bb8de16b6ecba0f748e7058a30e961c8290ed7721dff3932360
A75,27,nominal,DEVELOPMENT,True,True,0.4405314618145207,-0.059468538185479314,-5.987800291384565,5.9778670035510215,5.987801288635334,1733718.7599987455,7.409619151017477e-05,7.409598525713138e-05,7.409581650464131e-05,3.750055334620847e-10,,False,False,,,,,,,0.4406056854229914,591bd112c830c67db6bafa3789b66fc1c5082f1545d0537098ee6cdc67277d54,9ead3297eea6324fbf087ea6a037d498dd206e35ef3545de167dcf1506a94ad0
A75,27,supply_097,DEVELOPMENT,True,True,0.38274016573615277,-0.11725983426384723,-6.000675817948077,5.9906591429544225,6.000676823623464,1728361.9539576063,7.031577138354373e-05,6.820610211252418e-05,7.031539421140288e-05,3.7717214085037504e-10,,False,False,,,,,,,0.3806599322729833,591bd112c830c67db6bafa3789b66fc1c5082f1545d0537098ee6cdc67277d54,39cc4a1c03425507b1d3508521e6ff87300c370658fedd3e0d442a401054e2d7
A75,28,nominal,DEVELOPMENT,True,True,0.4140769759052726,-0.08592302409472741,-6.0321491672845164,6.022113430375558,6.032150174840774,1731230.692815962,7.395546749640698e-05,7.395525729830592e-05,7.395508531804142e-05,3.821783655603289e-10,,False,False,,,,,,,0.41436350560860324,be2f18a3b189830d028032f8d5e5ab326d2bf7a676e58afd7bf53cc1512be3d5,78aa10d4b4d66e832fc93c7d056798ed22982d06fae135aaec060ae0081fc80c
A75,28,supply_097,DEVELOPMENT,True,True,0.35684734453743017,-0.14315265546256983,-6.0393042919537,6.029212035264362,6.039305305231211,1727409.4503593908,7.017839663528999e-05,6.807284423048505e-05,7.017801104731644e-05,3.8558797355123936e-10,,False,False,,,,,,,0.35441775245859514,be2f18a3b189830d028032f8d5e5ab326d2bf7a676e58afd7bf53cc1512be3d5,175571f4497d7e3202ef83b4a14792f425b3342180d3582d6e62b6d8435c3fb1
A75,29,nominal,DEVELOPMENT,True,True,0.4692608593161586,-0.030739140683841426,-6.0788733589884,6.068901982368014,6.078874360007059,1743498.4778997377,7.505649444722507e-05,7.505627580014654e-05,7.505609690708229e-05,3.9754014278603825e-10,,False,False,,,,,,,0.4701467446213243,d5e2c510474d3baf38f8022cda0c1cbd1df492c73ffff99dfd0d042ead6aaea1,a952f6940b3dedb446855d603ba58613e3afddd750604d073b88a62eacbe388e
A75,29,supply_097,DEVELOPMENT,True,True,0.40945615052015577,-0.09054384947984423,-6.098042961004132,6.087958890981969,6.098043973395889,1736469.0964687234,7.125407899709266e-05,6.91162490881126e-05,7.125367988350174e-05,3.991135909178073e-10,,False,False,,,,,,,0.41020099147131617,d5e2c510474d3baf38f8022cda0c1cbd1df492c73ffff99dfd0d042ead6aaea1,07f60b841747b34d87889c076ea866ff66a37584edc17dd6f240f569d70a385b
A75,30,nominal,DEVELOPMENT,True,True,0.5262995836550522,0.02629958365505225,-6.015554561335898,6.005825929973441,6.015555537916748,1755917.2520555889,7.582661574094303e-05,7.582640281319307e-05,7.582622859957947e-05,3.8714136356334666e-10,,False,False,,,,,,,0.5271605748507373,9495eacb1a0d14826f3bc0ed54d5676ac057158b29b85155c35aa3a31f56bfd6,363b9c0a410f59ade3dbec185488cb56f2201be3b3fe15e0be008c3ba78623a4
A75,30,supply_097,DEVELOPMENT,True,True,0.4657068795647691,-0.03429312043523092,-6.0460123432375195,6.0361190023182045,6.046013336419917,1745623.6881768964,7.201470896521697e-05,6.985406474040852e-05,7.201431866550168e-05,3.902997152901988e-10,,False,False,,,,,,,0.4672148217007292,9495eacb1a0d14826f3bc0ed54d5676ac057158b29b85155c35aa3a31f56bfd6,75b631a1445cd0b61ccd212d2910bd246846895c521f5db99a53800f1c51f8f7
A75,31,nominal,DEVELOPMENT,True,True,0.5147109487145458,0.014710948714545813,-6.022416179891837,6.012642085778235,6.022417161058569,1752819.0503445368,7.530063990238077e-05,7.530042323940822e-05,7.530024596970339e-05,3.939326773854182e-10,,True,False,,,,,,,0.5193739311431488,5fa957164c3cbda40b3d5087ce37eb839f3f32e69c8484df56511f7b571b65f9,8d244f4b4b8ab63b71665aaf18576accc1af51abf50c0b3dc5c195e9f48299f8
A75,31,supply_097,DEVELOPMENT,True,True,0.45398518727078835,-0.04601481272921165,-6.050526201277676,6.040597985388667,6.0505271979825315,1743205.4494673742,7.149072369761615e-05,6.93457957781362e-05,7.149032714270946e-05,3.9655490669627744e-10,,False,False,,,,,,,0.4594281779931407,5fa957164c3cbda40b3d5087ce37eb839f3f32e69c8484df56511f7b571b65f9,bc6e59d8552b2b315889cfe1bbebce65f2127f9c55fd65e89e5dd95da015cf48
A75,32,nominal,DEVELOPMENT,True,True,0.5296463655243738,0.02964636552437383,-5.88095056327685,5.871386623407282,5.8809515233570275,1751033.220300527,7.497634486250018e-05,7.497614356453283e-05,7.49759788661959e-05,3.6599630428126376e-10,,False,False,,,,,,,0.5316023041154312,fb7317d543bb6785c29225ef475c9f62187d3bae75f2391fe2a275efb07c4fe8,745bba84670d71f094e328295cfc5638c3e8eb83a8a084766b3b661577f0e6b3
A75,32,supply_097,DEVELOPMENT,True,True,0.469782855143797,-0.030217144856203026,-5.910200223488055,5.900476532153493,5.910201199671528,1740898.7153699112,7.117546144080525e-05,6.904000560335598e-05,7.117509222114157e-05,3.6921966368617595e-10,,False,False,,,,,,,0.4716565509654231,fb7317d543bb6785c29225ef475c9f62187d3bae75f2391fe2a275efb07c4fe8,42d8999661b30bef0eb6fc1832642253aa9047857d58f74f4b6f93d2ed366e1a
A75,33,nominal,DEVELOPMENT,True,True,0.38349590595296407,-0.11650409404703593,-6.062126516330555,6.052014937862918,6.062127531531812,1729014.8584084155,7.396489691213286e-05,7.396467998927014e-05,7.396450250692791e-05,3.94405204947202e-10,,False,False,,,,,,,0.3825840385035522,c24ded26e10149a4177f2a5ee7f5d04c40ab92e4656b7095108a7e5f61370553,ffa1d1dfe3976c783bfb68b615970deda44ba1a979a935f32a7bd54e5707ced1
A75,33,supply_097,DEVELOPMENT,True,True,0.32657874627117456,-0.17342125372882544,-6.060065065441994,6.049939862305269,6.060066082049525,1727559.9222785267,7.018963926412518e-05,6.808374232791067e-05,7.018923972895065e-05,3.9953517453001144e-10,,False,False,,,,,,,0.3226382853535441,c24ded26e10149a4177f2a5ee7f5d04c40ab92e4656b7095108a7e5f61370553,bb806b5b5d92bcf5235fe3fd7d7c23026fa312244aac2347d1dd2794e3037e8f
A75,34,nominal,DEVELOPMENT,True,True,0.6129492587175961,0.11294925871759609,-5.895124812117114,5.885959080067454,5.895125732075451,1790940.2851385616,7.600066266128119e-05,7.600045584505447e-05,7.600028663177808e-05,3.7602950310813843e-10,,False,False,,,,,,,0.6106517065814976,12073929a5f25ea7d0051c16647c30fe34a31307395eec36520d2e1b6baa7e6d,13cbe87fd079f61ac3927833143ceb6316b84ca5085408d8aefda1e743f71d39
A75,34,supply_097,DEVELOPMENT,True,True,0.5498814250865438,0.04988142508654381,-5.957082072851709,5.947610089117056,5.957083023626983,1770958.054197337,7.216767842452853e-05,7.00024478295272e-05,7.216729334324878e-05,3.8508127974323444e-10,,False,False,,,,,,,0.5507059534314895,12073929a5f25ea7d0051c16647c30fe34a31307395eec36520d2e1b6baa7e6d,fd9e38e1ba7943050ae3d856baf42dcf8e22960f27f3efffebcb71dcfef77397
A75,35,nominal,DEVELOPMENT,True,True,0.5411269640150191,0.04112696401501914,-6.025124777971226,6.0154434971774196,6.025125749778365,1761628.6757191913,7.577946274011407e-05,7.577924552940624e-05,7.577906781155438e-05,3.949285596899915e-10,,False,False,,,,,,,0.5420841462157607,efd18b40cc42fc97381bc71a4fb42976726cc08810bc2132288b7faf1e6b0c23,e5302132b5203b5c09b8d8c7f394ab06dcb8ea8b629ddc90a599fa5596912db2
A75,35,supply_097,DEVELOPMENT,True,True,0.479645495719973,-0.020354504280026997,-6.059924670125379,6.050058812036713,6.059925660530466,1750067.5654393877,7.196003258366855e-05,6.980102416730625e-05,7.195963366279885e-05,3.989208696990494e-10,,True,False,,,,,,,0.4821383930657526,efd18b40cc42fc97381bc71a4fb42976726cc08810bc2132288b7faf1e6b0c23,3654de887cda61bd30cfb7de0e5d50843a73a6af4ad86031e147af6fb34b5a54
A75,36,nominal,DEVELOPMENT,True,True,0.4937598222859897,-0.006240177714010309,-5.951770242116023,5.942011941033516,5.9517712217367995,1743907.858172877,7.49097952690825e-05,7.490959099806209e-05,7.490942386722722e-05,3.7140185528807337e-10,,True,False,,,,,,,0.49628756404741614,cfd106fb5c5962860c746bb39921d43114cab8831e88ff4438051d168c1ed4f7,3021e1a132e24e19bbe0164d155c6282d4ef66fa7ac05d5f8dda3b0fa239c729
A75,36,supply_097,DEVELOPMENT,True,True,0.434452761603978,-0.065547238396022,-5.974441729297151,5.96455426685287,5.974442721946848,1735786.7742129841,7.111202225717583e-05,6.897846757320523e-05,7.111164914899248e-05,3.7310818334652246e-10,,False,False,,,,,,,0.43634181089740803,cfd106fb5c5962860c746bb39921d43114cab8831e88ff4438051d168c1ed4f7,75ed6a99ba4f15a89f8bb867fb275a1077a3e7571d8d8dab0a17061ad5d8bbcf
A75,37,nominal,DEVELOPMENT,True,True,0.41396664801351085,-0.08603335198648915,-6.122013775357904,6.111873052352702,6.122014793436509,1735015.2755635707,7.430275652067023e-05,7.43025345428335e-05,7.430235292460345e-05,4.0359606677748197e-10,,False,False,,,,,,,0.41429028843718346,9028ef485b2c6a0c968ef9ff5f22715933f95aa677b69add3a027d294c0a6bc8,66e8b6ec10d71e814f9a683927172cba6e6f14ecc80edec209d0653cc6d2dd70
A75,37,supply_097,DEVELOPMENT,True,True,0.35558586880124654,-0.14441413119875346,-6.12891279436856,6.118716590596539,6.128913818064587,1731274.6544191225,7.051454543828298e-05,6.839889733083073e-05,7.05141382376988e-05,4.072005841781849e-10,,False,False,,,,,,,0.35434453528717536,9028ef485b2c6a0c968ef9ff5f22715933f95aa677b69add3a027d294c0a6bc8,dd6e822f830717f55371473b8151c55296fb44bdb2a92afddc8f47cb2cdf4f1e
A75,38,nominal,DEVELOPMENT,True,True,0.6438454026623355,0.14384540266233548,-5.7002912655343785,5.691556727964278,5.700292142190382,1804048.062534318,7.615545246318742e-05,7.615526455335336e-05,7.615511080894368e-05,3.4165424374170417e-10,,False,False,,,,,,,0.6459510997242056,db42cda6b6dc2eb3fbf8b2c0c2329895bce50168bc4396ce4e4bae55488de240,931dab4bd503d8d1c5da47247497d76ea50dc6e8fe8c3ed4a0eddb005b1796fe
A75,38,supply_097,DEVELOPMENT,True,True,0.5817033272375856,0.08170332723758555,-5.776816581888696,5.767711914676467,5.7768174957745355,1778848.7779553586,7.233081139791601e-05,7.016070331622718e-05,7.233045805224032e-05,3.53345675689707e-10,,False,False,,,,,,,0.5860053465741974,db42cda6b6dc2eb3fbf8b2c0c2329895bce50168bc4396ce4e4bae55488de240,bf16bda14cc63cb19ba15c18a348e4cebd6baa0d7dc143c49b559bd83b1541cd
A75,39,nominal,DEVELOPMENT,True,True,0.508566628877436,0.008566628877435978,-5.996041967289012,5.986276694568088,5.996042947584032,1749760.7175934168,7.527092468798565e-05,7.527071245668286e-05,7.527053881288967e-05,3.85875095982105e-10,,True,False,,,,,,,0.5114221115797957,f5b41b59756d540f8a0cb58bec017981acdb460ba34b8d4607c97710337edfd4,b3bd8f390d8db2a61c8e819216b1e148e1328f2291def5fba11be968a17f2354
A75,39,supply_097,DEVELOPMENT,True,True,0.4484713944374662,-0.0515286055625338,-6.022268004048347,6.012357290537533,6.022268999008814,1740666.7243739173,7.146544304643269e-05,6.932127789690614e-05,7.146505485771427e-05,3.8818871842026884e-10,,False,False,,,,,,,0.45147635842978756,f5b41b59756d540f8a0cb58bec017981acdb460ba34b8d4607c97710337edfd4,be83f65ceeb655b75c149acdacdc4f927ac4754b1c81940637e1639f54c628ad
A75,40,nominal,DEVELOPMENT,True,True,0.6478821157295079,0.14788211572950793,-5.7942247457610625,5.785449602572988,5.79422562646074,1814677.601870624,7.64735547346947e-05,7.647335452468013e-05,7.647319071648638e-05,3.6401820831732587e-10,,False,False,,,,,,,0.6468941917713176,50a0a1a5daecf8839c4dec6d1dbff0b454bdf3516cb1bad6e5517ef34c8ed8b3,f29c6646b3ba76a6537d11872c3c344e6c29f22561bb7d2d35136ea621a3de9d
A75,40,supply_097,DEVELOPMENT,True,True,0.584676156969348,0.08467615696934805,-5.88026795225856,5.871082835678895,5.880268874189866,1786801.4304090708,7.263699005254651e-05,7.045768465018471e-05,7.263661370488227e-05,3.763476642414283e-10,,False,False,,,,,,,0.5869484386213095,50a0a1a5daecf8839c4dec6d1dbff0b454bdf3516cb1bad6e5517ef34c8ed8b3,969c8433435c943e41d5d40d52edf7a24dae1b2e34cb18e2f486306ded3e6820
A75,41,nominal,DEVELOPMENT,True,True,0.5184056897796177,0.01840568977961765,-5.920764762707492,5.911117069810633,5.920765731197677,1749304.957739747,7.494042821147901e-05,7.494022554808022e-05,7.494005973257212e-05,3.68478906892164e-10,,True,False,,,,,,,0.5204674553269413,fb76eee74dd5e5da33f77f06cd756b7c3d97d6228249716774ea1a24a5598413,793b7531b0aba1774c4c75987633583825fefb0791dc419da455e39cee0379d9
A75,41,supply_097,DEVELOPMENT,True,True,0.4585083504083567,-0.04149164959164331,-5.94810944120394,5.938310857823268,5.948110424907149,1739787.207903802,7.113830440174138e-05,6.900396226127223e-05,7.113793323170885e-05,3.7117003253480524e-10,,False,False,,,,,,,0.46052170217693317,fb76eee74dd5e5da33f77f06cd756b7c3d97d6228249716774ea1a24a5598413,50ad83c53d8e2c1d8b148abec8ced0167f0cb53a447fed82ce0e87162b772799
A75,42,nominal,DEVELOPMENT,True,True,0.49550765236617456,-0.004492347633825444,-5.965600394878197,5.955828075615325,5.965601375902843,1744680.1079824253,7.477278125413126e-05,7.47725749989615e-05,7.47724062447317e-05,3.7500939956440146e-10,,True,False,,,,,,,0.49589541226248895,89b13fc46e962d1f843b4762c4dcc27e49b3adf94878f4c91442671476b55d5d,e1805197b51ea738a1ed579ed96242c1eeb32378e053cf2a7d58095abed436bf
A75,42,supply_097,DEVELOPMENT,True,True,0.4360619151519289,-0.06393808484807112,-5.9887901372331624,5.978886261162689,5.988791131527589,1736427.7424128326,7.09760554030088e-05,6.884657781346804e-05,7.097567861945013e-05,3.76783558671788e-10,,False,False,,,,,,,0.43594965911248085,89b13fc46e962d1f843b4762c4dcc27e49b3adf94878f4c91442671476b55d5d,1ca8268a8d24000a72346bc01173161bb458108dc8afe78c83168dd23d660634
A75,43,nominal,DEVELOPMENT,True,True,0.4867857902215468,-0.013214209778453223,-5.957730288262246,5.947942990951363,5.957731270805766,1742194.9790255642,7.466081888715224e-05,7.46606132050972e-05,7.466044491977944e-05,3.7396737280221554e-10,,True,False,,,,,,,0.4877146782245602,5f3ccf35e7ebab6af3e3535bfc6e06bb980cdc7aa1f57218892b6364992179b7,2f5f2b720fc39da9224e815680f3f37ebb9554cd9e63d42cd842b1a56bd0fea5
A75,43,supply_097,DEVELOPMENT,True,True,0.42790381273020445,-0.07209618726979555,-5.979042247601595,5.96913219129437,5.97904324253019,1734477.6928477501,7.086825361415634e-05,6.874201074042857e-05,7.08678781039581e-05,3.755101982399339e-10,,False,False,,,,,,,0.4277689250745521,5f3ccf35e7ebab6af3e3535bfc6e06bb980cdc7aa1f57218892b6364992179b7,1367348021c5f473a32d2fc43bc1ad228e8f1bf2fab52334ba10c25eba1485c9
R75,24,nominal,DEVELOPMENT,True,True,0.4955187146375831,-0.004481285362416876,-6.032172431756736,6.032124909809846,6.032172436718869,25186352.60177747,7.567223183097972e-05,7.566893274687061e-05,7.566623349623589e-05,5.9983347438369305e-09,,True,True,0.010350944180246242,6.03171873306587,0.4647365900292845,0.5250521491302871,True,True,0.49594398018740316,38d3f69a75e006ae6909ed33090274b2195ab3ada098b5a4508d53fbac696e8c,c89765b27d1d8774472dfb70aaaf6b3b1e8bdb6bad464f3c548896c927de59b2
R75,24,supply_097,DEVELOPMENT,True,True,0.46788157598073454,-0.03211842401926546,-6.025064657320134,6.02501717122755,6.025064662279347,25181033.313973345,7.531783595233807e-05,7.305517892600423e-05,7.531183220663864e-05,6.00374569942894e-09,,False,False,,,,,,,0.4682971539977364,38d3f69a75e006ae6909ed33090274b2195ab3ada098b5a4508d53fbac696e8c,c762fcc2e5d1c7a803eb14a098fb4a7b259b3dc8a307611e47880eddd851b9f4
R75,25,nominal,DEVELOPMENT,True,True,0.4967725956235435,-0.003227404376456522,-6.02735353461024,6.027306050125192,6.02735353956764,25186241.817961805,7.548410265609526e-05,7.548083758330697e-05,7.547816616011655e-05,5.9364959787170865e-09,,True,True,0.010392182875100828,6.02690817874127,0.4660125231599905,0.526280002853664,True,True,0.49729486026466246,0ca4e68a3a46f4cdf873b5b03eca8ed150c86530990e53dc03308d69535c3b37,b61e38e9b17cdf5ba3262b5e7fc3ff31b2c07566240c703a7a9de10e91373d2c
R75,25,supply_097,DEVELOPMENT,True,True,0.46913424229037126,-0.03086575770962874,-6.02028297060855,6.020235521264336,6.020282975563103,25180807.405760214,7.512988906238936e-05,7.28729025480372e-05,7.51239470576192e-05,5.942004770165266e-09,,False,False,,,,,,,0.4696480340749957,0ca4e68a3a46f4cdf873b5b03eca8ed150c86530990e53dc03308d69535c3b37,c408c714786e8d24ba1a8d6fc4e2d0d93f3220a47c5b8f9a1e497c7ec9fdda41
R75,26,nominal,DEVELOPMENT,True,True,0.5178987409308727,0.017898740930872736,-5.83992426758436,5.839878249202132,5.839924272386239,25183495.031903435,7.231512070481221e-05,7.23120259741319e-05,7.230949392175709e-05,5.626783055115436e-09,,True,False,,,,,,,0.5195746384477785,aeac75cb2f0a7cf9695c01b190451f01f8f86b6965eb00a4a6be966ee6082c08,b9bf14a9a1ef65991de4f3f33cff29c93afb8c435067aa18c1e93ecfd73b618f
R75,26,supply_097,DEVELOPMENT,True,True,0.49023614974274704,-0.00976385025725296,-5.833488244891766,5.833442252273304,5.833488249691751,25176696.982437022,7.196454451591531e-05,6.980267834197923e-05,7.195891021118719e-05,5.6343047281242654e-09,,True,False,,,,,,,0.4919278122581118,aeac75cb2f0a7cf9695c01b190451f01f8f86b6965eb00a4a6be966ee6082c08,c113e6a8211dd6a02fc3fb9fc3749d39099a0fa566a59b7d24ab867b3d6154d1
R75,27,nominal,DEVELOPMENT,True,True,0.5005742343457743,0.0005742343457743049,-5.993205453172357,5.993158235445257,5.993205458101597,25185657.34875469,7.491385563314213e-05,7.491061592767515e-05,7.49079652595658e-05,5.8903735763245375e-09,,True,False,,,,,,,0.5010876945879036,f86f2b4b0f84351b99f62881c22e1c30cee31b4b212f0fc6568a1f45b5d14778,8ab45e0d15ee5a8f091f5ee72c464dd8f64ad4828ec398ba84d0e9b0725fd7e7
R75,27,supply_097,DEVELOPMENT,True,True,0.4729313592608861,-0.027068640739113914,-5.986261564182544,5.986214379608886,5.986261569109141,25179930.23980188,7.456032058949587e-05,7.232044493580715e-05,7.455442436641155e-05,5.896223084322742e-09,,False,False,,,,,,,0.47344086839823685,f86f2b4b0f84351b99f62881c22e1c30cee31b4b212f0fc6568a1f45b5d14778,7568b54a03ca0c8ccab58876d3653ef502a750812a07dd366a836905d3d95fe6
R75,28,nominal,DEVELOPMENT,True,True,0.49633235869166087,-0.0036676413083391313,-6.031420921942076,6.0313734057464865,6.031420926902762,25186329.22916596,7.555013520834045e-05,7.55468689184743e-05,7.55441964994929e-05,5.938708847548404e-09,,True,False,,,,,,,0.4968911965266224,33ef635a53894437d80c43cca3066cec351c34952a75bf8c099d4382718c988a,15779a27a1515aa8f4bc5a65c1b1e955d85dcd3760d9af5f70fe2d556b61ec27
R75,28,supply_097,DEVELOPMENT,True,True,0.46869455140480565,-0.03130544859519435,-6.024334833891132,6.024287353081588,6.024334838848946,25180930.532877643,7.519583967414905e-05,7.29368735115462e-05,7.51898954964983e-05,5.944177650747326e-09,,False,False,,,,,,,0.46924437033695565,33ef635a53894437d80c43cca3066cec351c34952a75bf8c099d4382718c988a,5a190d81749b453df8ae921846af67f075d084adde24d6fbaa7f2b707fe448f2
R75,29,nominal,DEVELOPMENT,True,True,0.49041232895982895,-0.009587671040171053,-6.07740543187311,6.077357557263246,6.07740543687225,25187300.443194594,7.643817987582477e-05,7.643485300923171e-05,7.643213102747375e-05,6.0488483510229285e-09,,True,False,,,,,,,0.49109489518997673,188777cc16903bab5cf90ede9661978624f1ce665d7381dfedd15350336502bf,80d699cd0a80511d85a23051ed321710ca91a33307cc2f9a956502111c57ee8b
R75,29,supply_097,DEVELOPMENT,True,True,0.46278144487549755,-0.03721855512450245,-6.070113681016865,6.07006584526204,6.070113686012778,25182426.959746316,7.608284544413458e-05,7.379721209531951e-05,7.60767916258826e-05,6.053818251978548e-09,,False,False,,,,,,,0.46344806900031,188777cc16903bab5cf90ede9661978624f1ce665d7381dfedd15350336502bf,d3c5c437a6aef93fc6860f1cfe7426de45f7b4e1c4eeba0de914388a443c50a6
R75,30,nominal,DEVELOPMENT,True,True,0.4995646358807544,-0.00043536411924560703,-6.005484216537722,6.005436902584611,6.005484221476932,25185792.44231793,7.506528386369999e-05,7.506204394541998e-05,7.505939310319088e-05,5.89076050910636e-09,,True,False,,,,,,,0.4997899105868193,dafa39922dfd2d8cc3fbe844f1448bde20eb8f1eeec55140a77e00e2c9502dfc,608585f8782d50c3717896c604db387af39f90207c24533f2dd11192ec344710
R75,30,supply_097,DEVELOPMENT,True,True,0.47192305006390994,-0.028076949936090057,-5.998505914510375,5.998458634190333,5.998505919446893,25180130.978687577,7.471155535167809e-05,7.246714250248627e-05,7.470565883505986e-05,5.896516618237365e-09,,False,False,,,,,,,0.4721430843971526,dafa39922dfd2d8cc3fbe844f1448bde20eb8f1eeec55140a77e00e2c9502dfc,7e6b6d50f7360e5cdbd9f3d560c50b0d4a3e79976ec0a9547759c4111aa7c321
R75,31,nominal,DEVELOPMENT,True,True,0.5030333536763396,0.003033353676339612,-5.969125127960023,5.969078098519016,5.969125132869567,25185282.981237702,7.454499673135927e-05,7.454176805402174e-05,7.453912640892739e-05,5.870322431877472e-09,,True,False,,,,,,,0.5037060976481104,d1fdea0db0207939f70d6c3460e7a2d11d4a109b5ebc866a51963e0753b76417,7bc177bcf2640c64fb122f4b1d956feb0692cb9333232b1159796e20889e8e87
R75,31,supply_097,DEVELOPMENT,True,True,0.47538750604313623,-0.024612493956863768,-5.962261669980708,5.96221467249787,5.9622616748877295,25179383.42944173,7.41919077636124e-05,7.196309480233695e-05,7.418603136290646e-05,5.87640070593776e-09,,True,False,,,,,,,0.4760592714584436,d1fdea0db0207939f70d6c3460e7a2d11d4a109b5ebc866a51963e0753b76417,e99e2585577f01a9cc4bcc7b2d015bfb60e5e3ed1950c9f76a81c5194557735c
R75,32,nominal,DEVELOPMENT,True,True,0.5083417992100067,0.008341799210006662,-5.920692533413977,5.920645882614121,5.920692538283666,25184512.613777798,7.37487326212141e-05,7.374553693694748e-05,7.374292228618388e-05,5.810335030221204e-09,,True,False,,,,,,,0.509110871465282,af28ce053edbfc8af16e5bb21618e0abd963705b205d7351b055c12e37804d28,d8675551ad178ca01213906e58c5419850213ce694a35d1eec9b536aed48542c
R75,32,supply_097,DEVELOPMENT,True,True,0.48068973057713005,-0.019310269422869952,-5.913993523235192,5.913946901970774,5.9139935281026075,25178259.89884656,7.339657723443226e-05,7.119165512014049e-05,7.339076031662686e-05,5.816917805399023e-09,,True,False,,,,,,,0.48146404527561526,af28ce053edbfc8af16e5bb21618e0abd963705b205d7351b055c12e37804d28,3d301f9e1ab0b4994c0bc4572b70816a69c064c3b839155a43c1c0032f497167
R75,33,nominal,DEVELOPMENT,True,True,0.4858239058749252,-0.014176094125074812,-6.113930627717782,6.11388246854047,6.1139306327474525,25188091.477155644,7.712647355891462e-05,7.712310026010046e-05,7.712034028834341e-05,6.1332705712140514e-09,,True,False,,,,,,,0.486508270882609,de7b6a245a59196e15860e220fbda34e863907b259121cd2c432f3e28745b321,479a7fafd149b71a7939faef7d652d38ce296e6d2b4c0ec28b5b70855d84cf06
R75,33,supply_097,DEVELOPMENT,True,True,0.4581985038125889,-0.04180149618741108,-6.106469000058075,6.106420882665943,6.106469005084218,25183662.47416852,7.677031652064644e-05,7.446401533136047e-05,7.676417864821071e-05,6.137872435730673e-09,,False,False,,,,,,,0.45886144469294227,de7b6a245a59196e15860e220fbda34e863907b259121cd2c432f3e28745b321,8036d4be8fc7e5852195551ef5554a620edf454edff44d8a9071ee7ea7882f45
R75,34,nominal,DEVELOPMENT,True,True,0.48264110417720385,-0.01735889582279615,-6.140035310861888,6.1399869483078415,6.140035315913387,25188654.072297763,7.760391580876729e-05,7.760050973390479e-05,7.759772294538091e-05,6.192863386380101e-09,,True,False,,,,,,,0.483054158171587,457bba261893674984e417a5c766453a5fd227bb1557044b3e3f37587d614756,05a3e3c88a9b0b187f9f14482e7be8665cda21d3d5fd65cd666c9a2c121f7828
R75,34,supply_097,DEVELOPMENT,True,True,0.45501957190894887,-0.04498042809105113,-6.1324502718989065,6.132401953298509,6.132450276946653,25184551.55069004,7.724717810341727e-05,7.49265402050992e-05,7.724098088184889e-05,6.1972215683811505e-09,,False,False,,,,,,,0.45540733198192024,457bba261893674984e417a5c766453a5fd227bb1557044b3e3f37587d614756,ea1d0057dc703353965765637c711efa646862b130a79ab80865f55e37135053
R75,35,nominal,DEVELOPMENT,True,True,0.4787373126320228,-0.021262687367977207,-6.171587577052654,6.1715389693431035,6.171587582130165,25189503.392004117,7.818949416516875e-05,7.818605743379393e-05,7.818324556266907e-05,6.2486024996833214e-09,,True,False,,,,,,,0.4793469630002931,020ffc77443b9aa6b7a8f7a6cd645a1a21a002785ea59bf64516d0b953e00435,7784c16406ede077beeb83a76acd094bc59f5d6918ab4c792e9d06e87789d9ac
R75,35,supply_097,DEVELOPMENT,True,True,0.45112067669026223,-0.048879323309737766,-6.163841254540049,6.163792693649912,6.163841259613513,25185835.788441546,7.783202177697963e-05,7.549380973580185e-05,7.782576910800194e-05,6.2526689776861745e-09,,False,False,,,,,,,0.4517001368106264,020ffc77443b9aa6b7a8f7a6cd645a1a21a002785ea59bf64516d0b953e00435,bc9edd3e977a5f2b46b6651e6b319f1b9134663519454c478da31d7aa558e748
R75,36,nominal,DEVELOPMENT,True,True,0.5111481220531796,0.01114812205317961,-5.905525406610389,5.905478874073736,5.905525411466662,25184207.3276353,7.332772566470698e-05,7.332458040466238e-05,7.332200701008042e-05,5.718654626555263e-09,,True,False,,,,,,,0.5115319286060604,3f58be3e236634a76c2de525d6370a07a3631d32cbb4bd1b05e2e91e330638d8,c8f51f468c439169af327ec38389a0e4aee3bcc452692a86cdeb10f9a806f923
R75,36,supply_097,DEVELOPMENT,True,True,0.48349322777366155,-0.01650677222633845,-5.898901465886229,5.898854961615037,5.8989014707403555,25177759.743930947,7.297599435290191e-05,7.078373726295918e-05,7.297026885414099e-05,5.725498760918244e-09,,True,False,,,,,,,0.4838851024163937,3f58be3e236634a76c2de525d6370a07a3631d32cbb4bd1b05e2e91e330638d8,3fca066f129f4e7f9c8e1fdc6fc1b0d3c3c8751214beb43c2484f9cb5b026e5c
R75,37,nominal,DEVELOPMENT,True,True,0.487773552854011,-0.012226447145988972,-6.102795652935902,6.102747579953051,6.102795657956012,25187715.1621504,7.683399793627222e-05,7.683065302101084e-05,7.682791627216062e-05,6.081664111602745e-09,,True,False,,,,,,,0.48803706833167254,3b1a71aff34b19898a85c109f1e1c97bd3285150b606c7e7b3778beb829cd0f2,ad31b4d422e46874755faa01824083ae9721e4ef831221159c684c024225d29c
R75,37,supply_097,DEVELOPMENT,True,True,0.46014592862989734,-0.03985407137010266,-6.095406072161923,6.095358039633684,6.095406077178642,25183077.3236697,7.647817434727683e-05,7.418066417989783e-05,7.64720879300447e-05,6.086417232134458e-09,,False,False,,,,,,,0.4603902421420058,3b1a71aff34b19898a85c109f1e1c97bd3285150b606c7e7b3778beb829cd0f2,4dbd9785f3b4373d8c408be27040e86c28c5e98a965052271a1f4107a33acf81
R75,38,nominal,DEVELOPMENT,True,True,0.5076962752755279,0.007696275275527853,-5.934003108207563,5.933956353212329,5.934003113087363,25184711.70419644,7.384550917212422e-05,7.38423379154767e-05,7.383974325094691e-05,5.765921177308935e-09,,True,False,,,,,,,0.5084342693844947,66f244704580b7bb6c8bc6c4dd37195a36d475164b6eb976cefc70c8c6bb4883,ad250bd315534939b3728179f19544933d56691430535dea5d88fa5992d11fc9
R75,38,supply_097,DEVELOPMENT,True,True,0.48004529795043543,-0.019954702049564566,-5.9272776677097285,5.927230942505163,5.92727767258723,25178485.036885,7.349319002661803e-05,7.128539266299719e-05,7.34874175981136e-05,5.772428504429664e-09,,True,False,,,,,,,0.4807874431948279,66f244704580b7bb6c8bc6c4dd37195a36d475164b6eb976cefc70c8c6bb4883,2a3e80bb07c3cb09a9ec731617c4b88df82b8999d1c351ad173b315d0524290a
R75,39,nominal,DEVELOPMENT,True,True,0.4976125015230792,-0.002387498476920824,-6.014408434717964,6.014361051321829,6.014408439665477,25185991.27489862,7.535816250547038e-05,7.535487773569029e-05,7.535219019677933e-05,5.9723086910505076e-09,,True,False,,,,,,,0.4978974978234045,504884701318f7f5ba8213b0e23e506867b95aaf2df9547bd3c675976c70af00,102f92c798a6e2724f6d9dbea8f349f1b31288645c0d52c316e559400bf1dc39
R75,39,supply_097,DEVELOPMENT,True,True,0.4699728643998041,-0.030027135600195876,-6.007372341623427,6.007324992918069,6.007372346568136,25180499.54976137,7.50041415517959e-05,7.275090879507695e-05,7.49981636476323e-05,5.977904163595015e-09,,False,False,,,,,,,0.47025067163373774,504884701318f7f5ba8213b0e23e506867b95aaf2df9547bd3c675976c70af00,e7be197ff1fc0eb3df175e1e22cb9c66053ed620d8fdee3b3c4fe514e56d0576
R75,40,nominal,DEVELOPMENT,True,True,0.507383704973903,0.007383704973902949,-5.934885490611413,5.9348387287330455,5.934885495492177,25184722.007414244,7.38924083247703e-05,7.388922755327941e-05,7.388662510387778e-05,5.783220892517475e-09,,True,False,,,,,,,0.5081689783699913,e46d5b6f44a0831bb210fa75822e4b7a0076bccadd4fc8340d915c69a6671153,e37b91ea83dea617338d15f522765a8ace24b3827619713520ce3df0ef835322
R75,40,supply_097,DEVELOPMENT,True,True,0.4797329965109318,-0.02026700348906818,-5.928152507966972,5.928105776009535,5.928152512845421,25178519.28112655,7.354004882646155e-05,7.13308367168569e-05,7.353425912490229e-05,5.789701559269413e-09,,True,False,,,,,,,0.48052215218032457,e46d5b6f44a0831bb210fa75822e4b7a0076bccadd4fc8340d915c69a6671153,07d5e3a4eda28cf2c1eb2daf50bee4c57eb3d222a960b52a2772c5a33a83be69
R75,41,nominal,DEVELOPMENT,True,True,0.5033887846238896,0.0033887846238895847,-5.965086328382455,5.965039331306754,5.965086333287993,25185445.97855003,7.449164990166017e-05,7.448844123672235e-05,7.448581596540958e-05,5.833936250591604e-09,,True,False,,,,,,,0.5050015745823402,0dc49e15cc58f58d30ccae7e774a76fce22b494df13c2415c296f1e6b349fd78,44d49d590e0e9e52801fc58b04d500b1df8d0e4a93f1686916644c49947d72ea
R75,41,supply_097,DEVELOPMENT,True,True,0.4757426712934806,-0.02425732870651942,-5.958229146330774,5.9581821811397395,5.958229151233798,25179534.4940647,7.413860080729903e-05,7.191140596411662e-05,7.413276077083088e-05,5.840036468144922e-09,,True,False,,,,,,,0.47735474839267344,0dc49e15cc58f58d30ccae7e774a76fce22b494df13c2415c296f1e6b349fd78,74eb80a9ac971657cdeb4e5dc96737148f4393b0637e222fa1cf1f5f6775295b
R75,42,nominal,DEVELOPMENT,True,True,0.5052615407343654,0.005261540734365355,-5.9519583882750435,5.951911492885469,5.951958393170181,25184976.84300492,7.42107511945193e-05,7.420754660670807e-05,7.420492467122617e-05,5.826523293136696e-09,,True,False,,,,,,,0.5058934822621249,673bbd32818bd1b52ee3fede3c8662f01119aa30f163161155733f9097bd53c1,6b3eb4d468bac4e101441b98f103bd17b1df0e94a40c2c41dc3ace0863948b9a
R75,42,supply_097,DEVELOPMENT,True,True,0.47761319526848417,-0.02238680473151583,-5.9451627492539485,5.94511588475658,5.945162754146673,25178916.927132156,7.385803707701906e-05,7.163926290537093e-05,7.385220427060065e-05,5.832806418415437e-09,,True,False,,,,,,,0.4782466560724582,673bbd32818bd1b52ee3fede3c8662f01119aa30f163161155733f9097bd53c1,4b87387b4ddab7efe2132cb1eedd8c7f9246ea40700b53eb081dddb5547624d3
R75,43,nominal,DEVELOPMENT,True,True,0.5069565976722197,0.006956597672219678,-5.938871882606265,5.938825089204628,5.938871887490657,25184682.465934604,7.39564914279371e-05,7.395329852717335e-05,7.395068615382119e-05,5.805274115914215e-09,,True,False,,,,,,,0.5072294028363625,0afa6389ec675af29c821a988286a9265a4683573ab7259ac7533183a20e73e3,d301a0a1f105720118e92b016574aa2f2b80b0cfe01b5ae19def664f85490f72
R75,43,supply_097,DEVELOPMENT,True,True,0.47930630754000253,-0.02069369245999747,-5.932128395107956,5.932081631780494,5.932128399990017,25178502.028195713,7.360406915005284e-05,7.139292498121438e-05,7.359825743017422e-05,5.8117198786203535e-09,,True,False,,,,,,,0.4795825766466958,0afa6389ec675af29c821a988286a9265a4683573ab7259ac7533183a20e73e3,61ecd55773088cda246fab74b90064afe077ab6897fdbe121f8a090f71ab00b6
F75S,24,nominal,DEVELOPMENT,True,True,0.5318527748762876,0.03185277487628757,-6.010716483376825,6.010382049817111,6.010716518688664,9475024.833613422,7.643522495785011e-05,7.610154460071711e-05,7.643522495785011e-05,-7.415119047400175e-07,7.443765582888751e-07,False,True,0.002017189948819258,6.009660962684547,0.5016850919466195,0.5617781148796156,True,False,0.532140161172993,88d2fd57a4350ff7b92c8ebad5fab7e9c735e9549d5d0f476da2bad5a77587b0,7efdfd33ec590a7e1d1c1bbfc24ee28feae0d4a04687d6827b0a777a1a5c5548
F75S,24,supply_097,DEVELOPMENT,True,True,0.49420737280821514,-0.00579262719178486,-5.973716868515366,5.973370833787822,5.9737169050034025,9286013.191890163,7.217902395616024e-05,6.983391153461974e-05,7.217902395616024e-05,-3.9942600634602443e-07,4.021311274475492e-07,True,False,,,,,,,0.4954163693582207,88d2fd57a4350ff7b92c8ebad5fab7e9c735e9549d5d0f476da2bad5a77587b0,a249cc293774e5196cdda11f91fd537393cd4aa89b05277a7a4bbb271cc5a7f8
F75S,25,nominal,DEVELOPMENT,True,True,0.45595120086651786,-0.04404879913348214,-5.99597599179386,5.9956206616087355,5.995976029237116,9181279.940354055,7.365080559048867e-05,7.362753148026879e-05,7.365080559048867e-05,-5.172024493307458e-08,5.43399841718728e-08,False,True,0.0014925723766395253,5.9954262851198905,0.42588558758650574,0.4858378761021967,True,False,0.45597356240155706,aff89d1291e989c4d3f156883756eacaadfbf4c088166265dc8de838f2b41324,3071e0e76c642b01c427c1e0687e4a32e72e5ce79dfd8db4d7ef9546bc0d73cc
F75S,25,supply_097,DEVELOPMENT,True,True,0.41970469903162433,-0.08029530096837567,-5.948280443016778,5.947914582994891,5.948280481523001,9011871.565273087,6.978587877430079e-05,6.75479201287566e-05,6.950822053907933e-05,2.776582352214535e-07,-2.751871861616151e-07,False,False,,,,,,,0.41924977058678475,aff89d1291e989c4d3f156883756eacaadfbf4c088166265dc8de838f2b41324,6b067110907ec214cd0a71aa60f93c32ed450f940779f899e44c930037af409e
F75S,26,nominal,DEVELOPMENT,True,True,0.5400933003886378,0.04009330038863779,-5.972769285974176,5.972430231319899,5.972769321740882,9380454.081694795,7.623750227227776e-05,7.587007511526732e-05,7.623750227227776e-05,-8.165047933565294e-07,8.192825245507268e-07,False,False,,,,,,,0.5420415243652595,4a4e61ba8f9e13b3c7b63a4629fdf4d8553fe45ab0f829fd44762f1de94fc8e6,12fe25cb2fcc5aa6d9852adb4311971507bfbcce516d7696e6f32e8a185f9d8b
F75S,26,supply_097,DEVELOPMENT,True,True,0.5031538352788807,0.00315383527888069,-5.935683981397324,5.93533319204297,5.935684018353389,9193881.474631023,7.20375938386151e-05,6.966009214167407e-05,7.20375938386151e-05,-4.808308484057226e-07,4.834552679482341e-07,True,False,,,,,,,0.5053177325504873,4a4e61ba8f9e13b3c7b63a4629fdf4d8553fe45ab0f829fd44762f1de94fc8e6,c7a7b9f5586d204008e820c83753e2853a36b2b294bb7bf1d1c9254a549714b9
F75S,27,nominal,DEVELOPMENT,True,True,0.5016945726491854,0.0016945726491853774,-5.9681746590834965,5.96782279421341,5.968174696158048,9204831.383390933,7.380675893726101e-05,7.359636285179817e-05,7.380675893726101e-05,-4.67546856584085e-07,4.7019104083344253e-07,True,False,,,,,,,0.5021011085122733,9ca8dca21026724852128ac2d409aad7e109e794ab0bb3505ac8394e6dccc18b,8b31ea01c29f325d6c3c1bffcb4ec8b772a30f687d6bc9d0e72fb18001e2e6bb
F75S,27,supply_097,DEVELOPMENT,True,True,0.46468097230609845,-0.03531902769390155,-5.9237680063153455,5.923404704523175,5.923768044546425,9024887.138987085,6.963396246001441e-05,6.748590470410618e-05,6.963396246001441e-05,-1.3119751579511755e-07,1.3368997148147044e-07,False,False,,,,,,,0.465377316697501,9ca8dca21026724852128ac2d409aad7e109e794ab0bb3505ac8394e6dccc18b,07a473475a96640500def48ade7272fcc714a60de806899e434d6d5186ebb545
F75S,28,nominal,DEVELOPMENT,True,True,0.4872410274035109,-0.012758972596489115,-6.006774774453969,6.006427432466347,6.006774811085168,9294108.2215788,7.418115023984437e-05,7.40299158865453e-05,7.418115023984437e-05,-3.3607634066461613e-07,3.388026399686456e-07,True,False,,,,,,,0.4879931995098576,eadf507d6643bb8cda97f360f21b77702e836bb2de569b39e9a2565e6e2e28ff,5bf55c32974a1bf0ec77605f8bbcf99cc3efa4bbc940a69b545a76b5d02041bf
F75S,28,supply_097,DEVELOPMENT,True,True,0.45038119167275537,-0.049618808327244635,-5.96287574786365,5.962517483874756,5.9628757855993895,9118125.075613229,6.999130939259102e-05,6.78910629931627e-05,6.999130939259102e-05,-1.1269281124048035e-09,3.69922391631472e-09,False,False,,,,,,,0.4512694076950853,eadf507d6643bb8cda97f360f21b77702e836bb2de569b39e9a2565e6e2e28ff,1cd9605f517d31d59ab9d0b72e878ee8511222861bd3de1a48d6bc2dd2ec2bac
F75S,29,nominal,DEVELOPMENT,True,True,0.504971170293985,0.004971170293984972,-6.022311979143803,6.021971924471506,6.02231201503636,9405474.31961077,7.567626653630767e-05,7.545253718241068e-05,7.567626653630767e-05,-4.971763419933271e-07,4.999940687405147e-07,True,False,,,,,,,0.5051509068238963,81be8084f36ee07d9a8c7358c012dad8411ed24d19515cfb050786b175549752,2fd0807e43c96d60b43779400e1896ca47deb17fe95cee0a528aed019b7174c3
F75S,29,supply_097,DEVELOPMENT,True,True,0.46772498870402934,-0.03227501129597066,-5.981502023296027,5.98115087620272,5.981502060311718,9224376.414190976,7.144833763621643e-05,6.923346435335448e-05,7.144833763621643e-05,-1.5871811950103273e-07,1.6137807509018554e-07,False,False,,,,,,,0.468427115009124,81be8084f36ee07d9a8c7358c012dad8411ed24d19515cfb050786b175549752,68b3f9332f2f0c71efeedff177e74570d38db205d510c9ba8bdbfcff1e08726d
F75S,30,nominal,DEVELOPMENT,True,True,0.4873597303455336,-0.012640269654466407,-6.0087705224486765,6.008423467039934,6.008770559047963,9299490.784195572,7.537452160701996e-05,7.522279709775421e-05,7.537452160701996e-05,-3.3716557614610343e-07,3.398807458407266e-07,True,False,,,,,,,0.48765835778542266,0eae8736a27f64e22ceabed88afbc1303f40616d368194bb7b418a5078fe7316,d24ddf3dd3434a98edf13585e05ad9d2e480ea78ee912bac91c390d0a89fd850
F75S,30,supply_097,DEVELOPMENT,True,True,0.4510538398676237,-0.04894616013237629,-5.965354093415954,5.9649963083934905,5.9653541311002485,9126160.673846543,7.12055165021829e-05,6.906608867139181e-05,7.12055165021829e-05,-7.249634945800335e-09,9.813435181657005e-09,False,False,,,,,,,0.45093456597065035,0eae8736a27f64e22ceabed88afbc1303f40616d368194bb7b418a5078fe7316,d7eff7723c24646ac7624b2df5037be4e9f9e5e730bc8c0a99f11f6dcd191475
F75S,31,nominal,DEVELOPMENT,True,True,0.5043132699446846,0.004313269944684617,-5.987086497549595,5.98673942737334,5.987086534146756,9282523.70498,7.50595386763606e-05,7.483846520072106e-05,7.50595386763606e-05,-4.91274390310094e-07,4.940052604158357e-07,True,False,,,,,,,0.5057967090942168,b31e2791ec93e8337cbe3fde1ae486e9613d7001fc051ddaf80df1253cf5c8e2,9a972c5442de026b5b6da65824cca8fdb8cd1d3879cc917e573c020e0302818a
F75S,31,supply_097,DEVELOPMENT,True,True,0.4673585272469734,-0.03264147275302659,-5.944542850420994,5.944184537517063,5.944542888155773,9103435.788473435,7.087200842267352e-05,6.867589029104923e-05,7.087200842267352e-05,-1.5546195320908498e-07,1.5803907714882826e-07,False,False,,,,,,,0.4690729172794445,b31e2791ec93e8337cbe3fde1ae486e9613d7001fc051ddaf80df1253cf5c8e2,0f48cf5636f0fe0c2d2b7a6d53a0e6c2e621f41f0909c7b6850c80129fce3126
F75S,32,nominal,DEVELOPMENT,True,True,0.4890549147160275,-0.010945085283972478,-5.961251021076162,5.960895274729619,5.961251058555763,9149218.684849678,7.404551376204435e-05,7.388682537311418e-05,7.404551376204435e-05,-3.526408642892751e-07,3.5528506073134294e-07,True,False,,,,,,,0.489920724625264,c2e031ec73dfa13e91a3567953d7066ea585a6fd4a80ee4b7ad93aab65d94b05,06bc91484b5183833b92b5713fa76dd5e363941e485d52b76c2064f51677b8d6
F75S,32,supply_097,DEVELOPMENT,True,True,0.45229428544968414,-0.04770571455031586,-5.915321127040187,5.914954157430359,5.915321165653946,8973401.21615096,6.988967393190932e-05,6.778461777844025e-05,6.988967393190932e-05,-1.8590967804002056e-08,2.1083757716441888e-08,False,False,,,,,,,0.45319693281049167,c2e031ec73dfa13e91a3567953d7066ea585a6fd4a80ee4b7ad93aab65d94b05,228c027c1a51d20a53b4b332bfeced3c0add6e852b83511213f80f36b2d7b654
F75S,33,nominal,DEVELOPMENT,True,True,0.46563460419806046,-0.034365395801939536,-5.960067605726824,5.9597071392212015,5.9600676436905555,9087992.798768317,7.299439281378412e-05,7.293149403859796e-05,7.299439281378412e-05,-1.3977505596924006e-07,1.4236853638368296e-07,False,False,,,,,,,0.46650686454921747,c1dfa3bc452b9a8e24b3bd75cf7c90d1fa2d7cb14aaba9208b66b944036807e6,932a65e6986c3b97e73a8e3212ebd885059ab97111a9de6668efe198319ed520
F75S,33,supply_097,DEVELOPMENT,True,True,0.428694544453035,-0.07130545554696499,-5.910981635464261,5.910610096343891,5.910981674545645,8915122.403106092,6.903097474699126e-05,6.685817428220301e-05,6.883506855010948e-05,1.959061968817826e-07,-1.934639357814738e-07,False,False,,,,,,,0.42978307273444516,c1dfa3bc452b9a8e24b3bd75cf7c90d1fa2d7cb14aaba9208b66b944036807e6,d9099ae4922187922b82fca8ba5a405ebee25e93ff49110c243f0cb564d0c989
F75S,34,nominal,DEVELOPMENT,True,True,0.5301250058491114,0.030125005849111375,-6.051601160254435,6.051274938494839,6.051601194741059,9625743.92684859,7.76079901253586e-05,7.728142462727158e-05,7.76079901253586e-05,-7.257011068600452e-07,7.286799478051098e-07,False,False,,,,,,,0.5304609482355324,d298f050d03e7d0ee85035ca1576b24899df5bad0611500f9fd77e161928fdce,aee37bafcf0a997682e1aed81c178a6b0417259abb9f9d0eb13caa67ce8668c6
F75S,34,supply_097,DEVELOPMENT,True,True,0.49271119224857307,-0.007288807751426929,-6.017284912581399,6.016947516720766,6.017284948201994,9438705.28608802,7.33326550880412e-05,7.095910034758385e-05,7.33326550880412e-05,-3.857224173691343e-07,3.8853968074881393e-07,True,False,,,,,,,0.49373715642076005,d298f050d03e7d0ee85035ca1576b24899df5bad0611500f9fd77e161928fdce,1726daedb1d72d8f71cda2f192d42ac9e37d3be4822d32a8df6a05e9b0c790f3
F75S,35,nominal,DEVELOPMENT,True,True,0.5028876702770558,0.0028876702770558316,-6.064107390774987,6.063775772241535,6.064107425827268,9556930.929924091,7.7017427976984e-05,7.680228345007683e-05,7.7017427976984e-05,-4.780989486825719e-07,4.810668079023018e-07,True,False,,,,,,,0.5035376097092654,b30c3fb5293ccd3cc3775146ebfad042e72c1440d20d484020142de1b776690c,ad90db72fc1e770b2eb57f6f448e5e4f35d7c0d21bb97da7ab73ea3330b89903
F75S,35,supply_097,DEVELOPMENT,True,True,0.465948747182793,-0.034051252817207,-6.026101077288617,6.0257588696595015,6.026101113414105,9378651.402494457,7.277108852130595e-05,7.052385942337196e-05,7.277108852130595e-05,-1.424365384329108e-07,1.452438179846377e-07,False,False,,,,,,,0.4668138178944931,b30c3fb5293ccd3cc3775146ebfad042e72c1440d20d484020142de1b776690c,19b3197a213acafcd9c4e3bef91b66c131b0d97e17b7c6e52009db92e92288f5
F75S,36,nominal,DEVELOPMENT,True,True,0.5033951700910158,0.0033951700910157534,-5.985966112501762,5.985618211296362,5.985966149180665,9270599.483405009,7.483304216313936e-05,7.461571451163806e-05,7.483304216313936e-05,-4.829503366695471e-07,4.85656667243205e-07,True,False,,,,,,,0.5038462847196347,2affbdb5800af7ed9cfb7d5ec4d27b87ac757d09483c80f3fb5eb7ff247e1bd8,0ffb47abc11ff7cb3bfc14bf863c9e9e03eb30b3b2468184d6d7ebe0d8af8452
F75S,36,supply_097,DEVELOPMENT,True,True,0.4662463058477296,-0.03375369415227042,-5.94268964399676,5.942330411561885,5.942689681821977,9090337.519370168,7.06348262931969e-05,6.845036342542606e-05,7.06348262931969e-05,-1.4537350883318942e-07,1.4792570759397827e-07,False,False,,,,,,,0.46712249290486235,2affbdb5800af7ed9cfb7d5ec4d27b87ac757d09483c80f3fb5eb7ff247e1bd8,e47c18b56f23a9c6482990983f2e844d31b0b91ee9257716a61ca9bcb53dd499
F75S,37,nominal,DEVELOPMENT,True,True,0.44299825153445704,-0.057001748465542956,-5.98304621158459,5.9826866591983645,5.983046249460935,9117137.274254117,7.30773723731516e-05,7.30410696533105e-05,7.301136742798595e-05,6.600494516565119e-08,-6.34169901388637e-08,False,False,,,,,,,0.44302565721029624,f2113fb5a62c2786f7f0b021072d11c7a628ed91fb1c54730313f9a9ae205336,1147e86d4b335cc83cbc0925271d7704f0a2c3e30411ffe1aec919dcc3e4531d
F75S,37,supply_097,DEVELOPMENT,True,True,0.4065437815496383,-0.09345621845036173,-5.933161196401107,5.932791108393728,5.933161235340107,8949097.604743535,6.9267140060272e-05,6.698254314801246e-05,6.886986561709628e-05,3.9727444317572136e-07,-3.9483474018604304e-07,False,False,,,,,,,0.40630186539552393,f2113fb5a62c2786f7f0b021072d11c7a628ed91fb1c54730313f9a9ae205336,675d5a54f463709eca2f7362c58c50de3d37f47abab3c064a148bfb3f8a2e2be
F75S,38,nominal,DEVELOPMENT,True,True,0.5916258797978121,0.09162587979781212,-5.952087040705189,5.951770908866066,5.952087074123213,9697745.587950267,7.81442229861116e-05,7.756605574480627e-05,7.81442229861116e-05,-1.2848160917896287e-06,1.2877771887991557e-06,False,False,,,,,,,0.5919664906985939,e97e69eeab442f0b0bf635482be110a3b94d22e874415d04ea76680ce1fb1586,2522acbe3824b318c695cabc79b45d3b0a9b5633c061895c7cbf4227840c65ee
F75S,38,supply_097,DEVELOPMENT,True,True,0.5540941232693032,0.054094123269303185,-5.9308017229327366,5.930472464933747,5.930801757686783,9485496.582912063,7.387577554949247e-05,7.123480928189263e-05,7.387577554949247e-05,-9.437622247001807e-07,9.465650102230095e-07,False,False,,,,,,,0.5552426988838216,e97e69eeab442f0b0bf635482be110a3b94d22e874415d04ea76680ce1fb1586,86cc04d5fccd644bd544fd1e9811bb81690852c418df3733a49480d65d5769d1
F75S,39,nominal,DEVELOPMENT,True,True,0.4810733579552178,-0.018926642044782227,-6.007000164333494,6.006651766133564,6.007000201079516,9280189.024713991,7.492419709081213e-05,7.479819994131032e-05,7.492419709081213e-05,-2.799936655595585e-07,2.8273421299622237e-07,True,False,,,,,,,0.4815449218557436,d6e37eebdfa9792beea01158549cb559b957364a20d95acd713c53b8e451929b,3bfa077c6bc9a6690860975adf34629418252e1742d9328708fbe3c19c9ef2ab
F75S,39,supply_097,DEVELOPMENT,True,True,0.4445956136099631,-0.05540438639003692,-5.962835768324489,5.962476668644338,5.962835806152402,9107426.13843574,7.080150780349502e-05,6.865069149740726e-05,7.075002497275864e-05,5.148283073637405e-08,-4.8895580826731065e-08,False,False,,,,,,,0.4448211300409713,d6e37eebdfa9792beea01158549cb559b957364a20d95acd713c53b8e451929b,0bdd621a79274add1fb22f6e530bbaaaaab2ae86b979fce910f9a8b026c737db
F75S,40,nominal,DEVELOPMENT,True,True,0.5593360806838383,0.05933608068383833,-5.996456232058215,5.996130266309031,5.9964562664984715,9585557.771757685,7.776769033666562e-05,7.732160569779272e-05,7.776769033666562e-05,-9.912991974953293e-07,9.94230887088849e-07,False,False,,,,,,,0.560028804987304,77e31b47d9e19adaadda354c7dfe3db151b9a152956fbda10a99b7509bdc11ee,ff65fbb671be4b8664bcd6478558fc01d02be53de87f360077f857aefdd34970
F75S,40,supply_097,DEVELOPMENT,True,True,0.5219827047798238,0.02198270477982378,-5.965719167628015,5.96538123478,5.965719203283607,9390487.29869539,7.351034844984118e-05,7.101169772400469e-05,7.351034844984118e-05,-6.518672718695048e-07,6.546403206112878e-07,True,False,,,,,,,0.5233050131725318,77e31b47d9e19adaadda354c7dfe3db151b9a152956fbda10a99b7509bdc11ee,618f26b7ebea759b87d8a424e9132fd6945d64a6441ddd5936bcbe9ab99c25da
F75S,41,nominal,DEVELOPMENT,True,True,0.511361122068739,0.01136112206873896,-5.9590113840709105,5.958660111574771,5.9590114210821765,9205512.813910874,7.446710309767604e-05,7.42171643280759e-05,7.446710309767604e-05,-5.554194880003365e-07,5.58069271887357e-07,True,False,,,,,,,0.5120606881043226,d359bfdf596661fb412e3111d83c92bb22ddd550afc599312d3993f246844bac,3a20ddb467da9cc55716af443fbe6cd639474dc8e4a9fac11df72c334663cc1b
F75S,41,supply_097,DEVELOPMENT,True,True,0.474330512779671,-0.025669487220329024,-5.915421801881809,5.9150589471533985,5.915421840064592,9024084.869700281,7.029037437175181e-05,6.808315118814281e-05,7.029037437175181e-05,-2.1891544990323714e-07,2.2141358280638568e-07,False,False,,,,,,,0.4753368962895503,d359bfdf596661fb412e3111d83c92bb22ddd550afc599312d3993f246844bac,3386356813b2e66962fb088643161390b57a5074e145eaa91916d074c6a12d97
F75S,42,nominal,DEVELOPMENT,True,True,0.492241380028342,-0.0077586199716579984,-5.961853936079765,5.961498668515136,5.961853973502942,9155902.227105688,7.389565713824867e-05,7.372392180175432e-05,7.389565713824867e-05,-3.816340810985355e-07,3.8425039217357014e-07,True,False,,,,,,,0.49222848093818405,9f7f5fa02051e87c37e78b101acf44675f2d868d69871965ab060c7269607516,ce5f547b942bb1d20965803b2e9f28729ac4a6e30b2c3254d85b8d5d2efaf853
F75S,42,supply_097,DEVELOPMENT,True,True,0.4554353270526669,-0.04456467294733307,-5.916018901121766,5.915652318164826,5.916018939688478,8978658.103248278,6.973920439118112e-05,6.762580151249844e-05,6.973920439118112e-05,-4.717054877170085e-08,4.963621564949616e-08,False,False,,,,,,,0.45550468912341174,9f7f5fa02051e87c37e78b101acf44675f2d868d69871965ab060c7269607516,7ba69922ea81ffc90583a08695f037b0a6814874187d1216783a665b48015f03
F75S,43,nominal,DEVELOPMENT,True,True,0.5027536773353132,0.002753677335313176,-5.975275867301741,5.974925821186686,5.975275904198802,9234026.52965855,7.436166623733181e-05,7.414695557318222e-05,7.436166623733181e-05,-4.771348092213242e-07,4.79823292430997e-07,True,False,,,,,,,0.5028392384528858,67e5c84dcd3029acf60fa2601e29aa82bfd56f7f8bb89d9cd56d9d035435e2fd,fea833a1854cd0b8675d1a42328fc709aedc55f4bcbd9cbe45c4b6464377461b
F75S,43,supply_097,DEVELOPMENT,True,True,0.465898423764876,-0.034101576235124,-5.931720097621261,5.93135874048385,5.931720135662298,9055167.23008036,7.018842862023217e-05,6.801877411637622e-05,7.018842862023217e-05,-1.4222587833108077e-07,1.4476164981564898e-07,False,False,,,,,,,0.4661154466381135,67e5c84dcd3029acf60fa2601e29aa82bfd56f7f8bb89d9cd56d9d035435e2fd,eee749abefbacb9f627215949bd4371f32118cea14af79407f56b017dd11789f
F75L,24,nominal,DEVELOPMENT,True,True,0.5213733153188891,0.021373315318889086,-6.009888878103543,6.009528222306986,6.009888916141244,9123467.142298577,7.590313257911638e-05,7.561230235379498e-05,7.590313257911638e-05,-6.462893896031353e-07,6.491042142285785e-07,True,True,0.0017426506535523207,6.009003331957677,0.49122514493661007,0.5513121430023747,True,True,0.5217569820311616,1a13f7d1dd3de1f1b6e025129490acbd8f7230e6e6ac984fcc0503f5609997ad,2e40aa058004de49dd352361ffab894f5eca660e943ae3dc635c32868f71c5ea
F75L,24,supply_097,DEVELOPMENT,True,True,0.4829170739599733,-0.017082926040026702,-5.969047291271613,5.9686753001235635,5.9690473304577685,8952977.552868115,7.163357389419447e-05,6.935099204924251e-05,7.163357389419447e-05,-2.9683250694695004e-07,2.9948748890503865e-07,True,False,,,,,,,0.48399236575870835,1a13f7d1dd3de1f1b6e025129490acbd8f7230e6e6ac984fcc0503f5609997ad,16d57f943ebd97786c3a899174f998a88e781600c66545047e3645aa44a99be9
F75L,25,nominal,DEVELOPMENT,True,True,0.46632381130472433,-0.033676188695275666,-6.002227077181239,6.001854061706079,6.0022271164807455,8965419.972468682,7.412707890169936e-05,7.406138682592717e-05,7.412707890169936e-05,-1.4598239060485164e-07,1.486398739867578e-07,False,True,0.0013936515691126256,6.001690435419686,0.43623269930238884,0.496247675851886,True,False,0.46645493474318034,7d89c35d0d3aec750bc4909fe2d1247aeb4ffcdb0647ee7b99b37cd74a55fab2,3838151d2065d6b635316cfb81bde8390439504a2bd2ced4259ecb750d693ebf
F75L,25,supply_097,DEVELOPMENT,True,True,0.42887548104276285,-0.07112451895723715,-5.954506065196371,5.9541226136320144,5.9545061055501085,8807313.963282134,7.012548011815234e-05,6.792067034366815e-05,6.99311620971146e-05,1.943180210377455e-07,-1.9181338746860176e-07,False,False,,,,,,,0.4286903184707271,7d89c35d0d3aec750bc4909fe2d1247aeb4ffcdb0647ee7b99b37cd74a55fab2,55d07d362695450588c196d4ecc0d6f9587b71cb85f91c2cfc3d8818db44ec88
F75L,26,nominal,DEVELOPMENT,True,True,0.5342838036849006,0.03428380368490058,-5.977217619754638,5.976854213518847,5.977217658057173,9064036.897062982,7.583979740593073e-05,7.549612604373717e-05,7.583979740593073e-05,-7.637141382079121e-07,7.664666230282158e-07,False,False,,,,,,,0.536126630671504,77f27c86c9268b18320a17495b5bdfc7b7c816051c64ae6080891edc4a1dbfa7,5dbad0eee6390a90c58d01017f0999a39998a433e7f65f51e209016ff4ab26a0
F75L,26,supply_097,DEVELOPMENT,True,True,0.4962316635185007,-0.0037683364814993237,-5.937148269217577,5.936773235633227,5.937148308698276,8892902.14432874,7.160546324232649e-05,6.926923230778496e-05,7.160546324232649e-05,-4.1792674949274553e-07,4.2052396023573247e-07,True,False,,,,,,,0.49836201439905076,77f27c86c9268b18320a17495b5bdfc7b7c816051c64ae6080891edc4a1dbfa7,702142f17e9bd12526241cb850d9d793ac6207006541094ba619df1ecf7860d6
F75L,27,nominal,DEVELOPMENT,True,True,0.5061087543381669,0.006108754338166933,-5.9739232447349515,5.97355167214921,5.973923283871662,8961647.457567176,7.420211596115083e-05,7.397366902360091e-05,7.420211596115083e-05,-5.076598612220465e-07,5.103215572594594e-07,True,False,,,,,,,0.5065225223570065,11dd7598a657c24e2668ce0f3e3d1b10a657061234ed7b518742c6362d3f6486,25532aa603895d597b2741df3177343e7a0594228e7f8b7cbd51188a553d6189
F75L,27,supply_097,DEVELOPMENT,True,True,0.4680704830292722,-0.03192951697072782,-5.928810891402696,5.92842802025803,5.928810931682369,8794967.322282402,6.998759989898408e-05,6.781507300476535e-05,6.998759989898408e-05,-1.6199754944272188e-07,1.645050753484517e-07,False,False,,,,,,,0.4687579060845532,11dd7598a657c24e2668ce0f3e3d1b10a657061234ed7b518742c6362d3f6486,69dc742838057034fe63101c9f384eac5b8577a6b293d726e0e1e5e31fc6f900
F75L,28,nominal,DEVELOPMENT,True,True,0.48930376141029164,-0.010696238589708362,-6.007528589950546,6.007160415226984,6.00752862875775,9027942.989636965,7.446271750768698e-05,7.430304601805415e-05,7.446271750768698e-05,-3.5482553251739e-07,3.5755506085117405e-07,True,False,,,,,,,0.49004077370463756,d12814d8e75e1bdb481580d6485f2aebdf898947cbf94bf03abbba2afcdcceff,9b60c69f408d738487f2d31f5637d99eeae914f25de96776194c118342e14b2e
F75L,28,supply_097,DEVELOPMENT,True,True,0.4513962780177413,-0.04860372198225871,-5.962381296596833,5.962002339061972,5.962381336494675,8865364.442090377,7.023510509431793e-05,6.812339256694076e-05,7.023510509431793e-05,-1.0354165661419657e-08,1.2927363611273113e-08,False,False,,,,,,,0.4522761574321843,d12814d8e75e1bdb481580d6485f2aebdf898947cbf94bf03abbba2afcdcceff,4aad6d7fc7025b2d766b0fc236175e195f6e07709cb203d3528787907fc7bbc1
F75L,29,nominal,DEVELOPMENT,True,True,0.5000046115010645,4.611501064455403e-06,-6.019430101163133,6.019066355528124,6.019430139522644,9091740.255822105,7.542692924403099e-05,7.52235062072018e-05,7.542692924403099e-05,-4.520511929537543e-07,4.548409957152677e-07,True,False,,,,,,,0.5001903511893274,ba7bc506ee896d465584793c10d552cf9380ad67b987890ae4f85e3dcc1b345e,f7cc6e69275f92ad0f8ea2e7fb1ef61d2d85fd21dcb61b48a5af2440f3af488f
F75L,29,supply_097,DEVELOPMENT,True,True,0.46185309606057423,-0.03814690393942577,-5.976126625898184,5.975751986984187,5.976126665360313,8926727.843948113,7.117538239287249e-05,6.899270726860748e-05,7.117538239287249e-05,-1.0536367217519205e-07,1.0799459338821815e-07,False,False,,,,,,,0.46242573491687416,ba7bc506ee896d465584793c10d552cf9380ad67b987890ae4f85e3dcc1b345e,6d15839bcf38a307f0d7a9b688b3f47892dfdd674d9e3fa42846742ab72ef3b0
F75L,30,nominal,DEVELOPMENT,True,True,0.4898425389342576,-0.01015746106574239,-6.009718014937151,6.009350257025903,6.009718053699154,9034702.339162247,7.528438611901889e-05,7.512250671773216e-05,7.528438611901889e-05,-3.597320028593835e-07,3.624521890566418e-07,True,False,,,,,,,0.4901127057874529,538d0d87d2f9b789235788531211fd54ff61fd358349787844415030e1d6a4cd,ed5697e068fbb711f1103a00f02224838693c2dcf3b3f1e3ff003ba9e581eb04
F75L,30,supply_097,DEVELOPMENT,True,True,0.4523124137168615,-0.04768758628313852,-5.964989002067825,5.964610580423371,5.964989041908415,8873621.004628384,7.107004288925394e-05,6.892953134231351e-05,7.107004288925394e-05,-1.868946725071957e-08,2.1255190443542627e-08,False,False,,,,,,,0.45234808951499966,538d0d87d2f9b789235788531211fd54ff61fd358349787844415030e1d6a4cd,f6b6a8f9f55a1459003a87f5d2abdf0126a64671a3da8443fe28b00eba922c16
F75L,31,nominal,DEVELOPMENT,True,True,0.5047711331632049,0.004771133163204877,-5.9894502992006124,5.989081815526295,5.989450338033391,9010609.677370012,7.504054027544065e-05,7.481759325210343e-05,7.504054027544065e-05,-4.954378296382548e-07,4.98167548668223e-07,True,False,,,,,,,0.5062233012139815,33eb535aeb7d39e9575082b5db608077f3bce1a06113154ebfe923ea67d3592a,6b9f9c904d0faf56583f0f2e857ac2e85ee65627d4e822c177282a1c9811f1ba
F75L,31,supply_097,DEVELOPMENT,True,True,0.4667816309274675,-0.033218369072532505,-5.9453991934052315,5.945019604777744,5.945399233361795,8845306.064634874,7.081589209997879e-05,6.862381613813901e-05,7.081589209997879e-05,-1.5022044186759021e-07,1.527942650879116e-07,False,False,,,,,,,0.46845868494152826,33eb535aeb7d39e9575082b5db608077f3bce1a06113154ebfe923ea67d3592a,3e2a5a73de00a3cddbb2746b602dfd6f30649fde09967652483f0ffbd822cac7
F75L,32,nominal,DEVELOPMENT,True,True,0.4965342315377346,-0.003465768462265373,-5.9690900158554765,5.968715824767169,5.969090055268973,8926808.529003618,7.436078599897356e-05,7.417151263694058e-05,7.436078599897356e-05,-4.206074711844113e-07,4.232815682589053e-07,True,False,,,,,,,0.4973708756072661,9c7e42d2e623280c64bd04157c1184b723270a5c4f16fe853028f745fbf7f24e,4de649dd327532358805d1c6faec1a9dce8fba8ddda004af1ccd8cda108273ae
F75L,32,supply_097,DEVELOPMENT,True,True,0.4586801729304546,-0.0413198270695454,-5.922913772452706,5.9225284750532365,5.922913812989155,8762882.058196032,7.015814320562795e-05,6.801891986174432e-05,7.015814320562795e-05,-7.662010603287856e-08,7.91397187012588e-08,False,False,,,,,,,0.45960625933481286,9c7e42d2e623280c64bd04157c1184b723270a5c4f16fe853028f745fbf7f24e,5bcd8b4a6bf0a81da6698d693a62d67b2b9979283e0138e71d73aee732a1ef42
F75L,33,nominal,DEVELOPMENT,True,True,0.47758512148150567,-0.02241487851849433,-5.97082832097913,5.970451068165713,5.970828360708447,8891777.05066552,7.362692900217439e-05,7.351516117150736e-05,7.362692900217439e-05,-2.483729570378133e-07,2.510139191112737e-07,True,False,,,,,,,0.47814949743971735,3166fc558ec67dacc4a0dbb88f0525519f39a86fb22f91b975920de7054d717b,dafa17957d2f38d8ec190d3c38de77a43df644ca1d0abf8399acd097eace9028
F75L,33,supply_097,DEVELOPMENT,True,True,0.4396539315588467,-0.06034606844115331,-5.922321371742781,5.921933215591793,5.922321412573539,8730206.171460986,6.951952318059768e-05,6.738385341737914e-05,6.942320766559651e-05,9.63155150011637e-08,-9.382913291141493e-08,False,False,,,,,,,0.4403848811672641,3166fc558ec67dacc4a0dbb88f0525519f39a86fb22f91b975920de7054d717b,de410cf394e18b2a4f284f6e782ea0a8587a4f4968129901b08ae989dccdcac3
F75L,34,nominal,DEVELOPMENT,True,True,0.5140034299589717,0.014003429958971747,-6.04726529731529,6.046910429766412,6.047265334775072,9226028.557392443,7.670722900574953e-05,7.644658271983746e-05,7.670722900574953e-05,-5.792139686934669e-07,5.82112902720373e-07,True,False,,,,,,,0.5143568416577695,c3bcad1590eba88b0bae606aa812704d8e521cc790286f714a864f178e8e0b96,7671b039542ea865b611b974b1d75e3fa7ad62f278379fd47b048a5313b9f520
F75L,34,supply_097,DEVELOPMENT,True,True,0.475708770390367,-0.02429122960963298,-6.0076973429044855,6.007331574295065,6.007697381469206,9057687.08906101,7.242182990814388e-05,7.014512251725418e-05,7.242182990814388e-05,-2.3122776365641032e-07,2.33964927538029e-07,True,False,,,,,,,0.47659222538531626,c3bcad1590eba88b0bae606aa812704d8e521cc790286f714a864f178e8e0b96,518f8ebfffbaaac23c7f38d3b2f2f2f5eb33b1373513de990119bcdf471df33d
F75L,35,nominal,DEVELOPMENT,True,True,0.4920043039333017,-0.00799569606669831,-6.056126296852123,6.05576858584569,6.056126334615962,9196158.337524297,7.635126526711897e-05,7.618061914676681e-05,7.635126526711897e-05,-3.7921360078257364e-07,3.821216792547599e-07,True,False,,,,,,,0.4925875200593442,7602ce95ce7b76c1d67fa93a640dd47b62e6f40db63ad1070adf451d186f5a50,a7941150ae7927350ea8ea995d634508e61e8e7243929711e457526a105ec73a
F75L,35,supply_097,DEVELOPMENT,True,True,0.4540546123146961,-0.04594538768530387,-6.014333583555096,6.013965457787621,6.0143336223736,9033611.33666454,7.208395444921674e-05,6.990597229006114e-05,7.208395444921674e-05,-3.436339039800682e-08,3.7109784107157705e-08,False,False,,,,,,,0.45482290378689094,7602ce95ce7b76c1d67fa93a640dd47b62e6f40db63ad1070adf451d186f5a50,1c7cf35387a63f93f6ea9ea8ad3b8a8a8014d2603efefda413e8db38e27db450
F75L,36,nominal,DEVELOPMENT,True,True,0.5043102631379164,0.004310263137916381,-5.988421086275941,5.98805199630083,5.988421125167434,9002462.002705913,7.486173795631896e-05,7.464066720728586e-05,7.486173795631896e-05,-4.912683311846704e-07,4.939757982606952e-07,True,False,,,,,,,0.5047248292982763,0bad40197a9718fc8bba00cc4940b77e98186572ecef89fda260256f409b888f,1ac431832b735a1eaa406d1cfc3ec61849464a96090789ff80c9083630bfee3c
F75L,36,supply_097,DEVELOPMENT,True,True,0.4662069454487394,-0.03379305455126058,-5.9438467481529385,5.943466491875395,5.943846788174217,8836368.70235882,7.06312605201003e-05,6.844706535773846e-05,7.06312605201003e-05,-1.450163261307747e-07,1.475678218743176e-07,False,False,,,,,,,0.4669602130258231,0bad40197a9718fc8bba00cc4940b77e98186572ecef89fda260256f409b888f,69211d3787d28e55d62150f49cd4c177f59876e23a769dd85ccf0a3d137029a4
F75L,37,nominal,DEVELOPMENT,True,True,0.45663990441295266,-0.04336009558704734,-5.99285089788653,5.992474893406972,5.992850937494304,8922981.402845267,7.366732504124285e-05,7.364124156108898e-05,7.366732504124285e-05,-5.796328923080149e-08,6.0602715206447e-08,False,False,,,,,,,0.4567061414146583,6a4c42debbc4f2b28faff471f2a3c8270283fe3172f55cc80abb87bfc0526a1b,23dc000f866e59356407276cb1f6de600d11bfcb0bb5f66ab3dc1dd537bcb117
F75L,37,supply_097,DEVELOPMENT,True,True,0.4190805754472886,-0.0809194245527114,-5.943596587381848,5.9432101782291955,5.943596628040011,8765519.30777425,6.975735547455434e-05,6.751729477544269e-05,6.947400925364084e-05,2.833462209134944e-07,-2.8085962343576356e-07,False,False,,,,,,,0.41894152514220506,6a4c42debbc4f2b28faff471f2a3c8270283fe3172f55cc80abb87bfc0526a1b,dcde4affbc527fb4703b981ddfc91e7846b570c8226b46802a3a42660594842f
F75L,38,nominal,DEVELOPMENT,True,True,0.570597440848291,0.070597440848291,-5.974739100868927,5.974389432224489,5.974739137765353,9238451.747896109,7.707200672563526e-05,7.657982769445117e-05,7.707200672563526e-05,-1.0937311804091045e-06,1.0966012904420002e-06,False,False,,,,,,,0.570877107227119,d60b56b30f6eddb182967bbaa780dfa6937e528d9d21f3e465a7e71f09e4f714,037a1f432b513057388214e71b876b4dfb75d8b65783ab23624dab085a4ba86c
F75L,38,supply_097,DEVELOPMENT,True,True,0.5320635792391908,0.03206357923919079,-5.943753573535538,5.943391312062603,5.943753611711259,9052907.291576274,7.278979559491112e-05,7.027149618082626e-05,7.278979559491112e-05,-7.43567880527856e-07,7.462790043391215e-07,False,False,,,,,,,0.5331124909546658,d60b56b30f6eddb182967bbaa780dfa6937e528d9d21f3e465a7e71f09e4f714,98ebe70392b4bfb9f294baeb59b44039f4ee1004d1ed41c84e13068661b93549
F75L,39,nominal,DEVELOPMENT,True,True,0.48432825123088885,-0.01567174876911115,-6.008260522607912,6.007891754709832,6.00826056148281,9021222.658786723,7.497102853158768e-05,7.48317190130594e-05,7.497102853158768e-05,-3.095767078406487e-07,3.123248415248231e-07,True,False,,,,,,,0.48478508747400717,1fa753aeec40be7cb17491a6daec70d02fdf286bbd93fed7dcef9b7392b46cf4,f30d22c57e58a54be81b979ca70178d1d414483242d93299885cdd34acba7bf6
F75L,39,supply_097,DEVELOPMENT,True,True,0.4466863806289044,-0.05331361937109558,-5.962953461427981,5.962574085919864,5.962953501375533,8860871.290188778,7.078618139491995e-05,6.864570632095347e-05,7.075370133315285e-05,3.248006176710151e-08,-2.9888187534246046e-08,False,False,,,,,,,0.4470204712015539,1fa753aeec40be7cb17491a6daec70d02fdf286bbd93fed7dcef9b7392b46cf4,90f554ce3887e3b3761009a94e5fd7f059e2ae4d408491cb3bcdc363d0d89ca6
F75L,40,nominal,DEVELOPMENT,True,True,0.5433420101574429,0.04334201015744288,-6.0022954852764885,6.001940128385347,6.002295522767874,9185602.032813072,7.681909723454261e-05,7.643841317672779e-05,7.681909723454261e-05,-8.4596457292183e-07,8.488236442822444e-07,False,False,,,,,,,0.5441316877018545,da8b047dbe8d5cb3cbdb3180b7ae4526706947f37b87f8c2fe3422df156d2046,3603c91d6eaa83470b9236e0d9ebefea650bc60b7fa0f76dbe10d70cb465af76
F75L,40,supply_097,DEVELOPMENT,True,True,0.5050054334516438,0.005005433451643837,-5.965561567902466,5.965194524249843,5.965561606579326,9010258.368801849,7.254584345406796e-05,7.014555033482602e-05,7.254584345406796e-05,-4.975951458220207e-07,5.002948199342349e-07,True,False,,,,,,,0.5063670714294013,da8b047dbe8d5cb3cbdb3180b7ae4526706947f37b87f8c2fe3422df156d2046,9de98553c4ace930d458c4267b13c25961099fa96c1154f67e9279854e0a1a2e
F75L,41,nominal,DEVELOPMENT,True,True,0.5146619542797983,0.014661954279798328,-5.965226600704963,5.964855218381298,5.965226639819458,8957440.111966535,7.462946434474968e-05,7.436602789216248e-05,7.462946434474968e-05,-5.854143390826788e-07,5.880781088897131e-07,True,False,,,,,,,0.5153072576864507,77ada551ba73a96db5341bb91094682a7d30b8ee33e595fdce477247872af7b5,0e06c75de037b90d114bf70c5d6d28d58b009c52fc633d54cf205d17f7f8318d
F75L,41,supply_097,DEVELOPMENT,True,True,0.47660245156242076,-0.02339754843757924,-5.920796003380407,5.92041316190521,5.920796043654364,8789365.11653582,7.041326106040081e-05,6.819306173707452e-05,7.041326106040081e-05,-2.3955887003170983e-07,2.420686286210366e-07,True,False,,,,,,,0.47754264141399744,77ada551ba73a96db5341bb91094682a7d30b8ee33e595fdce477247872af7b5,e2b3d68eac129162e6ac4c056be18a5ea941aa956c25099f6560fb81fe3edddf
F75L,42,nominal,DEVELOPMENT,True,True,0.4994859626294969,-0.0005140373705030954,-5.969527303923801,5.969153506877772,5.9695273432894,8931824.24941527,7.426047366280385e-05,7.405911340269234e-05,7.426047366280385e-05,-4.474672446922552e-07,4.5011290182573773e-07,True,False,,,,,,,0.4995261532539926,473bc9e01b2cc3f01dfb34924786161f4447a7e682e3c3228e990434048a688e,48eee4159832c4a18e96f8313fa80dca3321bd304ba6398ae1fdb58cfafd89f2
F75L,42,supply_097,DEVELOPMENT,True,True,0.4616056415751279,-0.0383943584248721,-5.923444079894023,5.923059091189867,5.923444120391267,8766797.361947648,7.005749695922042e-05,6.790931391120836e-05,7.005749695922042e-05,-1.032403094121219e-07,1.0573238481006108e-07,False,False,,,,,,,0.4617615369815393,473bc9e01b2cc3f01dfb34924786161f4447a7e682e3c3228e990434048a688e,8225ca908bc37d1591c8393f5e322b92dc2fcfa529a741fc80c61f227140f010
F75L,43,nominal,DEVELOPMENT,True,True,0.5059104014647722,0.005910401464772175,-5.979908609182073,5.97953830046633,5.979908648197615,8981316.204274146,7.45829461506117e-05,7.435532624133636e-05,7.45829461506117e-05,-5.058220206118806e-07,5.085218125865366e-07,True,False,,,,,,,0.5060057272733836,3455694f95b48ca071b07678c91cf131504884e5e7d7614708702c05f17e2a0c,65d49d07960015520c79e6fb785f222597c71d923e1e80fd2eb2eed958acb85a
F75L,43,supply_097,DEVELOPMENT,True,True,0.46797378145510915,-0.03202621854489085,-5.935347807005273,5.934966301673774,5.9353478471535475,8815545.702185351,7.036745936440479e-05,6.818394741108747e-05,7.036745936440479e-05,-1.6108482752265167e-07,1.6362933179882356e-07,False,False,,,,,,,0.4682411110009303,3455694f95b48ca071b07678c91cf131504884e5e7d7614708702c05f17e2a0c,371429cce490b0b59961888166b1dbaf3ebf4d5f994021ddbde2659a6aa2ee7a
