candidate,kind,refined,amplitude_peak_v,capacitance_f,numerical_usable,terminal_supported,out_v,gain,bandwidth_hz,current_a,thd_fraction,sine_gain,sine_min_v,sine_max_v,sine_stationary,all_assessed_pass,dc_at_low_input_v,dc_at_high_input_v,settling_band_v,input_rise_settling_s,input_fall_settling_s,excursion_outside_dc_interval_v,capacitor_current_min_a,capacitor_current_max_a,transient_kcl_max_a,Vdd_min_delivered_current_a,Vdd_max_delivered_current_a,Vdd_average_positive_delivery_a,Vdd_average_absorption_a,Vin_min_delivered_current_a,Vin_max_delivered_current_a,Vin_average_positive_delivery_a,Vin_average_absorption_a
A75,sine,False,0.01,1e-12,True,True,0.49999999999186784,-6.000001801053732,1747488.9012599357,7.498916006439167e-05,0.009216627507093426,5.996508322114996,0.4389412544484883,0.5588484210111178,True,True,,,,,,,-3.772322743879626e-09,3.772460473283382e-09,2.1006417091906648e-19,7.493711858580679e-05,7.50389933474812e-05,7.498841874531792e-05,0.0,3.24341133215323e-10,4.459435588269507e-10,3.843243054157546e-10,0.0
A75,sine,False,0.02,1e-12,True,True,0.49999999999186784,-6.000001801053732,1747488.9012599357,7.498916006439167e-05,0.018521039786236135,5.985889328885292,0.37594879839284,0.61519012445305,True,True,,,,,,,-7.559377331499962e-09,7.559946119946548e-09,2.286988957586611e-19,7.48829430655038e-05,7.508832749912582e-05,7.498724982328048e-05,0.0,2.661942808106915e-10,5.164262387950119e-10,3.8705321892472434e-10,0.0
A75,capacitance,False,,2e-13,True,True,0.49999999999186784,-6.000003684201746,8531570.580530949,7.498916006439167e-05,,,,,,True,,,,,,,,,,,,,,,,,
A75,capacitance,False,,8e-12,True,True,0.49999999999186784,-5.999879347588435,219600.42060059973,7.498916006439167e-05,,,,,,False,,,,,,,,,,,,,,,,,
A75,capacitance,False,,1.6e-11,True,True,0.49999999999186784,-5.999506516688098,109849.29262940766,7.498916006439167e-05,,,,,,False,,,,,,,,,,,,,,,,,
A75,step,False,,1e-12,True,True,,,,,,,,,,,0.6151922950018109,0.37594624241588637,0.002392460525859246,4.1630562013368064e-07,4.1114427383243534e-07,2.127878464541766e-07,-2.4960942220791926e-06,2.484785829145325e-06,2.3684735271124746e-17,7.488293197367349e-05,7.508833990142863e-05,7.4971137348953e-05,0.0,-5.284513998480211e-08,5.177312904991937e-08,4.338605524203721e-10,6.018024275686999e-11
A75,step,False,,8e-12,True,True,,,,,,,,,,,0.6151922950018109,0.37594624241588637,0.002392460525859246,3.3402968072499903e-06,3.302261129932776e-06,1.85865617341463e-08,-2.6300697643644178e-06,2.621112460021724e-06,3.14161132004831e-16,7.488293970852011e-05,7.508828314858087e-05,7.497235807443103e-05,0.0,-4.8381823886090546e-08,4.78552846181206e-08,4.1599283535563973e-10,4.147601649707077e-11
R75,sine,False,0.01,1e-12,True,True,0.5000000000000068,-5.999999999999699,25185642.22272122,7.499999999999766e-05,0.02087729585401895,5.998269931987528,0.4375186648604871,0.5574722608773472,True,False,,,,,,,-3.782953906486365e-09,3.782961330948682e-09,8.131516293641283e-19,6.637393340163445e-05,8.436555582307754e-05,7.518201909962156e-05,0.0,4.828682923343e-09,7.085684261662513e-09,5.931495899129833e-09,0.0
R75,sine,False,0.02,1e-12,True,True,0.5000000000000068,-5.999999999999699,25185642.22272122,7.499999999999766e-05,0.04155856813130364,5.992789128446607,0.3702334711217609,0.6098440757415367,True,False,,,,,,,-7.640970015484509e-09,7.6409688468196e-09,8.673617379884035e-19,5.851877982683226e-05,9.445754006113787e-05,7.574260738820287e-05,0.0,3.855247768702781e-09,8.385317459488895e-09,6.011226712712895e-09,0.0
R75,capacitance,False,,2e-13,True,True,0.5000000000000068,-6.000000009146676,112618914.65920228,7.499999999999766e-05,,,,,,True,,,,,,,,,,,,,,,,,
R75,capacitance,False,,8e-12,True,True,0.5000000000000068,-5.99999943171638,3226425.1940363655,7.499999999999766e-05,,,,,,True,,,,,,,,,,,,,,,,,
R75,capacitance,False,,1.6e-11,True,True,0.5000000000000068,-5.999997709179448,1616038.871355966,7.499999999999766e-05,,,,,,True,,,,,,,,,,,,,,,,,
R75,step,False,,1e-12,True,True,,,,,,,,,,,0.6098441572860669,0.370233357312817,0.0023961079997324992,2.5661616272294112e-08,2.5455705159736598e-08,3.9226092446442706e-07,-1.975082169883291e-05,1.823089681943224e-05,7.371219520185823e-17,5.851872436636088e-05,9.445761596564006e-05,7.391974883220236e-05,0.0,-5.503925032398029e-07,6.281483761195724e-07,6.232795272227369e-09,4.3619870106236595e-10
R75,step,False,,8e-12,True,True,,,,,,,,,,,0.6098441572860669,0.370233357312817,0.0023961079997324992,2.216504998005728e-07,2.2409825889048694e-07,6.710431799117345e-08,-3.536670426981803e-05,3.477368779548906e-05,1.4224732503009818e-15,5.8518762060755846e-05,9.445756719599007e-05,7.392072180358352e-05,0.0,-4.3811348985869003e-07,4.805025569726762e-07,6.196985573659231e-09,4.0019066808954963e-10
F75S,sine,False,0.01,1e-12,True,True,0.4999999999908913,-6.000000000027329,9308995.884411108,7.499999999994958e-05,0.003513214308821483,5.9970268436864345,0.43961890761629174,0.5595392695432573,True,True,,,,,,,-3.7703198801302095e-09,3.770239232820565e-09,2.8444425159983473e-19,7.483733740494859e-05,7.5145484392842e-05,7.499574011552657e-05,0.0,-1.0843954169561143e-06,1.8794015050021921e-07,3.097039582497574e-08,4.811155884760259e-07
F75S,sine,False,0.02,1e-12,True,True,0.4999999999908913,-6.000000000027329,9308995.884411108,7.499999999994958e-05,0.007329193709488877,5.9872059112989175,0.3786013920385334,0.6179052808878953,True,True,,,,,,,-7.542846265465341e-09,7.542509916472995e-09,3.478129039662971e-19,7.464357150313148e-05,7.52802658832956e-05,7.49815989266639e-05,0.0,-1.706080181374046e-06,8.33723437738802e-07,2.082305650819403e-07,6.524443807999238e-07
F75S,capacitance,False,,2e-13,True,True,0.4999999999908913,-6.000000067636519,43948548.48509053,7.499999999994958e-05,,,,,,True,,,,,,,,,,,,,,,,,
F75S,capacitance,False,,8e-12,True,True,0.4999999999908913,-5.9999957172968,1175877.564466349,7.499999999994958e-05,,,,,,True,,,,,,,,,,,,,,,,,
F75S,capacitance,False,,1.6e-11,True,True,0.4999999999908913,-5.999982710382528,588358.8275426759,7.499999999994958e-05,,,,,,False,,,,,,,,,,,,,,,,,
F75S,step,False,,1e-12,True,True,,,,,,,,,,,0.6179053959331878,0.3786012705167128,0.0023930412541647507,7.245001733415831e-08,7.773207704551734e-08,4.26825852439805e-08,-1.094588185934428e-05,9.789292510057473e-06,2.4423771517604123e-17,7.464356825758763e-05,7.528026922429861e-05,7.49167261428757e-05,0.0,-1.7060816976850485e-06,8.337250186404984e-07,3.5531058431836006e-07,9.726930952010842e-07
F75S,step,False,,8e-12,True,True,,,,,,,,,,,0.6179053959331878,0.3786012705167128,0.0023930412541647507,5.98236126690525e-07,6.389886412482297e-07,5.710575678996577e-09,-1.453871615007124e-05,1.2467917846255977e-05,4.554508862880582e-16,7.464357070005332e-05,7.528026654105984e-05,7.491878172437877e-05,0.0,-1.706081690906725e-06,8.337250179480185e-07,3.4266524261722876e-07,9.581679293857481e-07
F75L,sine,False,0.01,1e-12,True,True,0.5000466277256138,-6.000871492157971,9031819.57583901,7.499737786299599e-05,0.0032003991378570552,5.9980634530592765,0.43969207452993275,0.5596342453414445,True,True,,,,,,,-3.770807664645951e-09,3.770727509240526e-09,2.585965118187777e-19,7.487307482129894e-05,7.510692055259163e-05,7.499372295811467e-05,0.0,-1.085261318573721e-06,1.8726967468591944e-07,3.081549865426135e-08,4.815587900346634e-07
F75L,sine,False,0.02,1e-12,True,True,0.5000466277256138,-6.000871492157971,9031819.57583901,7.499737786299599e-05,0.006712069519206735,5.9886640492910805,0.37876290089681375,0.6181317566337323,True,True,,,,,,,-7.543456343825513e-09,7.543147190694493e-09,3.2324894849592237e-19,7.472038670841052e-05,7.520766386048178e-05,7.498136224984616e-05,0.0,-1.7081403783208429e-06,8.32248776965101e-07,2.0781174551017717e-07,6.531274568600671e-07
F75L,capacitance,False,,2e-13,True,True,0.5000466277256138,-6.00087156390913,42237714.05360564,7.499737786299599e-05,,,,,,True,,,,,,,,,,,,,,,,,
F75L,capacitance,False,,8e-12,True,True,0.5000466277256138,-6.000866962870938,1143451.212889653,7.499737786299599e-05,,,,,,True,,,,,,,,,,,,,,,,,
F75L,capacitance,False,,1.6e-11,True,True,0.5000466277256138,-6.000853211882157,572227.3218319565,7.499737786299599e-05,,,,,,False,,,,,,,,,,,,,,,,,
F75L,step,False,,1e-12,True,True,,,,,,,,,,,0.6181318653725352,0.378762787265835,0.002393690781067002,7.56185838415081e-08,7.893269898778105e-08,7.750211761248238e-08,-1.0676141428354533e-05,9.596724293951808e-06,1.4184096097365293e-17,7.472038204893325e-05,7.520766857066529e-05,7.49294657096895e-05,0.0,-1.7081418038613553e-06,8.322502558330731e-07,3.5461881471360347e-07,9.738121299812542e-07
F75L,step,False,,8e-12,True,True,,,,,,,,,,,0.6181318653725352,0.378762787265835,0.002393690781067002,6.159442899675763e-07,6.55808225337254e-07,9.248979249143474e-09,-1.4101100797234145e-05,1.2190047960190104e-05,2.9226257746122874e-16,7.47203858109946e-05,7.520766461010492e-05,7.493121549022608e-05,0.0,-1.7081418013157029e-06,8.322502557719783e-07,3.415951429344258e-07,9.589438224882653e-07
R75,sine,True,0.02,1e-12,True,True,0.5000000000000068,-5.999999999999699,25185875.44696496,7.499999999999766e-05,0.04155889795285512,5.992789128436764,0.3702335307468718,0.6098440330896941,True,False,,,,,,,-7.64095017137111e-09,7.640956578419802e-09,1.111307226797642e-18,5.8518786224104794e-05,9.445753111807557e-05,7.574261309994743e-05,0.0,3.85524370083044e-09,8.385319081672185e-09,6.0112259719729025e-09,0.0
R75,step,True,,8e-12,True,True,,,,,,,,,,,0.6098441572860669,0.370233357312817,0.0023961079997324992,2.2197083185836065e-07,2.2385575617493486e-07,6.988185435874428e-08,-3.5364771765633574e-05,3.4772704318175585e-05,1.623327123764784e-14,5.8518760595788904e-05,9.445756761258772e-05,7.392070912052698e-05,0.0,-4.3811437348416533e-07,4.804922303764357e-07,6.1969813299900045e-09,4.0018405705951675e-10
F75L,sine,True,0.02,1e-12,True,True,0.5000466277256138,-6.000871492157971,9032253.193085466,7.499737786299599e-05,0.006712130897433909,5.988664049255182,0.3787628655060081,0.6181317880398192,True,True,,,,,,,-7.543442786660004e-09,7.543126782817987e-09,4.919143841179349e-19,7.472038659828429e-05,7.520766393002863e-05,7.498136241016109e-05,0.0,-1.7081408413492758e-06,8.322492809566978e-07,2.0780929766845987e-07,6.531250704860487e-07
F75L,step,True,,8e-12,True,True,,,,,,,,,,,0.6181318653725352,0.378762787265835,0.002393690781067002,6.156175626319942e-07,6.555846351675867e-07,9.50071066263547e-09,-1.4099515634982684e-05,1.2188982920199876e-05,1.2165692817023548e-15,7.472038574425269e-05,7.52076646727431e-05,7.49312153540095e-05,0.0,-1.7081418013736535e-06,8.322502556832906e-07,3.4159465534907967e-07,9.58944104508019e-07
