candidate,index,condition,numerical_usable,terminal_supported,out_v,dc_current_a,thd_fraction,fundamental_gain,output_min_v,output_max_v,dynamic_tests_pass,joint_dc_ac_signal_pass,input_current_min_a,input_current_max_a,supply_current_min_a,supply_current_max_a,original_realization_id,attempt_sha256
A75,2000,signal_20m,True,True,0.641684535713851,7.617890199107646e-05,0.0286928964633189,5.72163882804376,0.5210339010575706,0.7492580146736333,False,False,2.1119204388769797e-10,4.990579376617718e-10,7.600371738108573e-05,7.630777116407148e-05,9fd0b2b4838e12ad9d8dba7a623d4e04006874303e85d63de33552724310d109,3dae1c252905751084e3fa48c37501530f11166e14b5f889c96cb8e428508fbf
A75,2001,signal_20m,True,True,0.4998911944934311,7.522442357283293e-05,0.01794884008932515,6.047846124860381,0.3746963104557356,0.6164106949280389,True,True,2.7887484097162407e-10,5.373174790843614e-10,7.511474930189841e-05,7.532631012881825e-05,e77cb63d1f00f87c2bd8cda465ae58977adcebc12406d94ba66034a8aa390370,b7bc31f38bc95355ceabf3916e597dea0cd0f81d8db1913deba10c12bc28ca5e
A75,2002,signal_20m,True,True,0.4801498960294115,7.474563818694715e-05,0.018948966606320252,5.8974418903982455,0.35782568572426565,0.5935414181329581,True,True,2.551859719628763e-10,4.931759292397739e-10,7.464891544590511e-05,7.48378276569977e-05,6aa801af96f5a2a2c0030eda443932011b259662edd1b28013a040635a5c48cf,aaef96f0924946700111953fa2a27dbfda91ec96273db5d628014e8a15939fb4
A75,2003,signal_20m,True,True,0.5017136732413672,7.47141298756814e-05,0.019324677114596987,5.897855239576428,0.3792954728197291,0.6150213126348485,True,True,2.5292922926434605e-10,4.93770946927239e-10,7.461200749792064e-05,7.48099778220358e-05,b0b71cc30c2b1edc3bbdf4b97868299301c4d7a75e831de7912d5c166a4744c6,7da4b38e415d26f04e4592e477e080c1259c473ce8b869752ec4eaf8e32ca3ff
A75,2004,signal_20m,True,True,0.5808963875542252,7.577531777890593e-05,0.021744087346278175,5.90906449391834,0.4577432481654262,0.6937877436497846,False,False,2.479675607100322e-10,5.197598109286244e-10,7.564007649418969e-05,7.589005773876077e-05,79b2cc158482cc18e2b73511e14a786cb4aa47b26275c0e9cc0c2fb759ccadc0,ddc9dcf1ce473089db1454bc7e027b2fb05cc505b11b07d10ad649a9a96fea64
A75,2005,signal_20m,True,True,0.471415463317869,7.507032555481483e-05,0.01759822142975928,6.031501200976674,0.3466396481971698,0.5877085976726384,True,False,2.736741575005107e-10,5.2293681423966e-10,7.496907250933334e-05,7.516647587429287e-05,88e89ca77ead45e1174077c91b647a4aaabe29ad6f5ff5a9ba18ad36030a54d4,70b751878fd4db18630383bcb5d83c97928875737082c409eb74fc3a91cc3745
R75,2000,signal_20m,True,True,0.497015626494782,7.544767722212904e-05,0.041292887496505844,6.013746673058836,0.36686110967041,0.6073059886852571,False,False,3.9030982658134344e-09,8.450780834010421e-09,5.8899462903502306e-05,9.4963354441999e-05,4d02cdc9f5a32b0359d8294e38f4c8c2719111e32735fb0e13c0bc4280f94090,dd0aced02204c632cf2166afcb209e8ea662e433f027d07f8e6205509e211712
R75,2001,signal_20m,True,True,0.4873484616569952,7.689778719150848e-05,0.04053702461800194,6.091606500156996,0.3556996774058917,0.5992448551497591,False,False,4.028088455398492e-09,8.627524098836579e-09,6.010853770972259e-05,9.663743743453806e-05,a9dd0d4366966586460d35fd4d43a1f4a5b8c5f3ce550ce012ee1166b57f9fcd,6ecbb40239ae15755275cab803a5c2e4cc5f8d7ec7a51e505303a16578ad8dec
R75,2002,signal_20m,True,True,0.5065789944756952,7.401312248247749e-05,0.04205107639603426,5.934293553529436,0.3779579693933522,0.6152379106412877,False,False,3.771850333315115e-09,8.25512065096793e-09,5.7709768307858834e-05,9.329895656791749e-05,57a67ad2a801d5cf566283ca765fd461fbb7524da64070279dd914facbc2a51e,a03052f41a2dd9428b7845b7a5074c3a80a4de628424c83d1ddbc138fc821887
R75,2003,signal_20m,True,True,0.500374751866371,7.494377622638166e-05,0.04158287995946762,5.9877531615322495,0.37071101933695955,0.6101211016434898,False,False,3.846491774671824e-09,8.3629507589833e-09,5.847722921397528e-05,9.438591347001274e-05,a8c34c944d4a641fc9ca1b71a744c80c30533bbcdd7d3936d46001e911d8dfef,72527ff09d01e0b95edb1b51a4a26d06e4f2ffa1e72b697bd166967b0873213d
R75,2004,signal_20m,True,True,0.497674358914865,7.53488729389696e-05,0.04132850924640763,6.006845901509912,0.36766022538471055,0.6078299803432559,False,False,3.901034144587062e-09,8.448135418439792e-09,5.882087034458165e-05,9.484349652460304e-05,8d01b9b37c1f43a676628bafebc3565de9c7fe5c20d81f14594337a059223799,424a191309984a6e78310a45dd506bf8941cecf5a9fdcc21d5e963541128ebc4
R75,2005,signal_20m,True,True,0.49203223891991005,7.619515875364941e-05,0.04098436656244213,6.06127827318884,0.3609269616932935,0.603266235838986,False,False,3.933211516790429e-09,8.487117939806523e-09,5.950537810987798e-05,9.585340653999732e-05,c791a78524125820635c5ae3d868fbff103a4532254f69ce90d2b743226f3b68,0432b12a5e0f1717070093fe4732acf54f4376f9c35b518ffc30e8ceb1cac9df
F75S,2000,signal_20m,True,True,0.5333763853756152,7.7013723957814e-05,0.00896195896845854,5.995060218018853,0.41148745658655167,0.6510009563269795,True,False,-2.0068378770594897e-06,5.348978827295439e-07,7.65771483907393e-05,7.732791568631506e-05,1ed56afb975147a9b4deab8c76a14f92b0111dada03cd03189788de5eeee12ac,6dff9ded70ff36a5d6174504a0205e34a401089e0613c15fe9c0396d633cad02
F75S,2001,signal_20m,True,True,0.4738086876122768,7.464123014849218e-05,0.006460138069507858,5.993989990326895,0.35246012867592247,0.5920723564324448,True,False,-1.4712581980047112e-06,1.0713375715245567e-06,7.432024363920069e-05,7.490559703567443e-05,6e8199ba38d93cc32348035b11c5d1dec5153a624021b1f3fa03231625340c47,6f6b963b47f960b31f2bad465142e9d2ecb0a014676255a3ecf47a1915cdf71d
F75S,2002,signal_20m,True,True,0.5227112782699809,7.439379824205787e-05,0.008443637154247622,5.929291500080446,0.40224617186067724,0.6391931808794848,True,True,-1.899692360302584e-06,6.186896591062175e-07,7.401847068491373e-05,7.467715142954084e-05,747ece711d5ebbd8986a4134167223e1f00d427952b44da45bf4a5d5a87ffa14,d0eeaa86d45f3b58fb72c99a2af25eea2b9e4358f4d2b6f36a544e1c6a432c51
F75S,2003,signal_20m,True,True,0.5182650947642811,7.509726974832154e-05,0.00816861426001937,5.973687145643748,0.39696497810224296,0.635684717807539,True,True,-1.8677055832714033e-06,6.667953465118188e-07,7.470989565065475e-05,7.538939255105361e-05,455771a244fcab58603d0e5cfa0e2977883756af3883c84512cb5c063d94613b,6e580228868f439e2e5c259f7076aa1fa7a305e157a6a779f78739e5e1f8a352
F75S,2004,signal_20m,True,True,0.48599553908534854,7.547289759410947e-05,0.006783060324152603,6.004470818678762,0.36436684201883696,0.604380955679215,True,True,-1.5830998088011859e-06,9.631584691170442e-07,7.513102672144291e-05,7.574808537166199e-05,acd505edf106580aee1a4b9a19979e055a426cf215c3d5a69accfdef0a04703d,e2a36ae8559c4dd9ae37638812258ab399841464e616aa941f811007fba9806a
F75S,2005,signal_20m,True,True,0.5089677157972724,7.537140819599214e-05,0.007660649620141399,5.988321780355755,0.3874770449334475,0.6268080037112883,True,True,-1.7870167146081606e-06,7.530338546874837e-07,7.499968332851276e-05,7.565861123410754e-05,fa9978dca062a02afbb0c8d284010c19558369c4139907bc17f3b57bf88358c2,56445be8c64ade01ebf71a2e417236d1822dcc7b24fc7837cff0501910d476ea
F75L,2000,signal_20m,True,True,0.5226815247939318,7.633383202878794e-05,0.007683049674521053,5.9978239102507915,0.4010174296825484,0.6406867247016084,True,True,-1.9131096982360975e-06,6.300279688991684e-07,7.601235264985783e-05,7.65614800687088e-05,f521c64b38e59fe741fb5d030ece15f32bfdfd655103820cac412eb95c3f89fe,45bee6f6a15de1659d312d182a1e5589e263b98921771fa5d8ef4a343ba570b4
F75L,2001,signal_20m,True,True,0.47855995888855307,7.47569536808254e-05,0.006003423609304723,5.9962252157787885,0.35727478335905793,0.5969784572421198,True,True,-1.5158459949341017e-06,1.0275786244125056e-06,7.450478500726238e-05,7.495754827964373e-05,51dfc9add819efecb0a27a33d1c5f3b1c4b22e811b0a3c69ee558651094138b4,a5e45a5cf21ec2fc7e04e8708893c3dc6b6e33f3168bf852328cea0951b0e006
F75L,2002,signal_20m,True,True,0.5259638079596292,7.461402611369817e-05,0.007939087344485717,5.936979586305914,0.4054669238414184,0.6427143346158773,True,False,-1.9316892441323006e-06,5.894222743576833e-07,7.431096569629242e-05,7.483023404356433e-05,e2631e632336e196c80af182c08f318d01949ac64145a77c122324cf355da381,ca94207256e35677bb2aa4f5e7124c348c1d2afff7debfcd91fd9cc82f8d36c9
F75L,2003,signal_20m,True,True,0.5158606517632147,7.508059662295218e-05,0.007399291328585979,5.976756008971529,0.39467528211418906,0.6335305729927372,True,True,-1.8481303563874004e-06,6.87595937921056e-07,7.478094752191477e-05,7.52985480336862e-05,04e09b6e73cda68436132a2d093f734cdb79f3cf9488277e3a582e878183d5db,3ec65a43698336296ed9f7a4de73a6efb7f4e02d7ea7307217dd7e559e92ec18
F75L,2004,signal_20m,True,True,0.48695245637619355,7.533609866974976e-05,0.006219081575073256,6.0044447124446965,0.36545664742062856,0.6054758048474695,True,True,-1.5930534085168498e-06,9.532461383590326e-07,7.507117299738303e-05,7.554270019397262e-05,566979dfafc12f503761b763f5d9662c6446ca4856331e08a686ba24863fa5fd,4bde8d9d06b23e168e6fed2b3f329c2db1b21488b9b8b4b945fef425805f4412
F75L,2005,signal_20m,True,True,0.5064309349971876,7.521721110990031e-05,0.006942065387830649,5.9891207267228275,0.3850900069032762,0.6244645634266422,True,True,-1.7657220087331088e-06,7.747180139604519e-07,7.493128061216887e-05,7.543102874931238e-05,b101d74a7eb43e89c788b06fc5ad77105d048ddfbfefd9383441b122477b39e7,21ad38a574122655f9972221d5ea8c8c288c9f7e5d84d9002d35ee921f513945
