case_id,candidate,kind,refined,sequence,capacitance_f,ramp_time_s,out_min_v,out_max_v,observations,Vdd_absorbed_energy_j,Vdd_absorption_peak_a,Vdd_max_delivered_current_a,Vdd_min_delivered_current_a,Vdd_positive_delivered_energy_j,Vdd_positive_delivery_peak_a,Vdd_signed_energy_j,Vin_absorbed_energy_j,Vin_absorption_peak_a,Vin_max_delivered_current_a,Vin_min_delivered_current_a,Vin_positive_delivered_energy_j,Vin_positive_delivery_peak_a,Vin_signed_energy_j
analytic-control,CONTROL,control,False,control,8e-12,1e-06,0.0,0.214285714285708,10015,0.0,0.0,-0.0,-0.0,0.0,0.0,0.0,0.0,0.0,2.884111770624638e-06,-0.0,1.699332178404262e-11,2.884111770624638e-06,1.699332178404262e-11
A75-input_first-fast-1p,A75,startup,False,input_first,1e-12,1e-08,1.1173249153312304e-05,0.5000000000050762,10122,0.0,4.939696887382493e-14,7.540812523145481e-05,-4.939696887382493e-14,1.3492669168863877e-09,7.540812523145481e-05,1.3492669168863877e-09,7.632670730893502e-16,1.0609490231884783e-07,1.5277897510469762e-09,-1.0609490231884783e-07,4.414695086799136e-15,1.5277897510469762e-09,3.651428013709786e-15
A75-input_first-fast-8p,A75,startup,False,input_first,8e-12,1e-08,1.1173249154117757e-05,0.4999999999883061,10105,0.0,4.939692434831945e-14,7.543732591191017e-05,-4.939692434831945e-14,1.349496798784333e-09,7.543732591191017e-05,1.349496798784333e-09,5.269855288393599e-16,2.644204841152284e-08,1.5277897522938087e-09,-2.644204841152284e-08,4.205574442025985e-15,1.5277897522938087e-09,3.678588913186625e-15
A75-input_first-slow-1p,A75,startup,False,input_first,1e-12,1e-06,1.1173249153543022e-05,0.5000000000075805,2084,0.0,4.939690764787672e-14,7.511302204216877e-05,-4.939690764787672e-14,1.2933388354494505e-09,7.511302204216877e-05,1.2933388354494505e-09,5.1971019395920905e-16,3.501905056842343e-09,1.527789731965018e-09,-3.501905056842343e-09,4.461566074398407e-15,1.527789731965018e-09,3.941855880439199e-15
A75-input_first-slow-8p,A75,startup,False,input_first,8e-12,1e-06,1.1173249154206228e-05,0.49999999997289857,2080,0.0,4.9396903944422287e-14,7.526129151116193e-05,-4.9396903944422287e-14,1.2935469690275498e-09,7.526129151116193e-05,1.2935469690275498e-09,3.1015880471081623e-16,9.397758275785442e-10,1.5277897250803342e-09,-9.397758275785442e-10,4.294561439539179e-15,1.5277897250803342e-09,3.984402634828363e-15
A75-supply_first-fast-1p,A75,startup,False,supply_first,1e-12,1e-08,0.5000000000011091,0.9222626599609994,10054,0.0,0.0,7.498877688372636e-05,7.169635844536435e-05,1.493130764988552e-09,7.498877688372636e-05,1.493130764988552e-09,0.0,2.0970028690472102e-09,5.546426382361355e-07,-2.0970028690472102e-09,4.5739877086924706e-15,5.546426382361355e-07,4.5739877086924706e-15
A75-supply_first-fast-8p,A75,startup,False,supply_first,8e-12,1e-08,0.5000000000082085,0.9221250988827282,10049,0.0,0.0,7.498877641350689e-05,7.170575270737869e-05,1.492745777341454e-09,7.498877641350689e-05,1.492745777341454e-09,0.0,2.097002869172021e-09,5.547112588031989e-07,-2.097002869172021e-09,4.551189031521658e-15,5.547112588031989e-07,4.551189031521658e-15
A75-supply_first-slow-1p,A75,startup,False,supply_first,1e-12,1e-06,0.4999999996935793,0.9221088838960213,2034,0.0,0.0,7.498877654535964e-05,7.17068632607778e-05,1.4906931736956428e-09,7.498877654535964e-05,1.4906931736956428e-09,0.0,2.0970028686492123e-09,8.707417752541052e-09,-2.0970028686492123e-09,4.296610321231453e-15,8.707417752541052e-09,4.296610321231453e-15
A75-supply_first-slow-8p,A75,startup,False,supply_first,8e-12,1e-06,0.500000000017473,0.9221052937964488,2024,0.0,0.0,7.49887764030734e-05,7.17071069958697e-05,1.4902000832076737e-09,7.49887764030734e-05,1.4902000832076737e-09,0.0,2.0970028688381416e-09,6.347511062284369e-09,-2.0970028688381416e-09,4.2831409067772976e-15,6.347511062284369e-09,4.2831409067772976e-15
A75-together-fast-1p,A75,startup,False,together,1e-12,1e-08,-4.975922099534154e-21,0.5000000000165138,10142,0.0,1.9244989284915647e-28,7.540545735965132e-05,-1.9244989284915647e-28,1.349266697497164e-09,7.540545735965132e-05,1.349266697497164e-09,5.29905876877833e-16,8.802367279601292e-08,7.560443237325412e-07,-8.802367279601292e-08,4.3873606038724506e-15,7.560443237325412e-07,3.857454726994618e-15
A75-together-fast-8p,A75,startup,False,together,8e-12,1e-08,-4.975922099534154e-21,0.4999999999913974,10118,0.0,4.945576182021769e-29,7.543632970937966e-05,-4.945576182021769e-29,1.349496701445706e-09,7.543632970937966e-05,1.349496701445706e-09,4.86633233519476e-16,2.606592761539338e-08,1.0903190579085432e-06,-2.606592761539338e-08,4.349269236988869e-15,1.0903190579085432e-06,3.862636003469394e-15
A75-together-slow-1p,A75,startup,False,together,1e-12,1e-06,-4.899816888231972e-19,0.533621965350854,2092,0.0,1.2635395733216464e-25,7.49887766078409e-05,-1.2635395733216464e-25,1.2932611586010973e-09,7.49887766078409e-05,1.2932611586010973e-09,0.0,1.860803499023452e-23,6.5493852090235065e-09,-1.860803499023452e-23,3.9159732532783874e-15,6.5493852090235065e-09,3.9159732532783874e-15
A75-together-slow-8p,A75,startup,False,together,8e-12,1e-06,-4.975922099534154e-21,0.49999999997991,2099,0.0,3.517649985677728e-29,7.518098486185373e-05,-3.517649985677728e-29,1.293468930198611e-09,7.518098486185373e-05,1.293468930198611e-09,6.353696129323131e-17,1.0406193438417324e-09,6.554181953153154e-09,-1.0406193438417324e-09,3.853728078159407e-15,6.554181953153154e-09,3.790191116866175e-15
R75-input_first-fast-1p,R75,startup,False,input_first,1e-12,1e-08,3.513411059042983e-06,0.5000000000023371,10159,0.0,5.269701613259357e-10,0.00011974430773489782,-5.269701613259357e-10,1.349852733955725e-09,0.00011974430773489782,1.349852733955725e-09,3.1957223676909286e-15,5.413198103843453e-07,8.660804781191519e-09,-5.413198103843453e-07,5.552097959604881e-14,8.660804781191519e-09,5.232525722835788e-14
R75-input_first-fast-8p,R75,startup,False,input_first,8e-12,1e-08,3.5134110701571435e-06,0.5000000000007122,10108,0.0,5.269701584186332e-10,0.00014098066621613363,-5.269701584186332e-10,1.3528249115421542e-09,0.00014098066621613363,1.3528249115421542e-09,2.8030099896225338e-15,2.955215033266165e-07,8.660804780703628e-09,-2.955215033266165e-07,5.513649718150862e-14,8.660804780703628e-09,5.2333487191886086e-14
R75-input_first-slow-1p,R75,startup,False,input_first,1e-12,1e-06,3.5134110557731883e-06,0.5000000000031544,2073,1.446404417971345e-27,5.269701609759172e-10,7.586722356127443e-05,-5.269701609759172e-10,1.3075124818101748e-09,7.586722356127443e-05,1.3075124818101748e-09,6.680352370982976e-16,3.955556247727931e-09,8.660804748665454e-09,-3.955556247727931e-09,5.341054992673371e-14,8.660804748665454e-09,5.274251468963541e-14
R75-input_first-slow-8p,R75,startup,False,input_first,8e-12,1e-06,3.513411069544635e-06,0.5000000000026056,2096,1.0823511110000372e-27,5.26970158080601e-10,8.179679121509286e-05,-5.26970158080601e-10,1.3096691886657897e-09,8.179679121509286e-05,1.3096691886657897e-09,5.619971758841797e-16,3.701228167810218e-09,8.660804748665454e-09,-3.701228167810218e-09,5.332048648516332e-14,8.660804748665454e-09,5.275848930927914e-14
R75-supply_first-fast-1p,R75,startup,False,supply_first,1e-12,1e-08,0.49999999999706535,0.9380982832979622,10116,0.0,0.0,7.499409362858895e-05,9.284526276191518e-06,1.3676717732679674e-09,7.499409362858895e-05,1.3676717732679674e-09,0.0,1.0449370839195338e-08,4.657987626130542e-06,-1.0449370839195338e-08,5.666097301189413e-14,4.657987626130542e-06,5.666097301189413e-14
R75-supply_first-fast-8p,R75,startup,False,supply_first,8e-12,1e-08,0.499999999999351,0.9375326546932407,10068,0.0,0.0,7.499409362824613e-05,9.36936388527403e-06,1.3648477004713122e-09,7.499409362824613e-05,1.3648477004713122e-09,0.0,1.0449370839098193e-08,4.364646653880807e-06,-1.0449370839098193e-08,5.666886087596943e-14,4.364646653880807e-06,5.666886087596943e-14
R75-supply_first-slow-1p,R75,startup,False,supply_first,1e-12,1e-06,0.499999999950368,0.9374371682520274,2048,0.0,0.0,7.499409363559301e-05,9.383685723499157e-06,1.3111079703488236e-09,7.499409363559301e-05,1.3111079703488236e-09,7.292638135321545e-25,1.0449370839160643e-08,7.516873120168776e-08,-1.0449370839160643e-08,5.3511356123981986e-14,7.516873120168776e-08,5.3511356123252725e-14
R75-supply_first-slow-8p,R75,startup,False,supply_first,8e-12,1e-06,0.4999999999933575,0.9374316933671472,2044,0.0,0.0,7.49940936291451e-05,9.384506891557784e-06,1.3082699024313601e-09,7.49940936291451e-05,1.3082699024313601e-09,7.293578228837635e-25,1.0449370839221358e-08,6.918204064146078e-08,-1.0449370839221358e-08,5.3534259816195033e-14,6.918204064146078e-08,5.353425981546568e-14
R75-together-fast-1p,R75,startup,False,together,1e-12,1e-08,-2.1290006202675844e-18,0.5000000000024228,10151,0.0,2.01666587801498e-22,9.035024318188058e-05,-2.01666587801498e-22,1.3495597094398368e-09,9.035024318188058e-05,1.3495597094398368e-09,3.41852059389125e-16,1.354908216704277e-07,4.2333394002055024e-06,-1.354908216704277e-07,5.4427296863434535e-14,4.2333394002055024e-06,5.4085444804045404e-14
R75-together-fast-8p,R75,startup,False,together,8e-12,1e-08,-3.073489302293931e-19,0.5000000000018398,10115,0.0,2.1162881232535807e-23,0.00013807568409357417,-2.1162881232535807e-23,1.3526919936138e-09,0.00013807568409357417,1.3526919936138e-09,1.5730343366187562e-15,1.336803929100701e-07,4.576777851737291e-06,-1.336803929100701e-07,5.501325005000812e-14,4.576777851737291e-06,5.344021571338936e-14
R75-together-slow-1p,R75,startup,False,together,1e-12,1e-06,-1.380602651783474e-18,0.6566105041808621,2101,0.0,1.9520318895467613e-22,7.499409363804896e-05,-1.9520318895467613e-22,1.285594364082264e-09,7.499409363804896e-05,1.285594364082264e-09,0.0,6.021013305677627e-23,6.711527615724288e-08,-6.021013305677627e-23,5.253002661672564e-14,6.711527615724288e-08,5.253002661672564e-14
R75-together-slow-8p,R75,startup,False,together,8e-12,1e-06,-2.8504564640457037e-19,0.6494817088337491,2112,0.0,3.0319833634048686e-23,7.499409362924775e-05,-3.0319833634048686e-23,1.2863896501375445e-09,7.499409362924775e-05,1.2863896501375445e-09,0.0,3.766314616014573e-23,6.238112666516731e-08,-3.766314616014573e-23,5.244415686010759e-14,6.238112666516731e-08,5.244415686010759e-14
F75L-input_first-fast-1p,F75L,startup,False,input_first,1e-12,1e-08,0.010532265346034598,0.5000466277987892,10151,0.0,5.5398786959132646e-11,7.555731477831583e-05,-5.5398786959132646e-11,1.349387841709136e-09,7.555731477831583e-05,1.349387841709136e-09,3.651470171991889e-12,4.5247988010138325e-07,3.996731889157929e-06,-4.5247988010138325e-07,3.634442195251918e-12,3.996731889157929e-06,-1.7027976739971007e-14
F75L-input_first-fast-8p,F75L,startup,False,input_first,8e-12,1e-08,0.010532265346011704,0.5000466277329378,10111,0.0,5.5398786855789346e-11,7.570022852257942e-05,-5.5398786855789346e-11,1.3494880840395533e-09,7.570022852257942e-05,1.3494880840395533e-09,3.5684274763447506e-12,4.524798777157048e-07,3.996731889103393e-06,-4.524798777157048e-07,3.800181757002112e-12,3.996731889103393e-06,2.317542806573616e-13
F75L-input_first-slow-1p,F75L,startup,False,input_first,1e-12,1e-06,0.010532265346035968,0.5000466277257416,2100,0.0,5.539878679330684e-11,7.503442406773526e-05,-5.539878679330684e-11,1.2922618934050193e-09,7.503442406773526e-05,1.2922618934050193e-09,3.4610600310768285e-12,4.5247988023165014e-07,3.996731889108652e-06,-4.5247988023165014e-07,5.0218711819447024e-12,3.996731889108652e-06,1.5608111508678744e-12
F75L-input_first-slow-8p,F75L,startup,False,input_first,8e-12,1e-06,0.01053226534603721,0.5000466277212503,2060,0.0,5.5398786700342554e-11,7.528212644295142e-05,-5.5398786700342554e-11,1.2923404491810104e-09,7.528212644295142e-05,1.2923404491810104e-09,3.3970152982420377e-12,4.5247987703932527e-07,3.9967318891024175e-06,-4.5247987703932527e-07,5.191218916060571e-12,3.9967318891024175e-06,1.7942036178185325e-12
F75L-supply_first-fast-1p,F75L,startup,False,supply_first,1e-12,1e-08,0.5000466277212449,0.9373931595717357,10099,0.0,0.0,7.499756674622265e-05,5.487782723552843e-05,1.460642842451687e-09,7.499756674622265e-05,1.460642842451687e-09,3.698305450417205e-12,8.50166478091792e-06,-4.524798713819041e-07,-8.50166478091792e-06,0.0,0.0,-3.698305450417205e-12
F75L-supply_first-fast-8p,F75L,startup,False,supply_first,8e-12,1e-08,0.5000466277240184,0.9353113062288291,10079,0.0,0.0,7.499739158572831e-05,5.534678684753759e-05,1.4602765921196865e-09,7.499739158572831e-05,1.4602765921196865e-09,3.8876103082543844e-12,8.501664780913284e-06,-4.524798764624213e-07,-8.501664780913284e-06,0.0,0.0,-3.8876103082543844e-12
F75L-supply_first-slow-1p,F75L,startup,False,supply_first,1e-12,1e-06,0.5000466276969563,0.9391359298396963,2060,0.0,0.0,7.499737788184722e-05,5.447961757285807e-05,1.4455288061416081e-09,7.499737788184722e-05,1.4455288061416081e-09,4.603732641370584e-12,8.50166478092245e-06,-4.5247973399131693e-07,-8.50166478092245e-06,0.0,0.0,-4.603732641370584e-12
F75L-supply_first-slow-8p,F75L,startup,False,supply_first,8e-12,1e-06,0.500046627713441,0.9390674168822307,2032,0.0,0.0,7.499737788913734e-05,5.449535701216926e-05,1.4448149236275076e-09,7.499737788913734e-05,1.4448149236275076e-09,4.770795647646629e-12,8.501664780917557e-06,-4.5247980212052147e-07,-8.501664780917557e-06,0.0,0.0,-4.770795647646629e-12
F75L-together-fast-1p,F75L,startup,False,together,1e-12,1e-08,-1.893318494011598e-19,0.5000466278263483,10175,0.0,1.653781476226182e-19,7.552560801264718e-05,-1.653781476226182e-19,1.3493869626160914e-09,7.552560801264718e-05,1.3493869626160914e-09,3.651727864184035e-12,4.524798811597814e-07,4.607131235585121e-06,-4.524798811597814e-07,2.6843103214290975e-14,4.607131235585121e-06,-3.6248847609697435e-12
F75L-together-fast-8p,F75L,startup,False,together,8e-12,1e-08,-6.481659261207299e-22,0.5000466277402514,10159,0.0,5.061999898975429e-20,7.571104123232092e-05,-5.061999898975429e-20,1.3494891978921775e-09,7.571104123232092e-05,1.3494891978921775e-09,3.5680877885527985e-12,4.5247988131606916e-07,5.5287383814239615e-06,-4.5247988131606916e-07,1.9762900094293767e-13,5.5287383814239615e-06,-3.3704587876098606e-12
F75L-together-slow-1p,F75L,startup,False,together,1e-12,1e-06,-1.7447335716472954e-19,0.6569602698027045,2140,0.0,4.7530342362753554e-21,7.499737911066151e-05,-4.7530342362753554e-21,1.2917099565444246e-09,7.499737911066151e-05,1.2917099565444246e-09,3.8019572727791765e-12,2.6372612308375753e-06,7.148731308992808e-07,-2.6372612308375753e-06,2.4930950523111634e-14,7.148731308992808e-07,-3.777026322256065e-12
F75L-together-slow-8p,F75L,startup,False,together,8e-12,1e-06,-8.340514093021031e-22,0.554773547747945,2087,0.0,1.0138038153109908e-22,7.499737898959909e-05,-1.0138038153109908e-22,1.2921659488196737e-09,7.499737898959909e-05,1.2921659488196737e-09,3.588514297997838e-12,1.1985836862488e-06,1.2949765890480107e-06,-1.1985836862488e-06,9.749711320705022e-14,1.2949765890480107e-06,-3.491017184790788e-12
A75-supply-cycle-1p,A75,cycle,False,cycle,1e-12,1e-06,3.3173265323272957e-06,0.5000000000087221,3192,1.2780621133974926e-16,2.596417557142581e-08,7.511302203080678e-05,-2.596417557142581e-08,1.4618021475608604e-09,7.511302203080678e-05,1.461802019754649e-09,5.197203663926477e-16,3.501946185943336e-09,5.481136287194526e-09,-3.501946185943336e-09,1.0908557630815118e-14,5.481136287194526e-09,1.038883726442247e-14
A75-supply-cycle-8p,A75,cycle,False,cycle,8e-12,1e-06,1.11732491535569e-05,0.4999999999961913,3207,1.2758842663801187e-16,2.595554582895266e-08,7.526129198908463e-05,-2.595554582895266e-08,1.4619776914415444e-09,7.526129198908463e-05,1.4619775638531178e-09,3.1017130504185995e-16,9.399812381368985e-10,5.825136549010047e-09,-9.399812381368985e-10,1.0594694471686705e-14,5.825136549010047e-09,1.0284523166644846e-14
R75-supply-cycle-1p,R75,cycle,False,cycle,1e-12,1e-06,3.513314614132916e-06,0.500000000003228,3145,1.0046968055119847e-27,1.121892211590396e-08,7.586722357410828e-05,-1.121892211590396e-08,1.4895213789665528e-09,7.586722357410828e-05,1.4895213789665528e-09,6.680618075226449e-16,3.955587548861491e-09,1.6152605967015028e-08,-3.955587548861491e-09,9.240087739544844e-14,1.6152605967015028e-08,9.17328155879258e-14
R75-supply-cycle-8p,R75,cycle,False,cycle,8e-12,1e-06,3.513411066317926e-06,0.5000000000026058,3212,1.3729769781949377e-27,8.080912501738536e-08,8.179678853325559e-05,-8.080912501738536e-08,1.4898386510614385e-09,8.179678853325559e-05,1.4898386510614385e-09,5.618632100854581e-16,3.700235977810353e-09,1.6420054429967974e-08,-3.700235977810353e-09,9.229170650901906e-14,1.6420054429967974e-08,9.17298432989336e-14
F75L-supply-cycle-1p,F75L,cycle,False,cycle,1e-12,1e-06,0.010527682374448519,0.5000466277256138,3208,1.752732863924103e-16,2.0827677214819757e-08,7.503456298889856e-05,-2.0827677214819757e-08,1.459549115524941e-09,7.503456298889856e-05,1.4595489402516546e-09,3.875148769767305e-12,4.524798787212481e-07,3.9967737715252945e-06,-4.524798787212481e-07,1.897717910531232e-11,3.9967737715252945e-06,1.5102030335545015e-11
F75L-supply-cycle-8p,F75L,cycle,False,cycle,8e-12,1e-06,0.010528255735709181,0.5000466277256157,3158,1.7513732493275006e-16,2.082107261332605e-08,7.528212406576703e-05,-2.082107261332605e-08,1.4595922601017865e-09,7.528212406576703e-05,1.4595920849644616e-09,3.8200545398254526e-12,4.52479877039e-07,3.9967687122016205e-06,-4.52479877039e-07,1.8956742615042078e-11,3.9967687122016205e-06,1.5136688075216625e-11
R75-supply_first-fast-8p-refined,R75,startup,True,supply_first,8e-12,1e-08,0.4999999999991666,0.9375361075717812,20126,0.0,0.0,7.499409362827379e-05,9.368845994280918e-06,1.3648474843380222e-09,7.499409362827379e-05,1.3648474843380222e-09,4.265003098868043e-27,1.0449370839417382e-08,4.364634812964972e-06,-1.0449370839417382e-08,5.666915643631075e-14,4.364634812964972e-06,5.6669156436306484e-14
R75-supply-cycle-8p-refined,R75,cycle,True,cycle,8e-12,1e-06,3.513411068803693e-06,0.5000000000020369,6429,1.1720824961613146e-27,8.080948559156235e-08,8.179674829860434e-05,-8.080948559156235e-08,1.4898376000305347e-09,8.179674829860434e-05,1.4898376000305347e-09,5.618457911312237e-16,3.700477779126736e-09,1.6420199137889835e-08,-3.700477779126736e-09,9.229168249674174e-14,1.6420199137889835e-08,9.172983670561052e-14
F75L-supply_first-fast-8p-refined,F75L,startup,True,supply_first,8e-12,1e-08,0.500046627717092,0.9353171600028428,20140,0.0,0.0,7.499738002084002e-05,5.534585501936071e-05,1.4602766215927417e-09,7.499738002084002e-05,1.4602766215927417e-09,3.887627917339938e-12,8.501664780907689e-06,-4.524798766441336e-07,-8.501664780907689e-06,0.0,0.0,-3.887627917339938e-12
F75L-supply-cycle-8p-refined,F75L,cycle,True,cycle,8e-12,1e-06,0.01052825996132673,0.5000466277256145,6329,1.7518779552580463e-16,2.0825815017724166e-08,7.528203872655365e-05,-2.0825815017724166e-08,1.4595904994766785e-09,7.528203872655365e-05,1.459590324288883e-09,3.820030490361154e-12,4.524798769031495e-07,3.99676866399436e-06,-4.524798769031495e-07,1.89567409917579e-11,3.99676866399436e-06,1.5136710501396743e-11
