frequency_hz,branch_transfer_real_ohm,branch_transfer_imag_ohm
1000.0,-77376.00520103623,8.739492027305548
1029.2005271944283,-77376.00514374026,8.994689795377587
1059.2537251772892,-77376.0050830107,9.25733947223729
1090.1844923851281,-77376.0050186796,9.527658657487889
1122.018454301964,-77376.00495054058,9.805871304757913
1154.781984689459,-77376.00487838771,10.09220790723057
1188.5022274370194,-77376.00480193105,10.386905688627179
1223.2071190499325,-77376.00472095807,10.69020879969269
1258.9254117941682,-77376.0046351809,11.002368520514594
1295.6866975170205,-77376.00454431504,11.323643468677915
1333.5214321633252,-77376.0044480904,11.65429981351867
1372.4609610075634,-77376.00434612471,11.994611496681827
1412.5375446227558,-77376.0042381803,12.34486045898511
1453.7843856076636,-77376.00412376341,12.705336874142416
1496.2356560944354,-77376.00400261336,13.07633938898719
1539.926526059494,-77376.00387427391,13.458175371050864
1584.8931924611159,-77376.00373832196,13.851161163123692
1631.1729092278408,-77376.00359432166,14.255622345352144
1678.804018122563,-77376.00344180621,14.67189400497989
1727.8259805078665,-77376.00328021776,15.100321013985013
1778.279410038926,-77376.00310908025,15.5412583147206
1830.2061063110596,-77376.00292778813,15.995071214066854
1883.6490894898043,-77376.00273577825,16.46213568599906
1938.6526359522113,-77376.00253237321,16.942838683144373
1995.2623149688839,-77376.00231693848,17.437578457283514
2053.5250264571505,-77376.0020886973,17.946764889382607
2113.4890398366515,-77376.00184694247,18.470819829057646
2175.2040340195276,-77376.0015908498,19.01017744415928
2238.721138568345,-77376.00131962055,19.565284580388994
2304.092976055851,-77376.0010323216,20.136601131584683
2371.373705661661,-77376.00072795803,20.724600420688542
2440.6190680419863,-77376.00040559995,21.329769591798136
2511.8864315095866,-77376.0000641116,21.95261001391299
2585.2348395621975,-77375.9997024137,22.59363769613611
2660.725059798817,-77375.99931926612,23.253383715306693
2738.4196342643686,-77375.9989134331,23.93239465586658
2818.3829312644616,-77375.99848350525,24.63123306280553
2900.681198693162,-77375.99802815921,25.35047790751997
2985.3826189179686,-77375.99754580014,26.090725067724748
3072.557365267456,-77375.99703488796,26.852587820870305
3162.277660168389,-77375.99649368739,27.636697352403154
3254.617834980469,-77375.99592040069,28.443703278571924
3349.6543915782872,-77375.99531314835,29.27427418461332
3447.466065731505,-77375.99466996294,30.129098178643318
3548.133892335766,-77375.99398863003,31.00888346186011
3651.741272548389,-77375.99326688526,31.914358915079426
3758.3740428844544,-77375.99250243098,32.84627470254333
3868.120546330535,-77375.99169267797,33.80540289363179
3981.0717055349864,-77375.99083492391,34.79253810231009
4097.32109813543,-77375.98992632487,35.80849814544031
4216.965034285838,-77375.98896391946,36.8541247202578
4340.102636447455,-77375.98794448753,37.93028410180983
4466.835921509648,-77375.98686466663,39.037867860478165
4597.2698853087395,-77375.98572080638,40.1777936007435
4731.512589614823,-77375.98450919073,41.35100572108941
4869.67525165865,-77375.9832258056,42.558476196626515
5011.872336272742,-77375.98186636466,43.8012053842687
5158.221650723077,-77375.9804263597,45.08022285137688
5308.8444423099045,-77375.97890105398,46.39658822866198
5463.865498818564,-77375.97728536259,47.75139208814555
5623.413251903514,-77375.9755739219,49.14575684649731
5787.61988349123,-77375.97376107363,50.58083769485548
5956.62143529013,-77375.97184081795,52.0578235558382
6130.557921498234,-77375.96980676331,53.57793806850586
6309.57344480196,-77375.96765220904,55.14244060186479
6493.816315762142,-77375.96536995025,56.75262729840277
6683.439175686176,-77375.96295250316,58.409832147398255
6878.599123088107,-77375.96039179157,60.11542809046239
7079.457843841412,-77375.95767933513,61.87082815850168
7286.181745132311,-77375.95480617296,63.677486642315515
7498.942093324594,-77375.95176275379,65.53690029743913
7717.915155850161,-77375.94853904002,67.45060958374867
7943.282347242854,-77375.94512426326,69.4201999419271
8175.23037943654,-77375.94150715269,71.44730310624666
8413.951416451991,-77375.93767574614,73.53359845649727
8659.643233600696,-77375.93361730313,75.68081440919106
8912.5093813375,-77375.92931836139,77.89072984904946
9172.759353897844,-77375.92476471672,80.16517560242048
9440.608762859283,-77375.91994121633,82.50603595414084
9716.279515771113,-77375.91483192661,84.91525020777435
10000.000000000055,-77375.90941992169,87.3948142922859
10292.00527194434,-77375.90368719856,89.94678241531778
10592.537251772948,-77375.89761481514,92.57326876410389
10901.844923851339,-77375.8911826185,95.27644925709316
11220.184543019699,-77375.88436927754,98.05856334587682
11547.819846894648,-77375.87715221949,100.9219158699303
11885.022274370254,-77375.86950756791,103.86887896545693
12232.071190499388,-77375.86140988706,106.90189403052209
12589.254117941748,-77375.8528324054,110.0234737460228
12956.866975170273,-77375.84374668825,113.23620415731537
13335.21432163332,-77375.83412259484,116.54274681568003
13724.609610075704,-77375.82392828625,119.94584098203347
14125.37544622763,-77375.81312987168,123.44830589617652
14537.843856076708,-77375.80169163746,127.05304311013782
14962.356560944427,-77375.789575665,130.7630388917406
15399.265260595015,-77375.77674174265,134.58136669721344
15848.931924611234,-77375.76314741616,138.51118971528453
16311.729092278485,-77375.74874756353,142.55576348734303
16788.040181225708,-77375.73349447588,146.71843860192394
17278.259805078742,-77375.71733755441,151.0026634692982
17782.79410038934,-77375.70022330606,155.4119871756202
18302.061063110676,-77375.6820949916,159.95006242177251
18836.490894898125,-77375.66289251449,164.62064854676015
19386.5263595222,-77375.64255220522,169.42761463963794
19952.623149688927,-77375.62100667726,174.37494274170183
20535.250264571598,-77375.59818454718,179.4667311425982
21134.89039836661,-77375.57401008432,184.70719777280937
21752.040340195374,-77375.54840328204,190.10068369260205
22387.21138568355,-77375.52127908565,195.65165668714417
23040.929760558614,-77375.49254781746,201.3647149594835
23713.737056616716,-77375.46211408157,207.24459093971257
24406.19068041997,-77375.42987705092,213.29615519684532
25118.864315095976,-77375.3957298997,219.52442046947303
25852.348395622088,-77375.35955944589,225.9345458123864
26607.250597988284,-77375.32124575392,232.5318408639735
27384.19634264381,-77375.28066192649,239.32177023627892
28183.829312644742,-77375.23767335463,246.3099580363296
29006.81198693175,-77375.1921376279,253.5021925141058
29853.826189179817,-77375.14390379784,260.9044308500465
30725.573652674695,-77375.0928119766,268.52280407907165
31622.77660168403,-77375.03869289477,276.36362215763467
32546.17834980483,-77374.98136707161,284.4333791808464
33496.54391578302,-77374.92064461779,292.73875874560207
34474.6606573152,-77374.85632418562,301.2866394761887
35481.33892335782,-77374.78819266259,310.0841007035474
36517.41272548406,-77374.7160242454,319.1384283142774
37583.740428844714,-77374.63957972199,328.45712076705684
38681.20546330552,-77374.55860574875,338.0478952829633
39810.71705535004,-77374.4728338948,347.9186942169208
40973.210981354474,-77374.38197997941,358.07769161012334
42169.650342858564,-77374.28574282947,368.533299937482
43401.02636447473,-77374.18380357078,379.2941770440302
44668.35921509667,-77374.07582430559,390.3692332877811
45972.69885308759,-77373.96144715129,401.7676388842847
47315.125896148435,-77373.84029312208,413.4988314640441
48696.75251658671,-77373.71196064893,425.5725238515101
50118.723362727644,-77373.57602449172,437.99871206261713
51582.216507230994,-77373.4320340989,450.7876835386009
53088.44442309928,-77373.27951227516,463.95002561179086
54638.65498818588,-77373.1179536359,477.49663421631294
56234.13251903538,-77372.94682276295,491.4387228519414
57876.19883491255,-77372.76555257787,505.78783180079427
59566.21435290155,-77372.57354235345,520.5558376119353
61305.579214982594,-77372.37015582257,535.754962854507
63095.734448019866,-77372.15471900767,551.3977861522754
64938.16315762169,-77371.92651806443,567.4972525026388
66834.39175686204,-77371.6847967866,584.0666838934588
68785.99123088135,-77371.42875425561,601.1197902175985
70794.5784384144,-77371.1575420186,618.6706805035185
72861.81745132341,-77370.87026154957,636.7338744569669
74989.42093324625,-77370.56596085343,655.324314342657
77179.15155850194,-77370.24363178696,674.4573771855255
79432.82347242888,-77369.90220639098,694.1488873318781
81752.30379436575,-77369.54055350226,714.4151293555095
84139.5141645203,-77369.15747492327,735.2728613315649
86596.43233600735,-77368.75170160484,756.739328477969
89125.0938133754,-77368.32188918463,778.8322771878312
91727.59353897884,-77367.86661392162,801.5699694392662
94406.08762859325,-77367.38436759626,824.9711976241352
97162.79515771156,-77366.87355279629,849.0552997731829
100000.00000000097,-77366.33247756402,873.8421752105924
102920.05271944383,-77365.75934963988,899.3523006431348
105925.37251772993,-77365.15227082194,925.606746680016
109018.44923851384,-77364.5092305324,952.6271948165843
112201.84543019746,-77363.82809910408,980.4359548793277
115478.19846894697,-77363.10662094053,1009.055982937008
118850.22274370304,-77362.34240685034,1038.5108997078873
122320.71190499439,-77361.53292624875,1068.8250094533328
125892.541179418,-77360.67549912428,1100.0233193691793
129568.66975170327,-77359.76728650725,1132.1315595253589
133352.1432163338,-77358.80528171615,1165.1762032913784
137246.09610075763,-77357.78630009535,1199.1844883296517
141253.7544622769,-77356.70696867318,1234.1844381200576
145378.4385607677,-77355.56371502338,1270.2048840480588
149623.56560944492,-77354.35275543066,1307.275488062315
153992.65260595083,-77353.07008240191,1345.4267659085226
158489.31924611304,-77351.71145169507,1384.6901109398268
163117.29092278559,-77350.27236799091,1425.0978185458534
167880.40181225786,-77348.7480704379,1466.6831111580539
172782.59805078822,-77347.13351668959,1509.4801638931376
177827.94100389423,-77345.42336661165,1553.5241307907381
183020.61063110761,-77343.61196452462,1598.8511716978012
188364.90894898213,-77341.69332072258,1645.4984797710608
193865.26359522287,-77339.66109175113,1693.5043096222953
199526.23149689016,-77337.50855970345,1742.9080060948863
205352.5026457169,-77335.22861008781,1793.7500336925868
211348.90398366703,-77332.81370849602,1846.0720066471783
217520.4034019547,-77330.25587602501,1899.9167196223261
223872.11385683648,-77327.54666317112,1955.3281790615388
230409.29760558717,-77324.67712206596,2012.3516351800363
237137.37056616822,-77321.63777731033,2071.0336145747415
244061.90680420081,-77318.41859528629,2131.421953442894
251188.64315096088,-77315.00895095416,2193.5658314538596
258523.48395622204,-77311.39759352687,2257.5158061690418
266072.505979884,-77307.57261007141,2323.323848040418
273841.96342643927,-77303.52138621577,2391.0433760168926
281838.29312644864,-77299.23056567063,2460.729293611527
290068.11986931873,-77294.6860065923,2532.438025523299
298538.26189179946,-77289.87273610248,2606.2275546791525
307255.7365267483,-77284.77490155035,2682.1574597480258
316227.7660168417,-77279.3757193465,2760.2889530113675
325461.7834980498,-77273.65742102818,2840.684918548799
334965.4391578317,-77267.60119578885,2923.4099507293286
344746.6065731536,-77261.18713037904,3008.530392853843
354813.3892335798,-77254.39414468159,3096.114376001368
365174.1272548422,-77247.19992474123,3186.2318578267304
375837.4042884488,-77239.58085119854,3278.9546613747643
386812.054633057,-77231.51192399547,3374.356513714007
398107.1705535022,-77222.96668270437,3472.5130843119387
409732.10981354665,-77213.91712319935,3573.5020229262577
421696.5034285876,-77204.33360815962,3677.4029970960846
434010.26364474936,-77194.1847743202,3784.2977287556005
446683.59215096885,-77183.4374330047,3894.2700301228097
459726.9885308781,-77172.05646682065,4007.40583833535
473151.2589614866,-77160.00471949493,4123.79324891279
486967.5251658694,-77147.24288013851,4243.522547641211
501187.23362727877,-77133.72936127249,4366.68624065843
515822.16507231235,-77119.42017049895,4493.379082429447
530884.4442309953,-77104.26877491699,4623.698101372688
546386.5498818613,-77088.22595866624,4757.742622707011
562341.3251903565,-77071.23967294252,4895.61428818264
578761.9883491283,-77053.25487819358,5037.417072280049
595662.1435290184,-77034.21337789691,5183.257294466536
613055.7921498289,-77014.05364442014,5333.243626899572
630957.3444802017,-76992.71063543705,5487.487097212459
649381.63157622,-76970.11560172259,5646.101085630502
668343.9175686237,-76946.1958845756,5809.201316001552
687859.9123088169,-76920.8747045567,5976.9058397367635
707945.7843841475,-76894.07093883108,6149.335012293065
728618.1745132377,-76865.69888883414,6326.611461062612
749894.2093324661,-76835.66803642668,6508.860044045857
771791.5155850231,-76803.88278945346,6696.207798157528
794328.2347242925,-76770.24221526319,6888.783876349511
817523.0379436614,-76734.63976299668,7086.719472262501
841395.141645207,-76696.9629735649,7290.147731376763
865964.3233600776,-76657.09317781572,7499.203647259905
891250.9381337581,-76614.90518197732,7714.023941694168
917275.9353897927,-76570.2669412005,7934.746927034874
944060.8762859369,-76523.03922020498,8161.512349425819
971627.9515771201,-76473.07524216264,8394.461210964722
1000000.0000000144,-76420.22032450212,8633.735569339045
