candidate,frequency_hz,zout_real_ohm,zout_imag_ohm
R75,1000.0,6144.239272769109,-0.24384572891204104
R75,1029.2005271944283,6144.239272195575,-0.25096615272695133
R75,1059.2537251772892,6144.239271588056,-0.25829449666899157
R75,1090.1844923851281,6144.239270944539,-0.26583683211529785
R75,1122.018454301964,6144.239270262891,-0.273599407730402
R75,1154.781984689459,6144.2392695408535,-0.2815886546431161
R75,1188.5022274370194,6144.239268776032,-0.289811191774583
R75,1223.2071190499325,6144.239267965894,-0.2982738313219099
R75,1258.9254117941682,6144.2392671077505,-0.30698358440192824
R75,1295.6866975170205,6144.239266198759,-0.3159476668597491
R75,1333.5214321633252,6144.239265235906,-0.32517350524693606
R75,1372.4609610075634,6144.239264216001,-0.33466874297424365
R75,1412.5375446227558,6144.239263135662,-0.34444124664401327
R75,1453.7843856076636,6144.23926199131,-0.35449911256748695
R75,1496.2356560944354,6144.23926077915,-0.3648506734724219
R75,1539.926526059494,6144.239259495165,-0.3755045054065729
R75,1584.8931924611159,6144.2392581351,-0.3864694348427642
R75,1631.1729092278408,6144.2392566944445,-0.3977545459914252
R75,1678.804018122563,6144.239255168426,-0.40936918832666236
R75,1727.8259805078665,6144.239253551986,-0.42132298433209237
R75,1778.279410038926,6144.239251839765,-0.433625837472857
R75,1830.2061063110596,6144.239250026088,-0.4462879404004281
R75,1883.6490894898043,6144.239248104945,-0.45931978339699114
R75,1938.6526359522113,6144.239246069966,-0.47273216306641425
R75,1995.2623149688839,6144.239243914407,-0.4865361912789938
R75,2053.5250264571505,6144.239241631123,-0.500743304377391
R75,2113.4890398366515,6144.239239212548,-0.5153652726513871
R75,2175.2040340195276,6144.239236650661,-0.530414210089305
R75,2238.721138568345,6144.2392339369735,-0.5459025844141772
R75,2304.092976055851,6144.239231062489,-0.5618432274129723
R75,2371.373705661661,6144.239228017682,-0.5782493455674409
R75,2440.6190680419863,6144.239224792458,-0.5951345309953866
R75,2511.8864315095866,6144.239221376128,-0.6125127727114243
R75,2585.2348395621975,6144.239217757368,-0.6303984682165633
R75,2660.725059798817,6144.239213924182,-0.6488064354262005
R75,2738.4196342643686,6144.239209863867,-0.6677519249464264
R75,2818.3829312644616,6144.2392055629625,-0.6872506327087955
R75,2900.681198693162,6144.239201007213,-0.7073187129740428
R75,2985.3826189179686,6144.239196181517,-0.7279727917155082
R75,3072.557365267456,6144.239191069883,-0.7492299803933672
R75,3162.277660168389,6144.239185655364,-0.7711078901310674
R75,3254.617834980469,6144.239179920015,-0.7936246463057246
R75,3349.6543915782872,6144.23917384482,-0.8167989035645674
R75,3447.466065731505,6144.239167409653,-0.8406498612798603
R75,3548.133892335766,6144.239160593178,-0.8651972794551139
R75,3651.741272548389,6144.239153372802,-0.890461495095765
R75,3758.3740428844544,6144.239145724591,-0.9164634390578877
R75,3868.120546330535,6144.239137623197,-0.9432246533888835
R75,3981.0717055349864,6144.239129041763,-0.9707673091745259
R75,4097.32109813543,6144.239119951847,-0.9991142249071431
R75,4216.965034285838,6144.239110323322,-1.028288885390163
R75,4340.102636447455,6144.2391001242695,-1.0583154611946517
R75,4466.835921509648,6144.239089320886,-1.089218828684014
R75,4597.2698853087395,6144.23907787736,-1.1210245906233989
R75,4731.512589614823,6144.2390657557635,-1.1537590973909007
R75,4869.67525165865,6144.239052915918,-1.1874494688081492
R75,5011.872336272742,6144.239039315264,-1.2221236166083251
R75,5158.221650723077,6144.239024908718,-1.2578102675602656
R75,5308.8444423099045,6144.239009648534,-1.2945389872677806
R75,5463.865498818564,6144.238993484126,-1.3323402046639172
R75,5623.413251903514,6144.238976361917,-1.3712452372204393
R75,5787.61988349123,6144.238958225152,-1.4112863168934444
R75,5956.62143529013,6144.238939013719,-1.452496616826567
R75,6130.557921498234,6144.238918663934,-1.4949102788339166
R75,6309.57344480196,6144.23889710835,-1.538562441685524
R75,6493.816315762142,6144.238874275512,-1.5834892702186922
R75,6683.439175686176,6144.238850089744,-1.6297279852994129
R75,6878.599123088107,6144.2388244708845,-1.6773168946586312
R75,7079.457843841412,6144.238797334013,-1.7262954246289004
R75,7286.181745132311,6144.238768589181,-1.7767041528077723
R75,7498.942093324594,6144.238738141111,-1.8285848416749093
R75,7717.915155850161,6144.238705888879,-1.881980473190803
R75,7943.282347242854,6144.238671725582,-1.9369352844057461
R75,8175.23037943654,6144.238635537985,-1.9934948041085832
R75,8413.951416451991,6144.238597206139,-2.051705890545546
R75,8659.643233600696,6144.238556602986,-2.1116167702404502
R75,8912.5093813375,6144.23851359394,-2.173277077948428
R75,9172.759353897844,6144.238468036457,-2.236737897776236
R75,9440.608762859283,6144.238419779523,-2.30205180550324
R75,9716.279515771113,6144.23836866318,-2.3692729121381166
R75,10000.000000000055,6144.238314518012,-2.438456908747375
R75,10292.00527194434,6144.238257164535,-2.509661112592726
R75,10592.537251772948,6144.2381964126525,-2.582944514615716
R75,10901.844923851339,6144.238132061002,-2.6583678283087004
R75,11220.184543019699,6144.238063896279,-2.735993540012838
R75,11547.819846894648,6144.237991692543,-2.8158859606846565
R75,11885.022274370254,6144.237915210462,-2.8981112791740764
R75,12232.071190499388,6144.237834196543,-2.982737617058091
R75,12589.254117941748,6144.237748382248,-3.0698350850753586
R75,12956.866975170273,6144.237657483133,-3.159475841208601
R75,13335.21432163332,6144.237561197911,-3.2517341504628354
R75,13724.609610075704,6144.237459207442,-3.3466864463889263
R75,14125.37544622763,6144.23735117366,-3.44441139440341
R75,14537.843856076708,6144.237236738472,-3.5449899569570773
R75,14962.356560944427,6144.237115522572,-3.64850546060622
R75,15399.265260595015,6144.23698712419,-3.7550436650420704
R75,15848.931924611234,6144.236851117737,-3.8646928341356266
R75,16311.729092278485,6144.236707052404,-3.9775438090566273
R75,16788.040181225708,6144.236554450663,-4.093690083527283
R75,17278.259805078742,6144.236392806709,-4.2132278812730535
R75,17782.79410038934,6144.236221584759,-4.336256235734472
R75,18302.061063110676,6144.236040217281,-4.462877072106149
R75,18836.490894898125,6144.23584810311,-4.593195291770802
R75,19386.5263595222,6144.235644605478,-4.727318859198194
R75,19952.623149688927,6144.23542904987,-4.865358891380847
R75,20535.250264571598,6144.235200721805,-5.007429749880696
R75,21134.89039836661,6144.23495886447,-5.1536491355627065
R75,21752.040340195374,6144.234702676197,-5.3041381860939305
R75,22387.21138568355,6144.234431307851,-5.459021576288675
R75,23040.929760558614,6144.23414385994,-5.618427621382685
R75,23713.737056616716,6144.2338393797045,-5.782488383321996
R75,24406.19068041997,6144.233516857901,-5.9513397801542025
R75,25118.864315095976,6144.233175225532,-6.125121698612758
R75,25852.348395622088,6144.232813350208,-6.303978109987191
R75,26607.250597988284,6144.2324300324735,-6.48805718937545
R75,27384.19634264381,6144.232024001773,-6.677511438416548
R75,28183.829312644742,6144.231593912312,-6.87249781160547
R75,29006.81198693175,6144.231138338509,-7.073177846294165
R75,29853.826189179817,6144.230655770334,-7.279717796486735
R75,30725.573652674695,6144.230144608288,-7.492288770538924
R75,31622.77660168403,6144.229603158074,-7.711066872875885
R75,32546.17834980483,6144.229029625023,-7.936233349845424
R75,33496.54391578302,6144.2284221081145,-8.167974739826926
R75,34474.6606573152,6144.227778593705,-8.406483027720359
R75,35481.33892335782,6144.227096948804,-8.6519558039424
R75,36517.41272548406,6144.226374914077,-8.904596428061687
R75,37583.740428844714,6144.225610096288,-9.164614197207486
R75,38681.20546330552,6144.224799960401,-9.432224519391415
R75,39810.71705535004,6144.223941821174,-9.70764909188493
R75,40973.210981354474,6144.223032834272,-9.991116084799813
R75,42169.650342858564,6144.2220699867985,-10.282860330022954
R75,43401.02636447473,6144.221050087355,-10.583123515661542
R75,44668.35921509667,6144.219969755434,-10.892154386158495
R75,45972.69885308759,6144.218825410247,-11.210208948243517
R75,47315.125896148435,6144.217613258805,-11.537550682888964
R75,48696.75251658671,6144.216329283399,-11.874450763445534
R75,50118.723362727644,6144.214969228249,-12.221188280136994
R75,51582.216507230994,6144.213528585424,-12.578050471099015
R75,53088.44442309928,6144.212002579886,-12.9453329601518
R75,54638.65498818588,6144.2103861536525,-13.323340001502338
R75,56234.13251903538,6144.208673949074,-13.712384731577423
R75,57876.19883491255,6144.206860291035,-14.112789428193839
R75,59566.21435290155,6144.2049391681785,-14.524885777279204
R75,61305.579214982594,6144.202904212933,-14.949015147361687
R75,63095.734448019866,6144.200748680489,-15.38552887205456
R75,64938.16315762169,6144.198465426366,-15.834788540766038
R75,66834.39175686204,6144.19604688278,-16.297166297873556
R75,68785.99123088135,6144.193485033555,-16.773045150606944
R75,70794.5784384144,6144.1907713875535,-17.2628192858923
R75,72861.81745132341,6144.187896950534,-17.76689439641572
R75,74989.42093324625,6144.184852195337,-18.2856880161731
R75,77179.15155850194,6144.18162703035,-18.819629865780204
R75,79432.82347242888,6144.178210766019,-19.369162207823766
R75,81752.30379436575,6144.174592079441,-19.934740212543808
R75,84139.5141645203,6144.170758976851,-20.51683233414462
R75,86596.43233600735,6144.166698753873,-21.115920698039883
R75,89125.0938133754,6144.162397953413,-21.732501499346867
R75,91727.59353897884,6144.157842321075,-22.367085412952356
R75,94406.08762859325,6144.153016757911,-23.02019801548246
R75,97162.79515771156,6144.147905270433,-23.692380219520164
R75,100000.00000000097,6144.142490917545,-24.384188720414073
R75,102920.05271944383,6144.136755754502,-25.096196456048535
R75,105925.37251772993,6144.130680773353,-25.82899307993741
R75,109018.44923851384,6144.124245840048,-26.58318544802618
R75,112201.84543019746,6144.117429627683,-27.35939811958991
R75,115478.19846894697,6144.110209545834,-28.15827387263074
R75,118850.22274370304,6144.102561665754,-28.980474234185042
R75,122320.71190499439,6144.09446064106,-29.826680025963427
R75,125892.541179418,6144.085879623781,-30.697591925757965
R75,129568.66975170327,6144.0767901754,-31.593931045061364
R75,133352.1432163338,6144.067162172682,-32.5164395233565
R75,137246.09610075763,6144.056963707858,-33.465881139543114
R75,141253.7544622769,6144.046160982925,-34.443041940984905
R75,145378.4385607677,6144.034718197749,-35.448730890669644
R75,149623.56560944492,6144.022597431408,-36.48378053298678
R75,153992.65260595083,6144.009758516685,-37.54904767864394
R75,158489.31924611304,6143.996158906969,-38.6454141092508
R75,163117.29092278559,6143.981753535385,-39.773787302116354
R75,167880.40181225786,6143.966494665563,-40.935101175819774
R75,172782.59805078822,6143.950331733542,-42.1303168571173
R75,177827.94100389423,6143.933211180351,-43.360423469781104
R75,183020.61063110761,6143.915076274686,-44.62643894596165
R75,188364.90894898213,6143.89586692509,-45.92941086068353
R75,193865.26359522287,6143.875519481003,-47.270417290106764
R75,199526.23149689016,6143.853966522081,-48.65056769418727
R75,205352.5026457169,6143.831136635,-50.0710038243917
R75,211348.90398366703,6143.806954177148,-51.532900657133915
R75,217520.4034019547,6143.781339026236,-53.03746735361252
R75,223872.11385683648,6143.754206315215,-54.5859482467421
R75,230409.29760558717,6143.72546615142,-56.17962385589048
R75,237137.37056616822,6143.695023319169,-57.81981193013303
R75,244061.90680420081,6143.662776964805,-59.50786852076738
R75,251188.64315096088,6143.628620263074,-61.24518908382823
R75,258523.48395622204,6143.592440063829,-63.03320961335768
R75,266072.505979884,6143.554116517844,-64.87340780621034
R75,273841.96342643927,6143.513522680552,-66.76730425915555
R75,281838.29312644864,6143.470524092363,-68.71646369908586
R75,290068.11986931873,6143.424978334231,-70.72249624711877
R75,298538.26189179946,6143.3767345569295,-72.78705871739834
R75,307255.7365267483,6143.325632982639,-74.91185595142449
R75,316227.7660168417,6143.2715043770795,-77.09864218870945
R75,325461.7834980498,6143.214169490502,-79.34922247460888
R75,334965.4391578317,6143.153438465727,-81.66545410613836
R75,344746.6065731536,6143.0891102113455,-84.04924811661276
R75,354813.3892335798,6143.020971737858,-86.50257079993379
R75,365174.1272548422,6142.948797454871,-89.0274452753582
R75,375837.4042884488,6142.872348426749,-91.6259530935432
R75,386812.054633057,6142.791371584591,-94.30023588471659
R75,398107.1705535022,6142.705598891714,-97.05249704972564
R75,409732.10981354665,6142.6147464601445,-99.88500349479342
R75,421696.5034285876,6142.518513615144,-102.80008741070955
R75,434010.26364474936,6142.4165819047275,-105.80014809721818
R75,446683.59215096885,6142.308614051026,-108.8876538333029
R75,459726.9885308781,6142.19425284014,-112.06514379406232
R75,473151.2589614866,6142.073119946775,-115.33523001479954
R75,486967.5251658694,6141.9448146900195,-118.70059940293145
R75,501187.23362727877,6141.808912716179,-122.164015798249
R75,515822.16507231235,6141.664964604538,-125.7283220820226
R75,530884.4442309953,6141.512494391413,-129.3964423353461
R75,546386.5498818613,6141.350998008037,-133.17138404707188
R75,562341.3251903565,6141.179941627068,-137.05624037156923
R75,578761.9883491283,6140.998759912645,-141.0541924364453
R75,595662.1435290184,6140.806854168306,-145.16851170028022
R75,613055.7921498289,6140.6035903770335,-149.40256236026312
R75,630957.3444802017,6140.388297127173,-153.75980380950043
R75,649381.63157622,6140.160263417775,-158.24379314361514
R75,668343.9175686237,6139.91873633644,-162.85818771604298
R75,687859.9123088169,6139.662918602422,-167.6067477413021
R75,707945.7843841475,6139.3919659674375,-172.49333894523178
R75,728618.1745132377,6139.104984466039,-177.52193526098603
R75,749894.2093324661,6138.801027507102,-182.69662156932898
R75,771791.5155850231,6138.479092797584,-188.0215964814288
R75,794328.2347242925,6138.138119089025,-193.50117516208502
R75,817523.0379436614,6137.776982737084,-199.13979219093358
R75,841395.141645207,6137.394494063523,-204.9420044587928
R75,865964.3233600776,6136.989393509864,-210.9124940958903
R75,891250.9381337581,6136.56034757122,-217.05607142824007
R75,917275.9353897927,6136.105944498136,-223.37767795793022
R75,944060.8762859369,6135.6246897539795,-229.8823893624633
R75,971627.9515771201,6135.115001214418,-236.57541850779114
R75,1000000.0000000144,6134.575204095218,-243.4621184688491
R75,1029200.527194443,6134.003525593719,-250.5479855507817
R75,1059253.7251773044,6133.398089228803,-257.8386623032095
R75,1090184.4923851436,6132.756908863299,-265.339940518908
R75,1122018.4543019799,6132.0778823923465,-273.05776420750016
R75,1154781.984689475,6131.358785080163,-280.99823253348336
R75,1188502.2274370359,6130.597262527173,-289.16760270693527
R75,1223207.1190499496,6129.790823248551,-297.5722928139109
R75,1258925.4117941859,6128.936830844666,-306.2188845722294
R75,1295686.6975170388,6128.032495742879,-315.11412599681967
R75,1333521.432163344,6127.074866489618,-324.2649339572145
R75,1372460.9610075825,6126.060820570742,-333.6783966081136
R75,1412537.5446227754,6124.987054737708,-343.3617756718861
R75,1453784.3856076836,6123.850074815899,-353.3225085499943
R75,1496235.6560944559,6122.646184971341,-363.56821023801535
R75,1539926.526059515,6121.371476410891,-374.10667501657707
R75,1584893.1924611374,6120.0218154907025,-384.94587788793507
R75,1631172.909227863,6118.59283120714,-396.09397572507953
R75,1678804.0181225857,6117.079902043719,-407.5593080972686
R75,1727825.9805078898,6115.478142147679,-419.35039773271154
R75,1778279.41003895,6113.782386808979,-431.47595057545664
R75,1830206.106311084,6111.987177215035,-443.9448553899557
R75,1883649.0894898295,6110.0867444540045,-456.76618286257707
R75,1938652.6359522373,6108.074992740059,-469.94918414519026
R75,1995262.3149689105,6105.945481834315,-483.5032887810855
R75,2053525.026457178,6103.691408635922,-497.4381019488062
R75,2113489.0398366796,6101.305587918775,-511.76340095387
R75,2175204.0340195564,6098.780432190539,-526.4891308929609
R75,2238721.1385683743,6096.1079306525735,-541.6253994091928
R75,2304092.9760558815,6093.279627241358,-557.1824704503173
R75,2371373.705661692,6090.286597734577,-573.1707569356433
R75,2440619.0680420185,6087.119425908373,-589.6008122296813
R75,2511886.4315096196,6083.768178735909,-606.4833203134637
R75,2585234.8395622317,6080.222380621936,-623.8290845364238
R75,2660725.059798852,6076.470986673306,-641.6490148237284
R75,2738419.6342644054,6072.502355011457,-659.9541132049003
R75,2818382.931264499,6068.304218140027,-678.7554575213421
R75,2900681.1986932005,6063.86365338893,-698.064183160505
R75,2985382.618918008,6059.167052465438,-717.8914626556349
R75,3072557.365267497,6054.200090153613,-738.2484829797854
R75,3162277.6601684312,6048.947692215285,-759.1464203534955
R75,3254617.8349805125,6043.39400255963,-780.5964123756487
R75,3349654.391578332,6037.522349763461,-802.6095272769268
R75,3447466.065731551,6031.315213041802,-825.1967300863438
R75,3548133.8923358135,6024.754187787202,-848.3688454916085
R75,3651741.272548438,6017.819950817828,-872.136517165665
R75,3758374.042884505,6010.492225497789,-896.5101633237795
R75,3868120.546330587,6002.749746919577,-921.4999282683463
R75,3981071.70553504,5994.570227366797,-947.1156296732443
R75,4097321.0981354844,5985.930322307339,-973.3667013546922
R75,4216965.034285894,5976.805597201095,-1000.2621312742492
R75,4340102.636447512,5967.170495443967,-1027.8103945185112
R75,4466835.921509706,5956.998307810201,-1056.019381003952
R75,4597269.885308799,5946.261143798697,-1084.8963176606276
R75,4731512.589614885,5934.929905335564,-1114.4476848591887
R75,4869675.251658713,5922.974263334928,-1144.679126859541
R75,5011872.336272808,5910.362637672739,-1175.595356079473
R75,5158221.650723144,5897.062181183594,-1207.2000510072887
R75,5308844.442309974,5883.03876834862,-1239.4957476143788
R75,5463865.498818635,5868.256989402267,-1272.4837241639748
R75,5623413.251903587,5852.680150647278,-1306.1638793603477
R75,5787619.883491306,5836.270281829331,-1340.5346038406005
R75,5956621.435290207,5818.988151485008,-1375.5926450788959
R75,6130557.921498313,5800.79329123795,-1411.3329658527016
R75,6309573.444802041,5781.644030076586,-1447.7485965112996
R75,6493816.315762226,5761.497539701821,-1484.830481391846
R75,6683439.175686263,5740.309892082542,-1522.5673198459506
R75,6878599.123088196,5718.036130398343,-1560.945402472267
R75,7079457.843841503,5694.630354580744,-1599.948443298418
R75,7286181.745132405,5670.045822684188,-1639.5574088169578
R75,7498942.093324691,5644.235069321434,-1679.7503449589913
R75,7717915.155850261,5617.150042385088,-1720.5022032789682
R75,7943282.347242957,5588.742259240328,-1761.7846678315227
R75,8175230.379436647,5558.962983513655,-1803.5659844374393
R75,8413951.416452102,5527.763423512581,-1845.8107942640142
R75,8659643.23360081,5495.094953189004,-1888.479973880189
R75,8912509.381337617,5460.909356400555,-1931.5304841852421
R75,9172759.353897963,5425.159095026007,-1974.9152308484042
R75,9440608.762859406,5387.797601249846,-2018.5829391286804
R75,9716279.51577124,5348.779594043928,-2062.478046164975
R75,10000000.000000184,5308.06141954062,-2106.540614026755
R75,10292005.271944473,5265.601414607348,-2150.706266990087
R75,10592537.251773085,5221.360292501986,-2194.9061566401383
R75,10901844.923851479,5175.301549008772,-2239.0669584929606
R75,11220184.543019842,5127.391886931406,-2283.110903864049
R75,11547819.846894797,5077.601656258347,-2326.955850678975
R75,11885022.274370406,5025.905306721351,-2370.515396811844
R75,12232071.190499544,4972.281848851957,-2413.6990393402007
R75,12589254.117941909,4916.715319015202,-2456.4123828100355
R75,12956866.97517044,4859.195243276242,-2498.55739920616
R75,13335214.321633492,4799.71709435548,-2540.0327418115885
R75,13724609.61007588,4738.282735365572,-2580.734114515219
R75,14125375.446227811,4674.900843522625,-2620.5546973870596
R75,14537843.856076894,4609.587306607283,-2659.3856284876324
R75,14962356.560944619,4542.36558463797,-2697.116540923624
R75,15399265.260595214,4473.267029036631,-2733.6361531133048
R75,15848931.924611438,4402.331151535036,-2768.8329091030805
R75,16311729.092278697,4329.605835206775,-2802.595664602303
R75,16788040.181225926,4255.147480336926,-2834.8144132022517
R75,17278259.80507897,4179.0210783650855,-2865.381046051149
R75,17782794.100389574,4101.300207868665,-2894.1901371028994
R75,18302061.063110918,4022.0669474898214,-2921.1397449823753
R75,18836490.894898374,3941.41170184621,-2946.132221551996
R75,19386526.359522454,3859.4329377852405,-2969.07501646371
R75,19952623.14968919,3776.236829822313,-2989.8814663732687
R75,20535250.264571868,3691.9368152152892,-3008.471557113612
R75,21134890.398366887,3606.653060827466,-3024.7726470000857
R75,21752040.34019566,3520.5118456812456,-3038.720139591831
R75,22387211.385683842,3433.644864847885,-3050.258094674269
R75,23040929.760558918,3346.188462009,-3059.3397669586125
R75,23713737.05661703,3258.282799602635,-3065.9280630087883
R75,24406190.680420294,3170.0709768850375,-3069.995908183333
R75,25118864.315096308,3081.6981074457394,-3071.526516891836
R75,25852348.39562243,2993.3103686668605,-3070.5135611718924
R75,26607250.597988635,2905.054036286577,-3066.9612344465295
R75,27384196.34264417,2817.07451758222,-3060.8842092694717
R75,28183829.31264511,2729.515396722667,-3052.307489849006
R75,29006811.98693213,2642.517505547232,-3041.2661621005946
R75,29853826.189180207,2556.218032422441,-3027.8050458559483
R75,30725573.652675096,2470.7496809297286,-3011.9782555968063
R75,31622776.601684444,2386.239888977805,-2993.8486776362406
R75,32546178.34980526,2302.810117557053,-2973.487372998663
R75,33496543.915783457,2220.5752168005456,-2950.972916318392
R75,34474660.65731565,2139.642875348693,-2926.3906818673477
R75,35481338.92335828,2060.113157274325,-2899.832088321234
R75,36517412.72548453,1982.0781290741786,-2871.3938140836703
R75,37583740.4288452,1905.6215775188937,-2841.1769949183517
R75,38681205.463306025,1830.8188175190166,-2809.28641530852
R75,39810717.05535056,1757.7365876564763,-2775.829704400362
R75,40973210.98135501,1686.4330296745168,-2740.916546621591
R75,42169650.34285911,1616.9577470452193,-2704.6579161381837
R75,43401026.3644753,1549.3519367550591,-2667.165343257447
R75,44668359.21509726,1483.6485876758434,-2628.5502197443875
R75,45972698.8530882,1419.872738323009,-2588.9231488297323
R75,47315125.89614906,1358.0417864370236,-2548.3933444851496
R75,48696752.516587354,1298.1658426498848,-2507.0680833597457
R75,50118723.362728305,1240.2481204967896,-2465.052211636288
R75,51582216.507231675,1184.285355188244,-2422.4477080019387
R75,53088444.42309998,1130.26824384409,-2379.3533029517457
R75,54638654.988186605,1078.1819002906493,-2335.8641537707094
R75,56234132.51903613,1028.0063180065642,-2292.071573775951
R75,57876198.83491332,979.7168353546435,-2248.0628137526055
R75,59566214.352902345,933.2845978317338,-2203.9208929833926
R75,61305579.21498341,888.6770126879239,-2159.7244768500623
R75,63095734.44802071,845.8581918932855,-2115.5477976699094
R75,64938163.15762256,804.7893800496703,-2071.460615214501
R75,66834391.75686294,765.4293644437697,-2027.5282132305147
R75,68785991.23088229,727.7348650073795,-1983.8114282364177
R75,70794578.43841536,691.6609024816105,-1940.366706889978
R75,72861817.45132439,657.1611435704835,-1897.2461883026976
R75,74989420.93324725,624.1882223107964,-1854.4978078058082
R75,77179151.55850297,592.6940372781552,-1812.1654188392988
R75,79432823.47242993,562.6300245932949,-1770.2889298314217
R75,81752303.79436684,533.9474069893926,-1728.9044531535767
R75,84139514.1645214,506.59741945088524,-1688.0444634652088
R75,86596432.33600849,480.5315121412314,-1647.7379630012758
R75,89125093.81337658,455.70153150324444,-1608.010651593818
R75,91727593.53898005,432.0598805447507,-1568.885099454893
R75,94406087.6285945,409.5596594186708,-1530.3809209782771
R75,97162795.15771285,388.1547874725735,-1492.5149480362393
R75,100000000.0000023,367.8001079835123,-1455.3014014562023
F75L,1000.0,17367.290279500427,-1.9215619307129819
F75L,1029.2005271944283,17367.290266878146,-1.9776725506863406
F75L,1059.2537251772892,17367.290253537572,-2.0354216302212715
F75L,1090.1844923851281,17367.290239408907,-2.094857013183233
F75L,1122.018454301964,17367.29022444004,-2.156027940507305
F75L,1154.781984689459,17367.29020856602,-2.2189850909859556
F75L,1188.5022274370194,17367.290191773354,-2.2837806232719964
F75L,1223.2071190499325,17367.290173974776,-2.350468219058597
F75L,1258.9254117941682,17367.290155126408,-2.4191031275835715
F75L,1295.6866975170205,17367.290135165906,-2.4897422113860155
F75L,1333.5214321633252,17367.290114003143,-2.562443993412202
F75L,1372.4609610075634,17367.290091616684,-2.637268705529052
F75L,1412.5375446227558,17367.290067855236,-2.7142783383651867
F75L,1453.7843856076636,17367.290042744506,-2.793536692762924
F75L,1496.2356560944354,17367.29001611019,-2.8751094325177835
F75L,1539.926526059494,17367.289987905984,-2.9590641388832664
F75L,1584.8931924611159,17367.289958036665,-3.04547036650382
F75L,1631.1729092278408,17367.289926391837,-3.1343997010494435
F75L,1678.804018122563,17367.28989285858,-3.225925818526739
F75L,1727.8259805078665,17367.28985736589,-3.3201245463351166
F75L,1778.279410038926,17367.289819750447,-3.41707392603701
F75L,1830.2061063110596,17367.289779917,-3.5168542780742484
F75L,1883.6490894898043,17367.289737704377,-3.6195482682592797
F75L,1938.6526359522113,17367.289693004313,-3.725240976309708
F75L,1995.2623149688839,17367.28964563808,-3.834019966283279
F75L,2053.5250264571505,17367.289595496775,-3.9459753591828406
F75L,2113.4890398366515,17367.289542376377,-4.06119990754634
F75L,2175.2040340195276,17367.289486118334,-4.179789072352471
F75L,2238.721138568345,17367.289426497722,-4.30184110205514
F75L,2304.092976055851,17367.289363343123,-4.4274571140374865
F75L,2371.373705661661,17367.289296477902,-4.556741178358163
F75L,2440.6190680419863,17367.28922561984,-4.689800403916145
F75L,2511.8864315095866,17367.289150585748,-4.826745027295211
F75L,2585.2348395621975,17367.289071086438,-4.967688503981745
F75L,2660.725059798817,17367.288986890126,-5.1127476024491605
F75L,2738.4196342643686,17367.28889769148,-5.262042500822597
F75L,2818.3829312644616,17367.288803244133,-5.415696886521431
F75L,2900.681198693162,17367.28870315689,-5.57383805860464
F75L,2985.3826189179686,17367.28859716376,-5.736597033402827
F75L,3072.557365267456,17367.288484868317,-5.904108652898424
F75L,3162.277660168389,17367.2883659304,-6.0765116965592085
F75L,3254.617834980469,17367.288239958834,-6.253948996241686
F75L,3349.6543915782872,17367.288106520053,-6.4365675545258565
F75L,3447.466065731505,17367.28796513706,-6.624518666498588
F75L,3548.133892335766,17367.287815404496,-6.817958045185131
F75L,3651.741272548389,17367.28765683074,-7.017045950433413
F75L,3758.3740428844544,17367.28748881747,-7.221947321659142
F75L,3868.120546330535,17367.2873108503,-7.432831914647233
F75L,3981.0717055349864,17367.28712235342,-7.64987444207182
F75L,4097.32109813543,17367.286922702708,-7.873254718246763
F75L,4216.965034285838,17367.286711197732,-8.103157808065859
F75L,4340.102636447455,17367.286487160654,-8.339774180411377
F75L,4466.835921509648,17367.28624983615,-8.583299865856864
F75L,4597.2698853087395,17367.28599849228,-8.833936619167945
F75L,4731.512589614823,17367.285732238022,-9.091892086262488
F75L,4869.67525165865,17367.285450189403,-9.357379976398846
F75L,5011.872336272742,17367.285151436452,-9.630620239194005
F75L,5158.221650723077,17367.28483499056,-9.911839246783012
F75L,5308.8444423099045,17367.284499775047,-10.201269981340355
F75L,5463.865498818564,17367.28414470114,-10.499152228179664
F75L,5623.413251903514,17367.28376859826,-10.805732774321967
F75L,5787.61988349123,17367.2833702087,-11.121265612933087
F75L,5956.62143529013,17367.282948204993,-11.44601215376004
F75L,6130.557921498234,17367.28250120891,-11.780241439717546
F75L,6309.57344480196,17367.282027707057,-12.124230369656619
F75L,6493.816315762142,17367.281526178616,-12.47826392792976
F75L,6683.439175686176,17367.280994899065,-12.8426354202008
F75L,6878.599123088107,17367.28043215613,-13.217646716733682
F75L,7079.457843841412,17367.27983607883,-13.60360850221917
F75L,7286.181745132311,17367.279204668568,-14.000840533187901
F75L,7498.942093324594,17367.278535853882,-14.409671902986755
F75L,7717.915155850161,17367.277827379483,-14.830441314218916
F75L,7943.282347242854,17367.277076960898,-15.263497359584932
F75L,8175.23037943654,17367.27628207414,-15.709198810294833
F75L,8413.951416451991,17367.27544006369,-16.167914913447515
F75L,8659.643233600696,17367.274548170142,-16.640025697965957
F75L,8912.5093813375,17367.27360344504,-17.125922289248674
F75L,9172.759353897844,17367.272602722423,-17.62600723310127
F75L,9440.608762859283,17367.27154273098,-18.14069482941589
F75L,9716.279515771113,17367.270419915592,-18.67041147499489
F75L,10000.000000000055,17367.269230547452,-19.215596016976683
F75L,10292.00527194434,17367.267970733792,-19.776700116384202
F75L,10592.537251772948,17367.266636253313,-20.354188621879334
F75L,10901.844923851339,17367.265222702314,-20.948539955134514
F75L,11220.184543019699,17367.26372540407,-21.560246506911348
F75L,11547.819846894648,17367.262139387523,-22.189815044852693
F75L,11885.022274370254,17367.260459361205,-22.83776713316127
F75L,12232.071190499388,17367.258679831022,-23.504639564916218
F75L,12589.254117941748,17367.256794845795,-24.190984806010185
F75L,12956.866975170273,17367.254798160808,-24.89737145316063
F75L,13335.21432163332,17367.25268317757,-25.624384704691813
F75L,13724.609610075704,17367.25044283915,-26.372626844903117
F75L,14125.37544622763,17367.24806979757,-27.142717743394314
F75L,14537.843856076708,17367.245556127225,-27.935295367568166
F75L,14962.356560944427,17367.24289350088,-28.75101631151606
F75L,15399.265260595015,17367.240073133715,-29.590556339627767
F75L,15848.931924611234,17367.237085612585,-30.45461094564208
F75L,16311.729092278485,17367.23392108372,-31.343895929242265
F75L,16788.040181225708,17367.230569042807,-32.25914798808998
F75L,17278.259805078742,17367.22701841149,-33.20112532814325
F75L,17782.79410038934,17367.22325737547,-34.17060829088595
F75L,18302.061063110676,17367.219273479088,-35.168399999831514
F75L,18836.490894898125,17367.21505352519,-36.19532702513606
F75L,19386.5263595222,17367.21058354403,-37.25224006785734
F75L,19952.623149688927,17367.205848695372,-38.3400146638753
F75L,20535.250264571598,17367.200833263138,-39.45955190872812
F75L,21134.89039836661,17367.195520690024,-40.61177920379614
F75L,21752.040340195374,17367.18989327595,-41.79765102266062
F75L,22387.21138568355,17367.18393250793,-43.0181497027928
F75L,23040.929760558614,17367.177618456397,-44.27428625577679
F75L,23713.737056616716,17367.17093032167,-45.567101206852996
F75L,24406.19068041997,17367.16384590185,-46.89766545348962
F75L,25118.864315095976,17367.156341698646,-48.26708115219844
F75L,25852.348395622088,17367.14839284199,-49.67648263027584
F75L,26607.250597988284,17367.1399730247,-51.12703732416044
F75L,27384.19634264381,17367.131054270092,-52.619946744107466
F75L,28183.829312644742,17367.121607092093,-54.15644746930083
F75L,29006.81198693175,17367.11160012396,-55.737812168708714
F75L,29853.826189179817,17367.101000217583,-57.365350654547
F75L,30725.573652674695,17367.089772257776,-59.04041096462811
F75L,31622.77660168403,17367.0778789784,-60.76438047614222
F75L,32546.17834980483,17367.065281045547,-62.5386870537108
F75L,33496.54391578302,17367.051936621952,-64.3648002271534
F75L,34474.6606573152,17367.03780155118,-66.24423240795394
F75L,35481.33892335782,17367.02282893446,-68.17854013661452
F75L,36517.41272548406,17367.006969143913,-70.16932536951275
F75L,37583.740428844714,17366.99016963518,-72.21823680164775
F75L,38681.20546330552,17366.972374719495,-74.32697122742326
F75L,39810.71705535004,17366.953525468565,-76.49727494205585
F75L,40973.210981354474,17366.93355934526,-78.73094518125089
F75L,42169.650342858564,17366.912410227444,-81.02983160613176
F75L,43401.02636447473,17366.890007967064,-83.395837827022
F75L,44668.35921509667,17366.86627836197,-85.83092297522398
F75L,45972.69885308759,17366.841142788682,-88.33710331713823
F75L,47315.125896148435,17366.814517890423,-90.91645391554133
F75L,48696.75251658671,17366.786315473408,-93.57111034114604
F75L,50118.723362727644,17366.75644202843,-96.30327042974096
F75L,51582.216507230994,17366.724798599596,-99.11519609385596
F75L,53088.44442309928,17366.69128033318,-102.00921518327499
F75L,54638.65498818588,17366.655776103762,-104.98772340002003
F75L,56234.13251903538,17366.618168277142,-108.0531862702841
F75L,57876.19883491255,17366.578332208068,-111.20814117003377
F75L,59566.21435290155,17366.536135912535,-114.45519941111473
F75L,61305.579214982594,17366.491439555313,-117.79704838506123
F75L,63095.734448019866,17366.44409503587,-121.23645376983367
F75L,64938.16315762169,17366.393945440177,-124.77626179814627
F75L,66834.39175686204,17366.34082462236,-128.41940159276876
F75L,68785.99123088135,17366.28455653723,-132.1688875652117
F75L,70794.5784384144,17366.224954788275,-136.02782188632804
F75L,72861.81745132341,17366.161821804024,-139.9993970218765
F75L,74989.42093324625,17366.094948507533,-144.0868983483962
F75L,77179.15155850194,17366.02411326296,-148.29370683206758
F75L,79432.82347242888,17365.949081396222,-152.6233017933094
F75L,81752.30379436575,17365.869604306812,-157.07926374325714
F75L,84139.5141645203,17365.78541871252,-161.66527730312936
F75L,86596.43233600735,17365.696245665822,-166.38513420222492
F75L,89125.0938133754,17365.601789833607,-171.24273636583916
F75L,91727.59353897884,17365.501738228064,-176.2420990798397
F75L,94406.08762859325,17365.39575947187,-181.38735425503614
F75L,97162.79515771156,17365.28350249296,-186.68275377202025
F75L,100000.00000000097,17365.16459541882,-192.13267292387474
F75L,102920.05271944383,17365.038644472552,-197.74161395564397
F75L,105925.37251772993,17364.905232454068,-203.51420969342837
F75L,109018.44923851384,17364.763917484932,-209.45522728043812
F75L,112201.84543019746,17364.61423160253,-215.56957201364355
F75L,115478.19846894697,17364.45567906439,-221.86229127956597
F75L,118850.22274370304,17364.287734877198,-228.3385786043254
F75L,122320.71190499439,17364.109842993275,-235.00377780682038
F75L,125892.541179418,17363.92141422959,-241.86338725784623
F75L,129568.66975170327,17363.721824849043,-248.92306427390452
F75L,133352.1432163338,17363.510414032193,-256.18862959971835
F75L,137246.09610075763,17363.286481961073,-263.66607202909756
F75L,141253.7544622769,17363.049287388596,-271.36155313536403
F75L,145378.4385607677,17362.79804520922,-279.2814121282478
F75L,149623.56560944492,17362.53192391821,-287.4321708367717
F75L,153992.65260595083,17362.25004288987,-295.82053881837
F75L,158489.31924611304,17361.95146930327,-304.45341859031765
F75L,163117.29092278559,17361.635215343947,-313.33791100738165
F75L,167880.40181225786,17361.300234694158,-322.48132075398365
F75L,172782.59805078822,17360.945419322892,-331.8911619882673
F75L,177827.94100389423,17360.569595624027,-341.57516410586743
F75L,183020.61063110761,17360.171520718603,-351.5412776552703
F75L,188364.90894898213,17359.749878299634,-361.7976803832797
F75L,193865.26359522287,17359.3032743558,-372.352783424926
F75L,199526.23149689016,17358.830232514443,-383.2152376286027
F75L,205352.5026457169,17358.3291892809,-394.3939400292304
F75L,211348.90398366703,17357.79848892882,-405.89804046025347
F75L,217520.4034019547,17357.236378006928,-417.73694830284956
F75L,223872.11385683648,17356.64099959853,-429.92033937873873
F75L,230409.29760558717,17356.010387353952,-442.45816298824286
F75L,237137.37056616822,17355.342459015174,-455.36064907942773
F75L,244061.90680420081,17354.635009433234,-468.63831554591934
F75L,251188.64315096088,17353.885703743643,-482.30197568798144
F75L,258523.48395622204,17353.092069535647,-496.3627457736811
F75L,266072.505979884,17352.251488637394,-510.8320527281377
F75L,273841.96342643927,17351.361189030773,-525.7216419797012
F75L,281838.29312644864,17350.418235478526,-541.0435853768471
F75L,290068.11986931873,17349.419520243784,-556.8102892509977
F75L,298538.26189179946,17348.36175277194,-573.0345025516731
F75L,307255.7365267483,17347.241449276604,-589.729325105727
F75L,316227.7660168417,17346.05492145534,-606.9082159445294
F75L,325461.7834980498,17344.79826444626,-624.5850016946133
F75L,334965.4391578317,17343.467344451143,-642.7738850517259
F75L,344746.6065731536,17342.057785172412,-661.4894532655481
F75L,354813.3892335798,17340.56495417972,-680.7466867032767
F75L,365174.1272548422,17338.983947675722,-700.5609673621634
F75L,375837.4042884488,17337.30957502743,-720.94808741609
F75L,386812.054633057,17335.53634220793,-741.9242577123896
F75L,398107.1705535022,17333.65843443363,-763.5061162192753
F75L,409732.10981354665,17331.669697239813,-785.7107363322266
F75L,421696.5034285876,17329.563617665706,-808.555635159506
F75L,434010.26364474936,17327.3333031158,-832.058781540899
F75L,446683.59215096885,17324.971460268272,-856.2386039801215
F75L,459726.9885308781,17322.470371608848,-881.1139982269792
F75L,473151.2589614866,17319.821871604545,-906.7043346581879
F75L,486967.5251658694,17317.017321275925,-933.0294652937964
F75L,501187.23362727877,17314.047581391336,-960.1097304181731
F75L,515822.16507231235,17310.90298408202,-987.9659647266678
F75L,530884.4442309953,17307.57330325604,-1016.6195029786934
F75L,546386.5498818613,17304.047723219148,-1046.0921850245409
F75L,562341.3251903565,17300.314805681293,-1076.406360149557
F75L,578761.9883491283,17296.36245504827,-1107.5848906423046
F75L,595662.1435290184,17292.17788211816,-1139.651154513969
F75L,613055.7921498289,17287.747565483725,-1172.6290471806374
F75L,630957.3444802017,17283.057211441468,-1206.5429821039875
F75L,649381.63157622,17278.09171146479,-1241.4178901486168
F75L,668343.9175686237,17272.835098199972,-1277.2792176610162
F75L,687859.9123088169,17267.270498414426,-1314.152922906518
F75L,707945.7843841475,17261.380084563498,-1352.0654709516477
F75L,728618.1745132377,17255.145023398585,-1391.0438265947992
F75L,749894.2093324661,17248.545422652114,-1431.1154453200797
F75L,771791.5155850231,17241.560274843952,-1472.3082619279753
F75L,794328.2347242925,17234.16739898498,-1514.6506767547876
F75L,817523.0379436614,17226.343379348727,-1558.1715391118655
F75L,841395.141645207,17218.06350187332,-1602.9001277880793
F75L,865964.3233600776,17209.301687655567,-1648.8661282484677
F75L,891250.9381337581,17200.030424053097,-1696.0996063296943
F75L,917275.9353897927,17190.220692723226,-1744.6309779873218
F75L,944060.8762859369,17179.84189527848,-1794.490974882358
F75L,971627.9515771201,17168.861775802667,-1845.7106052840554
F75L,1000000.0000000144,17157.24634127196,-1898.321110106625
F75L,1029200.527194443,17144.95977851972,-1952.3539133577187
F75L,1059253.7251773044,17131.964369639652,-2007.8405669516278
F75L,1090184.4923851436,17118.220404018542,-2064.8126889883965
F75L,1122018.4543019799,17103.6860885204,-2123.301895306722
F75L,1154781.984689475,17088.31745557765,-2183.339723695982
F75L,1188502.2274370359,17072.0682690679,-2244.957550123671
F75L,1223207.1190499496,17054.889928702465,-2308.1864965093137
F75L,1258925.4117941859,17036.731373186827,-2373.0573294298815
F75L,1295686.6975170388,17017.538981955462,-2439.6003489612644
F75L,1333521.432163344,16997.256476826886,-2507.8452672486965
F75L,1372460.9610075825,16975.824823458293,-2577.821075958529
F75L,1412537.5446227754,16953.182133177786,-2649.5559019023917
F75L,1453784.3856076836,16929.26356643338,-2723.076850302061
F75L,1496235.6560944559,16904.00123767065,-2798.4098346749092
F75L,1539926.526059515,16877.324123619663,-2875.5793929746605
F75L,1584893.1924611374,16849.157974909125,-2954.60848892283
F75L,1631172.909227863,16819.425233168895,-3035.5182981914277
F75L,1678804.0181225857,16788.04495372922,-3118.3279783658095
F75L,1727825.9805078898,16754.932736044157,-3203.054422306399
F75L,1778279.41003895,16720.00066353049,-3289.7119944068327
F75L,1830206.106311084,16683.15725328549,-3378.3122487419564
F75L,1883649.0894898295,16644.307419211233,-3468.8636293396485
F75L,1938652.6359522373,16603.352448911395,-3561.3711515782343
F75L,1995262.3149689105,16560.189997851718,-3655.836065050087
F75L,2053525.026457178,16514.714102002516,-3752.2554973456918
F75L,2113489.0398366796,16466.815212544334,-3850.6220793577204
F75L,2175204.0340195564,16416.380254299642,-3950.923551962907
F75L,2238721.1385683743,16363.292711556376,-4053.14235503512
F75L,2304092.9760558815,16307.432743926229,-4157.255199474901
F75L,2371373.705661692,16248.677335395712,-4263.232623421049
F75L,2440619.0680420185,16186.90048013083,-4371.038534328929
F75L,2511886.4315096196,16121.973407849291,-4480.629738523914
F75L,2585234.8395622317,16053.764852933746,-4591.955461003934
F75L,2660725.059798852,15982.141370509727,-4704.9568582248885
F75L,2738419.6342644054,15906.967702521204,-4819.566526971624
F75L,2818382.931264499,15828.10719789278,-4935.708013695739
F75L,2900681.1986932005,15745.422289749413,-5053.295328722828
F75L,2985382.618918008,15658.775032477808,-5172.2324703411505
F75L,3072557.365267497,15568.027701727055,-5292.412964872987
F75L,3162277.6601684312,15473.043459532746,-5413.719429171455
F75L,3254617.8349805125,15373.687086241292,-5536.023162641082
F75L,3349654.391578332,15269.82578060757,-5659.183776803628
F75L,3447466.065731551,15161.330028362554,-5783.048870832781
F75L,3548133.8923358135,15048.074538625951,-5907.45376201958
F75L,3651741.272548438,14929.939247067565,-6032.221281160604
F75L,3758374.042884505,14806.810382617869,-6157.161642461488
F75L,3868120.546330587,14678.581594155788,-6282.072398694296
F75L,3981071.70553504,14545.155131301142,-6406.738491679045
F75L,4097321.0981354844,14406.443072995882,-6530.932409269339
F75L,4216965.034285894,14262.368594574778,-6654.414458423092
F75L,4340102.636447512,14112.867263421922,-6776.9331646319815
F75L,4466835.921509706,13957.888350952504,-6898.225806646988
F75L,4597269.885308799,13797.39614705439,-7018.0190945865315
F75L,4731512.589614885,13631.371261426793,-7136.029998239541
F75L,4869675.251658713,13459.811894544298,-7251.966730642104
F75L,5011872.336272808,13282.735059531495,-7365.529890093041
F75L,5158221.650723144,13100.177735037883,-7476.413761635404
F75L,5308844.442309974,12912.197927805371,-7584.3077757883675
F75L,5463865.498818635,12718.8756237245,-7688.89812070736
F75L,5623413.251903587,12520.313604985426,-7789.869499322647
F75L,5787619.883491306,12316.638111779755,-7886.9070207551495
F75L,5956621.435290207,12107.999327789516,-7979.698212269862
F75L,6130557.921498313,11894.57166911831,-8067.935132798779
F75L,6309573.444802041,11676.553859307644,-8151.316568149743
F75L,6493816.315762226,11454.16877461037,-8229.550282975422
F75L,6683439.175686263,11227.663047198066,-8302.355302850934
F75L,6878599.123088196,10997.30641731474,-8369.464196944022
F75L,7079457.843841503,10763.390829311287,-8430.62532934369
F75L,7286181.745132405,10526.229271332442,-8485.605047265786
F75L,7498942.093324691,10286.154362582798,-8534.189771683961
F75L,7717915.155850261,10043.51669751482,-8576.187957923474
F75L,7943282.347242957,9798.682960917351,-8611.431893509784
F75L,8175230.379436647,9552.033832846677,-8639.779302608473
F75L,8413951.416452102,9303.961706980059,-8661.114729340923
F75L,8659643.23360081,9054.868250090332,-8675.350675190817
F75L,8912509.381337617,8805.161834021956,-8682.428469447348
F75L,9172759.353897963,8555.254874575674,-8682.318857560342
F75L,9440608.762859406,8305.561113848737,-8675.022295295988
F75L,9716279.51577124,8056.492883973453,-8660.568944394188
F75L,10000000.000000184,7808.458390629968,-8639.018368905094
F75L,10292005.271944473,7561.85905424558,-8610.458938258416
F75L,10592537.251773085,7317.086945382956,-8575.006948218852
F75L,10901844.923851479,7074.522348625351,-8532.805475716694
F75L,11220184.543019842,6834.531486235305,-8484.02298843606
F75L,11547819.846894797,6597.464429223126,-8428.85173385286
F75L,11885022.274370406,6363.653219171447,-8367.505936056716
F75L,12232071.190499544,6133.410219674029,-8300.21983071421
F75L,12589254.117941909,5907.026711244497,-8227.245570836798
F75L,12956866.97517044,5684.7717387619505,-8148.851036340101
F75L,13335214.321633492,5466.8912154327445,-8065.317581069177
F75L,13724609.61007588,5253.6072827165135,-7976.9377497508385
F75L,14125375.446227811,5045.117921030607,-7884.01299655251
F75L,14537843.856076894,4841.59680234555,-7786.851434256516
F75L,14962356.560944619,4643.193371890993,-7685.7656414301555
F75L,15399265.260595214,4450.03314355564,-7581.070551359668
F75L,15848931.924611438,4262.218190852101,-7473.081443979673
F75L,16311729.092278697,4079.827813814127,-7362.112058127175
F75L,16788040.181225926,3902.9193606008034,-7248.47283865195
F75L,17278259.80507897,3731.5291821866676,-7132.469329034681
F75L,17782794.100389574,3565.673698095772,-7014.40071726748
F75L,18302061.063110918,3405.350551673989,-6894.55853929189
F75L,18836490.894898374,3250.539833749106,-6773.225541865925
F75L,19386526.359522454,3101.2053547825126,-6650.674703809126
F75L,19952623.14968919,2957.295946865861,-6527.1684123698815
F75L,20535250.264571868,2818.7467783288403,-6402.957789593035
F75L,21134890.398366887,2685.480665402046,-6278.282161880932
F75L,21752040.34019566,2557.409367142104,-6153.368664598307
F75L,22387211.385683842,2434.434851565583,-6028.431972602316
F75L,23040929.760558918,2316.4505226954493,-5903.674146865649
F75L,23713737.05661703,2203.3423999860424,-5779.284586872216
F75L,24406190.680420294,2094.990243133444,-5655.440078335344
F75L,25118864.315096308,1991.2686169958956,-5532.304925636794
F75L,25852348.39562243,1892.0478925942468,-5410.031158705199
F75L,26607250.597988635,1797.195181577068,-5288.758804270387
F75L,27384196.34264417,1706.5752026654286,-5168.616211893824
F75L,28183829.31264511,1620.0510796179763,-5049.720425700497
F75L,29006811.98693213,1537.4850711508616,-4932.17759332783
F75L,29853826.189180207,1458.7392339889193,-4816.083404255151
F75L,30725573.652675096,1383.6760208749345,-4701.523550329864
F75L,31622776.601684444,1312.1588158853351,-4588.574201979492
F75L,32546178.34980526,1244.0524097232756,-4477.302494313692
F75L,33496543.915783457,1179.2234181298227,-4367.767017889386
F75L,34474660.65731565,1117.5406465844576,-4260.0183096461315
F75L,35481338.92335828,1058.8754047433663,-4154.09934004694
F75L,36517412.72548453,1003.1017740816363,-4050.045993056396
F75L,37583740.4288452,950.0968321969499,-3947.887536121688
F75L,38681205.463306025,899.7408373362302,-3847.6470777511795
F75L,39810717.05535056,851.9173763892329,-3749.342010828208
F75L,40973210.98135501,806.5134797719595,-3652.984440081319
F75L,42169650.34285911,763.4197062840955,-3558.5815925760426
F75L,43401026.3644753,722.5302009850578,-3466.1362103677225
F75L,44668359.21509726,683.742728920361,-3375.6469247538007
F75L,45972698.8530882,646.9586874116839,-3287.1086117909576
F75L,47315125.89614906,612.0830994002484,-3200.5127289692573
F75L,48696752.516587354,579.0245901890273,-3115.8476331049833
F75L,50118723.362728305,547.6953497163087,-3033.0988796754987
F75L,51582216.507231675,518.011082408412,-2952.2495039243577
F75L,53088444.42309998,489.8909463537781,-2873.2802842027368
F75L,54638654.988186605,463.2574835164743,-2796.1699880626193
F75L,56234132.51903613,438.0365424680663,-2720.8956017033843
F75L,57876198.83491332,414.157195006904,-2647.4325434143725
F75L,59566214.352902345,391.5516478827557,-2575.7548616944064
F75L,61305579.21498341,370.15515072211156,-2505.835418751556
F75L,63095734.44802071,349.905901133027,-2437.6460600993855
F75L,64938163.15762256,330.744947853556,-2371.157770971425
F75L,66834391.75686294,312.6160927006054,-2306.3408202731375
F75L,68785991.23088229,295.46579199518214,-2243.1648927803453
F75L,70794578.43841536,279.2430580440121,-2181.599210280632
F75L,72861817.45132439,263.8993611779913,-2121.6126423361793
F75L,74989420.93324725,249.38853279279795,-2063.173807324475
F75L,77179151.55850297,235.66666974942174,-2006.2511643915807
F75L,79432823.47242993,222.6920404542921,-1950.8130969260853
F75L,81752303.79436684,210.42499287414748,-1896.8279881359902
F75L,84139514.1645214,198.8278647087871,-1844.2642892833726
F75L,86596432.33600849,187.86489588125215,-1793.0905811042628
F75L,89125093.81337658,177.50214349477204,-1743.2756289132112
F75L,91727593.53898005,167.70739934831659,-1694.7884318646447
F75L,94406087.6285945,158.4501100999801,-1647.5982668164784
F75L,97162795.15771285,149.70130011223432,-1601.6747272141513
F75L,100000000.0000023,141.43349702259218,-1556.9877573887911
