candidate,index,condition,role,numerical_usable,terminal_supported,out_v,error_v,gain,bandwidth_hz,current_a,dc_ac_current_pass,sine_assessed,sine_all_assessed_pass,predicted_out_v,realization_id,attempt_sha256
A37,0,nominal,DEVELOPMENT,True,True,0.5092519694939991,0.00925196949399909,-6.030658318659487,1751274.9085486284,3.7778369306532935e-05,True,True,True,0.5105663759203658,ace1e9c33f9b54ca0edb3e41d5b09b1681f4b8eaad3696c06656fefc054d09d1,20aa1c7344e8012a315504ee69fbf1a98d7af34f7e4ea171fd9f982111a523e8
A37,0,supply_097,DEVELOPMENT,True,True,0.44849700524496655,-0.05150299475503345,-6.0576786308625215,1741999.588689183,3.5881636410207645e-05,False,False,,0.45062042521285733,ace1e9c33f9b54ca0edb3e41d5b09b1681f4b8eaad3696c06656fefc054d09d1,e0fa0e3869865bee88c88712dd61fa0345a74deb0be678267154ec3166e18bfc
A37,1,nominal,DEVELOPMENT,True,True,0.5662180970104541,0.06621809701045411,-5.995126104414061,1769805.785124772,3.8192346901767826e-05,False,True,False,0.5651058836719315,955b261ea09e9f6bf6ded3e9b5cd1f2c8259d4109a6655c41359d13236f84249,e9faeef6660d1496b836a0c554e1fbfb4b8014aa4a6ae863ab9a41c01f46a42e
A37,1,supply_097,DEVELOPMENT,True,True,0.503844095888252,0.003844095888251964,-6.037553044294913,1755927.8116706184,3.6280062421593785e-05,True,False,,0.505159932964423,955b261ea09e9f6bf6ded3e9b5cd1f2c8259d4109a6655c41359d13236f84249,902aba078152d1717a13d00a3cc2973dbf209124592bcdac7c3d6cdc91f01aec
A37,2,nominal,DEVELOPMENT,True,True,0.5177621499571259,0.017762149957125883,-5.870144655971256,1746590.6590782509,3.731562192350844e-05,True,False,,0.5195682455570807,c53f9348afd2e39b321a0c5bf41fddffbd556288763569104459778a4b474ec2,1501b9f728f59d4221823c31543d82cb5b7c0d5f80d10b014eb9aa02f3f528fa
A37,2,supply_097,DEVELOPMENT,True,True,0.4583580670191326,-0.04164193298086738,-5.896602304421039,1737287.1023754356,3.543339436100595e-05,False,False,,0.45962229484957223,c53f9348afd2e39b321a0c5bf41fddffbd556288763569104459778a4b474ec2,489d20b4a4113bc484582c792042a49ece4e6485db0df4e5598f38c71949bad0
A37,3,nominal,DEVELOPMENT,True,True,0.5101378158880037,0.010137815888003665,-5.985972265090499,1749684.3076184497,3.7544994850864644e-05,True,False,,0.512534402825032,8a17d0080a9e4573a0a9a090989c26cdf15ab5f3f7fdc975feda992fc04fc1ad,31de357d102f17205918b265b5f03e3f1fee0328c1f8ac85144f009cb1bb02ff
A37,3,supply_097,DEVELOPMENT,True,True,0.44949647015274885,-0.05050352984725115,-6.012686531663949,1740436.818685535,3.564994105991128e-05,False,False,,0.4525884521175236,8a17d0080a9e4573a0a9a090989c26cdf15ab5f3f7fdc975feda992fc04fc1ad,e862a1c286a885d1d69134d75e26c8a7d46bc21ee9b769b5a8fdb7b3e9b72906
A37,4,nominal,DEVELOPMENT,True,True,0.5032397271916212,0.0032397271916212445,-5.968857845047408,1746880.1114770637,3.7530444950309495e-05,True,False,,0.5042317589871828,4f197c1d34c96c33f92cc983e91e8ef3b746f22fcf772255f87097d76eb7ecf9,f8e0094142c5c49f1378936258f0a2e39c05b15d656f408c89dcb81e4c9c54fd
A37,4,supply_097,DEVELOPMENT,True,True,0.44330363090786107,-0.05669636909213893,-5.993706193496795,1738161.903454443,3.564195687419242e-05,False,False,,0.4442858082796743,4f197c1d34c96c33f92cc983e91e8ef3b746f22fcf772255f87097d76eb7ecf9,2c0cb048702ad634fd5d64ab890592ba6e2023f74f65327450d820eab696346b
A37,5,nominal,DEVELOPMENT,True,True,0.3962836081015606,-0.1037163918984394,-6.116340273002916,1732026.3003749978,3.6430316777497234e-05,False,False,,0.39520415961805966,c73b8ada384f6203ee214f0a377558dc4d4ac84322a049a8b8cc068e12d1d8a7,9f390bf4a5d062b11ee1f5d8574ab3475392c565ac9f9591c652aa7e180dffab
A37,5,supply_097,DEVELOPMENT,True,True,0.3383102556320887,-0.16168974436791128,-6.11809055750669,1729611.5647744904,3.456115705903418e-05,False,False,,0.3352582089105512,c73b8ada384f6203ee214f0a377558dc4d4ac84322a049a8b8cc068e12d1d8a7,bd776812d3c1fc27c826fa7bee29b27d4bf307dc2425334963785c16d5e190d0
A37,6,nominal,DEVELOPMENT,True,True,0.5219608665433976,0.021960866543397572,-5.8995551554462,1749059.04021993,3.754333130101306e-05,True,False,,0.5234255989378891,45d742fa6e381364db422ae8b5401b5b53ac48c74d261ac91830fc687e99913f,61b40e05f43179d60ed27f02f647abf05693483bf374ec040ca4c73d43485b75
A37,6,supply_097,DEVELOPMENT,True,True,0.4625975081280699,-0.03740249187193012,-5.927072812769552,1739490.2809216916,3.565999817032273e-05,False,False,,0.4634796482303806,45d742fa6e381364db422ae8b5401b5b53ac48c74d261ac91830fc687e99913f,50f049e6fb62f5cd532eab9ee4a7872ff0c66b69cad97d0a114c5625d6752b37
A37,7,nominal,DEVELOPMENT,True,True,0.6074365385227504,0.10743653852275037,-5.870380059198339,1785453.271523891,3.852278151833989e-05,False,False,,0.6064777007491483,6b383458c012b46c873460450fb39594b273b09c981a1ad5160d6d27785d0348,e7b0cb3bd20de6a926964ccf26ef31af4c1ce079a0d44d37b942563ef5ff19ef
A37,7,supply_097,DEVELOPMENT,True,True,0.5450437272697779,0.0450437272697779,-5.92777667624137,1766769.9413949242,3.661037413645522e-05,False,False,,0.5465317500416398,6b383458c012b46c873460450fb39594b273b09c981a1ad5160d6d27785d0348,57d40a9ce80e2b57cf8c8a7a1954ae020897ef1223ff497901c86309465fa309
A37,8,nominal,DEVELOPMENT,True,True,0.40341989453486593,-0.09658010546513407,-6.117725557648601,1733087.07775998,3.68348334736069e-05,False,False,,0.40587360272191564,a383a72ce3c91ed2e924377a517014fec0af9529c126ed7c65fb4c72098108f1,f548616b90fbfcf88cac5045eae351bf6dd43951aba39d84d74488baaf94fc8b
A37,8,supply_097,DEVELOPMENT,True,True,0.3454616539616294,-0.15453834603837058,-6.121557763590604,1730146.9439536247,3.4965499858411e-05,False,False,,0.34592765201440717,a383a72ce3c91ed2e924377a517014fec0af9529c126ed7c65fb4c72098108f1,8720bb51ebecb8895fef77089b258f08cc03da0c1df32cbf27008f88349b764e
A37,9,nominal,DEVELOPMENT,True,True,0.6753760670168873,0.17537606701688735,-5.722518070263947,1845319.4859363036,3.92854440708011e-05,False,False,,0.6707565917058004,d0fa588fba83e0ec2e519e1b3d615ebb1e2362eff6021ef62565622ed9bbf36c,016432bc467a627fd5779f454a6ac471922c5d555055460f74158ed3df4d4049
A37,9,supply_097,DEVELOPMENT,True,True,0.611621816407185,0.11162181640718505,-5.843332616989138,1805834.3297380724,3.735959034170146e-05,False,False,,0.6108106409982919,d0fa588fba83e0ec2e519e1b3d615ebb1e2362eff6021ef62565622ed9bbf36c,2856b1558d469926b0e3dcc7f3032eac0b16e75cc1f838fee2b12319ad71feb1
A37,10,nominal,DEVELOPMENT,True,True,0.5805396713835373,0.08053967138353735,-5.9187352774077775,1772809.8087113663,3.823922634228485e-05,False,False,,0.5795895016049438,7347f567b4ea36541a6970c545e2d6133933a47f2789b496a0769ce599a4b0e9,24624284cddec9c7f637041735abaa5315067daf8770549ac7c4e1c754c320ff
A37,10,supply_097,DEVELOPMENT,True,True,0.5184803777081322,0.018480377708132156,-5.964688452258901,1757699.9280076807,3.63306146845305e-05,True,False,,0.5196435508974353,7347f567b4ea36541a6970c545e2d6133933a47f2789b496a0769ce599a4b0e9,3e10ce6ab2eb54feb4be3dca4ff074606b5eb428d32b7390a87714b749176cd2
A37,11,nominal,DEVELOPMENT,True,True,0.5233625417719867,0.02336254177198671,-6.058444662710891,1756840.7415272263,3.794189714016025e-05,True,False,,0.5238910417425311,d96bd63c5cec6ccb608fdda237ea275bcd2e497016e6e783d457a69072b5bdc8,eafc4a498aebe4034d5a3390ae9e1e4af740cca55368f78beeba009fc328d069
A37,11,supply_097,DEVELOPMENT,True,True,0.4618875177798152,-0.03811248222018482,-6.089301673945431,1746492.5784463394,3.603825257688459e-05,False,False,,0.4639450910350226,d96bd63c5cec6ccb608fdda237ea275bcd2e497016e6e783d457a69072b5bdc8,116874caead7ac658efe6ff98ae2dc3095c0b9f3a29ba3fe6e5c4117e6495272
A37,12,nominal,DEVELOPMENT,True,True,0.46812156764144297,-0.03187843235855703,-5.930899248553045,1736761.5758575322,3.695605117968986e-05,False,False,,0.46877909136231,dabb338c42bac0296ffcac1336a305bf2adf29effd7b53595455a5c36519692d,f0e2f144ce8da0698c20622d187978de145764cf34f26931776df7efc75e2274
A37,12,supply_097,DEVELOPMENT,True,True,0.40992205316500857,-0.09007794683499143,-5.948603847967373,1730052.0533912457,3.508502089012395e-05,False,False,,0.40883314065480153,dabb338c42bac0296ffcac1336a305bf2adf29effd7b53595455a5c36519692d,f48de7cd96e14fab6c994dc8350f985f7923224f24a04461fc2ded51cbe7ea98
A37,13,nominal,DEVELOPMENT,True,True,0.6093506126135555,0.1093506126135555,-5.903932552814745,1788579.0077416205,3.8617704465907415e-05,False,False,,0.6072368219036037,b612a947ff0062960d333706a437797a1b3b2be8b8a2ed5ece7df4ea8dc88433,ba106d8b71219791ffe5c05bd638b3181a2343b7f850b8f1ce3d40e237e63365
A37,13,supply_097,DEVELOPMENT,True,True,0.5463790437437137,0.04637904374371371,-5.963915050745397,1769227.8176724773,3.6699552069099076e-05,False,False,,0.5472908711960953,b612a947ff0062960d333706a437797a1b3b2be8b8a2ed5ece7df4ea8dc88433,c072f204b2806d061cceab5f0c8ea6afe53055a6080e4a444e44cb819ebbf9f5
A37,14,nominal,DEVELOPMENT,True,True,0.4475159820849788,-0.05248401791502122,-6.142348296600135,1741717.0409191807,3.7575464707532483e-05,False,False,,0.45164528789818714,fc8dbeb562e0725347a83ba00584372456a2078418fe8718296eec3b853b5c75,d25909ddecefa0843ff0650e5b81e40f4e1477043cf0f3be14db1dea4a98f501
A37,14,supply_097,DEVELOPMENT,True,True,0.3880894068664814,-0.11191059313351859,-6.157135431369708,1735930.62381856,3.569004690057947e-05,False,False,,0.3916993371906787,fc8dbeb562e0725347a83ba00584372456a2078418fe8718296eec3b853b5c75,a6a43fb2feab771e45fda08bc83c8a24cf01345dde1ba7881510387851a24927
A37,15,nominal,DEVELOPMENT,True,True,0.574189313737135,0.074189313737135,-5.8988993672862575,1768545.1528316478,3.8065673571209085e-05,False,False,,0.5741514359778077,0cc2cb0285599351a2a3a6e6086f3a1e73581049c7c3a4f716979fb201f42b4b,aa9a263197dc1302ed0bbc1421cc2d6e348d6313ea7629683e45db6b416556ff
A37,15,supply_097,DEVELOPMENT,True,True,0.5127056790042936,0.012705679004293646,-5.941603808648527,1754389.3958107338,3.6162707481127905e-05,True,False,,0.5142054852702993,0cc2cb0285599351a2a3a6e6086f3a1e73581049c7c3a4f716979fb201f42b4b,8265fd94ef2cf251ea0bf8a09df05620d57d82216db400b71dc263f454ecf6df
A37,16,nominal,DEVELOPMENT,True,True,0.3119835306907397,-0.1880164693092603,-6.156562932851126,1730487.4510752237,3.622421484820074e-05,False,False,,0.3090886765729356,f594759bd6d92233cae704abca576bc3183408e0abfd3cafecfbcf0f473828d6,f37d6ac4f5aa21060aa53a5c025f768024501e4775548b3a0e25f97716f1ea6d
A37,16,supply_097,DEVELOPMENT,True,True,0.25682232085952794,-0.24317767914047206,-6.096034758631346,1743752.5372273023,3.437634868002764e-05,False,False,,0.24914272586542713,f594759bd6d92233cae704abca576bc3183408e0abfd3cafecfbcf0f473828d6,38d822d676dad57809fd3f5137b4d4959f21956b8ef668d900cb970b82e8af69
A37,17,nominal,DEVELOPMENT,True,True,0.3643676148156042,-0.1356323851843958,-6.042178186911732,1725993.444957188,3.62277735990397e-05,False,False,,0.3635344300606137,4000ceea5b2071c6aa4cafd1feb8bd4a8cb619056721416125ef5274815d32d5,4d64dc04e4f553303f341b45f675addea74c9967f229c19fb0d4486952830ee2
A37,17,supply_097,DEVELOPMENT,True,True,0.3089024055044902,-0.19109759449550978,-6.0327048375761265,1726468.0414531247,3.43811465362898e-05,False,False,,0.30358847935310523,4000ceea5b2071c6aa4cafd1feb8bd4a8cb619056721416125ef5274815d32d5,68bd5de168f159fb8a514962b4d05660939239c09a86dba3b3c2dc8affac3900
A37,18,nominal,DEVELOPMENT,True,True,0.4469833640605467,-0.05301663593945333,-6.017668825945457,1736004.0539318896,3.6999796683652306e-05,False,False,,0.4474151213425262,17ff1b61d4558ebb955215d30b4202b1d8b4424f46e9f63f66eb6abc50ce65bb,e821964e2953dde8f953bd579bf98d680e806a0e865a050caa918e7b4d0c46a4
A37,18,supply_097,DEVELOPMENT,True,True,0.38854353459569113,-0.11145646540430887,-6.031988124961247,1730279.5619537048,3.512617927880651e-05,False,False,,0.38746917063501773,17ff1b61d4558ebb955215d30b4202b1d8b4424f46e9f63f66eb6abc50ce65bb,61494aeed83ffabbdeeb230d07dc8d7638699998596eccc992505d748734f408
A37,19,nominal,DEVELOPMENT,True,True,0.4367301632720508,-0.06326983672794922,-6.016573888402564,1733792.5739568807,3.6660969080753e-05,False,False,,0.43588705986053106,ddc04649b26408e61084cef116cccb4b31adbf4ff1c8f6cba76821b72dad00ab,49169942b272ab6790ae9978cb45a8b0c424fefa94801cf183622d3c328f7175
A37,19,supply_097,DEVELOPMENT,True,True,0.378835752676368,-0.12116424732363201,-6.02878429657471,1728644.0454297378,3.479316010986397e-05,False,False,,0.3759411091530226,ddc04649b26408e61084cef116cccb4b31adbf4ff1c8f6cba76821b72dad00ab,5a708375d9c086e04e3ce6ec642473055f2e01d183d94e3b96cdf30472c4100a
A37,20,nominal,DEVELOPMENT,True,True,0.4711097630936266,-0.02889023690637338,-6.045417511513397,1741862.807595111,3.7356080427677945e-05,False,False,,0.47140332862762147,ed9bdbb7ca9e04ae935fd30c8d9c62e59c51524a9b3b0c4e1710a8e65685c549,7ecc70fa214124c444f8a5e6c82125dfe3b1872e0ffc9784c3fa33668d4c47ca
A37,20,supply_097,DEVELOPMENT,True,True,0.41199153394551025,-0.08800846605448975,-6.064517198504709,1734857.5703275031,3.547564163589701e-05,False,False,,0.411457377920113,ed9bdbb7ca9e04ae935fd30c8d9c62e59c51524a9b3b0c4e1710a8e65685c549,6ad2cda41e7eb47ac18312499966f1d06dc346662b27e4809a751bc665cf46f1
A37,21,nominal,DEVELOPMENT,True,True,0.5954500586354292,0.09545005863542921,-5.8364197388211565,1776275.3699861304,3.817003392662274e-05,False,False,,0.5974202560495553,58b4d7a921012f1a42a1280cb751c2c18948dcbf8ba8e0d6c9127a894459614e,7a89a2b126625f81af8c00178d6db8745bed2109ff6bc12db0fcc0159d919b39
A37,21,supply_097,DEVELOPMENT,True,True,0.5339465353117627,0.03394653531176273,-5.886105425569782,1759812.095804354,3.626645840311239e-05,False,False,,0.5374743053420468,58b4d7a921012f1a42a1280cb751c2c18948dcbf8ba8e0d6c9127a894459614e,7676faaf925bc287b8abb9f7983e7ede287151860b8e430192b30e560f11cd7d
A37,22,nominal,DEVELOPMENT,True,True,0.565654091039363,0.06565409103936304,-5.957098623036093,1767787.6405349954,3.8281966281551554e-05,False,False,,0.5667182974365035,a620e893f436dcf41ba3a079a75282baa88275d6c124e14e1ec4af148b559f44,50ea70595ad93912cbb003a3f70d3125c90d036d2a2cab41ebf23a8f96b05165
A37,22,supply_097,DEVELOPMENT,True,True,0.5040231972375251,0.004023197237525089,-5.998011938159504,1754294.932106003,3.6376051401979995e-05,True,False,,0.5067723467289951,a620e893f436dcf41ba3a079a75282baa88275d6c124e14e1ec4af148b559f44,0a3b21d9f39abd040a67d28a77d91ea94ff571b6e89124d46407f4207ff8a9fe
A37,23,nominal,DEVELOPMENT,True,True,0.6189292359944798,0.1189292359944798,-5.76152949817017,1786979.7846201092,3.8289453913480966e-05,False,False,,0.6210309957472584,1d785810b68bf39f50ca00a9a9eba072fc8dfe7b6193ff41d2021ff47b49d960,aa746dbecda31b3189b8cbe98431b11245fe5c07f6669eb39e9a88dfeb8e8d7a
A37,23,supply_097,DEVELOPMENT,True,True,0.5572745228301306,0.05727452283013057,-5.821673745959506,1767114.0329075076,3.63851149197053e-05,False,False,,0.56108504503975,1d785810b68bf39f50ca00a9a9eba072fc8dfe7b6193ff41d2021ff47b49d960,ed4fcf5a2b4993820dd4cdea2e0307d82e58d304f7dac4de52da02a69fddeda5
R37,0,nominal,DEVELOPMENT,True,True,0.485721073529215,-0.014278926470784992,-6.151637068381001,13647873.41478465,3.857095623426065e-05,True,True,True,0.48649781449655266,0298f43feb8a283013404f173fe45cab2d7b2d43d5538a53fb0147b92ca50883,2ad73d418bd213996e4be10d0a8ed8823afda3c89717ac55637633bfba50f317
R37,0,supply_097,DEVELOPMENT,True,True,0.45973067090639796,-0.040269329093602035,-6.142878516393347,13650874.995416055,3.8270259719529714e-05,False,False,,0.4604835520918316,0298f43feb8a283013404f173fe45cab2d7b2d43d5538a53fb0147b92ca50883,e9f2fa29addad924cd12ebd20f7e8a6124a3e646d1b59928252c3a9b18297b04
R37,1,nominal,DEVELOPMENT,True,True,0.47677896822347554,-0.02322103177652446,-6.26465720280549,13653481.269223884,3.924160424100111e-05,True,True,True,0.47743324256440506,b9b2f855ff3d66f18f8a1fcca22fd5b3f22c6545d7a529a813906d5c21d9ccc3,cc6163490ba54db87fc3a073a10f6f968ace98ff5df55db71f723636751df1b4
R37,1,supply_097,DEVELOPMENT,True,True,0.4508021076383071,-0.04919789236169292,-6.255439918161322,13657006.529176682,3.893989188935707e-05,False,False,,0.451418980159684,b9b2f855ff3d66f18f8a1fcca22fd5b3f22c6545d7a529a813906d5c21d9ccc3,fd32d3a7b785cf056bb1336ee8354fd939131086ca5b9c8ef72791989a61ea69
R37,2,nominal,DEVELOPMENT,True,True,0.5191817203839524,0.019181720383952383,-5.773012818193351,13629188.792843672,3.60613402725452e-05,True,False,,0.520097633844585,813f8c489ab6813783a1ed8179e7ac3430f47309435da46aa9645fedf2780f74,069b51b76bd7df9ad4f9dd1eb85b3f029e7c9a5bb6e224fdeac12b84b8851044
R37,2,supply_097,DEVELOPMENT,True,True,0.49314581013310144,-0.0068541898668985635,-5.765576629089999,13630706.876189953,3.576405773027608e-05,True,False,,0.4940833714398639,813f8c489ab6813783a1ed8179e7ac3430f47309435da46aa9645fedf2780f74,feb9c64b6ec2989f262a23e350847c56d2e1d82afd7f9b1c03e5049595c948d4
R37,3,nominal,DEVELOPMENT,True,True,0.4987821323490782,-0.0012178676509218,-6.0092322764540995,13640408.552036813,3.7591341706574115e-05,True,False,,0.4993957811607469,db8e139afcdf0a591cdfaf68ff46f72155fb59f84745c1ad8d6bc97eb0d7f320,972286e6159aac51ae5d7db3e88f8960a0352dd4daf907ff5d1d9b18cb891658
R37,3,supply_097,DEVELOPMENT,True,True,0.4727735853422368,-0.02722641465776321,-6.001037553009077,13642740.47941335,3.729200633442943e-05,False,False,,0.47338151875602585,db8e139afcdf0a591cdfaf68ff46f72155fb59f84745c1ad8d6bc97eb0d7f320,bb255f895e098dd19e27df739c8b18b39c5733d818942b2e50d718002f8653d7
R37,4,nominal,DEVELOPMENT,True,True,0.5099787459328042,0.009978745932804234,-5.88424483009871,13634214.283553006,3.6751573524310076e-05,True,False,,0.5104447595033099,4830a0612fc64ab52faefc63fdd8753b217c005191ac4dd1e1ca92161c75405a,5341e14154faffe68e2cbb8d2a8de47b274fc0d91dba0b1b0fb164a0c7d52d10
R37,4,supply_097,DEVELOPMENT,True,True,0.4839551086820777,-0.016044891317922305,-5.876480388144639,13636065.720719019,3.645337022805792e-05,True,False,,0.4844304970985889,4830a0612fc64ab52faefc63fdd8753b217c005191ac4dd1e1ca92161c75405a,0ac62e297de5135011fad2b44b03be8e05c10961818626b0c39e88339beeb90d
R37,5,nominal,DEVELOPMENT,True,True,0.48010388938218096,-0.01989611061781904,-6.216271361762173,13651225.613798779,3.89922592547552e-05,True,False,,0.48045733765896614,b30c84f94bd13c69c5fdb9460d86c8a50e07eb0b83a2211636638425a5c9bcd9,55469a90df653f7ae80558072ededacf20fcf0a5f4edc6b201b70324fb991078
R37,5,supply_097,DEVELOPMENT,True,True,0.45412161942181895,-0.045878380578181055,-6.207241991521153,13654550.704116987,3.8690952672101116e-05,False,False,,0.4544430752542451,b30c84f94bd13c69c5fdb9460d86c8a50e07eb0b83a2211636638425a5c9bcd9,0ab632a477da91dc198d70384a83b3cd52253cabe4be76c2ac38e46c5563260e
R37,6,nominal,DEVELOPMENT,True,True,0.5295383734208612,0.029538373420861186,-5.6597258320577595,13623881.285725156,3.5284557976925165e-05,False,False,,0.530488529588129,d4fda69db352ca07bbf648d9eb9ea6bb32bed0e15da73842549bbac261299fe7,71927a4fe0cc13c824b35862bf054cff6ecd5e889bae63e54fa7c5969a8423ec
R37,6,supply_097,DEVELOPMENT,True,True,0.503489461560898,0.0034894615608980217,-5.652611372027694,13625067.12383864,3.498825089844184e-05,True,False,,0.5044742671834079,d4fda69db352ca07bbf648d9eb9ea6bb32bed0e15da73842549bbac261299fe7,9112b3a038c79b2ce9a25607be6192e2b15524e817fe6cfa303808ee58f1eaa4
R37,7,nominal,DEVELOPMENT,True,True,0.4930650435853803,-0.00693495641461972,-6.067078315160455,13643498.144205932,3.802015761192064e-05,True,False,,0.49331958331670217,e973a66d24f40fa64c0ae04c281cebc419ecdd3cd0423c257c32398cf1baa99b,87064757c5ca2e5c839d14b66acfbe738284d34dbc2631be75e6b8aee3085a83
R37,7,supply_097,DEVELOPMENT,True,True,0.4670640546475575,-0.032935945352442486,-6.058657174269125,13646107.581306284,3.7720255241980896e-05,False,False,,0.4673053209119811,e973a66d24f40fa64c0ae04c281cebc419ecdd3cd0423c257c32398cf1baa99b,f14bac404306dfa4d2896a99f932406d785235c40dc0c23b483430da3fd6d8a9
R37,8,nominal,DEVELOPMENT,True,True,0.4845095190760469,-0.01549048092395311,-6.164588926047188,13648605.68588961,3.866182323678293e-05,True,False,,0.4853727733408734,7d7332e51bf214d932b0a1556d2413fecb146f482e4c3763b37cba4ec8719759,bc4a68297e1193c6de5037aa20a75630d887d16a19b5799ec95efc916ef0cccf
R37,8,supply_097,DEVELOPMENT,True,True,0.4585208800105447,-0.041479119989455304,-6.155772380688519,13651677.662052438,3.8360994428649044e-05,False,False,,0.4593585109361524,7d7332e51bf214d932b0a1556d2413fecb146f482e4c3763b37cba4ec8719759,f99a3f4501ca768661940628f43ee8df5b62192a02c625c1aed9f922f9a69080
R37,9,nominal,DEVELOPMENT,True,True,0.5017140775062321,0.0017140775062320923,-5.9797553229416796,13638799.171082491,3.7371437161992334e-05,True,False,,0.5020051155928744,f7c5b429a3be7fa1c2e4a8703dc3c7f9ea555254bf17b88ac2601563334edf0c,1d56e9002af908b333fe8a7c813efd3157c129760fa08765ded9bb5f6d510fab
R37,9,supply_097,DEVELOPMENT,True,True,0.47570161666946564,-0.024298383330534357,-5.971674936021291,13640994.245919785,3.707239540439862e-05,True,False,,0.4759908531881534,f7c5b429a3be7fa1c2e4a8703dc3c7f9ea555254bf17b88ac2601563334edf0c,c084b90ed6082af289132a30c1098961bf768c9fb1dccdccfc773dde5d1e1151
R37,10,nominal,DEVELOPMENT,True,True,0.5176631586220222,0.017663158622022168,-5.790464661839815,13630023.577120686,3.61752309965899e-05,True,False,,0.5187457483982273,e7611f2368576a183d340adb8140fea35029dc5cccd032ff1144d09b6a736eb8,5d6a7d90ea6b311907ac28148542c4e280a2d004e67c8a7608bf11b6508b0242
R37,10,supply_097,DEVELOPMENT,True,True,0.4916292741335073,-0.008370725866492679,-5.782975393961134,13631595.471680745,3.587779647450149e-05,True,False,,0.49273148599350625,e7611f2368576a183d340adb8140fea35029dc5cccd032ff1144d09b6a736eb8,c36c92c5739398a595b888e190bc7c33905719be78085d288d9e3fa604e95db2
R37,11,nominal,DEVELOPMENT,True,True,0.47635247525268465,-0.02364752474731535,-6.255461660919007,13653523.132326901,3.9273619662275974e-05,True,False,,0.47721133013543005,6a11d2316fbf0fc5d2b10a71f5f71850441af564af05973b21e8db39c87dece7,c87ea58d0b5c394d672a507f49aedda0d56d5c22185b60c62c028ade0896e6f8
R37,11,supply_097,DEVELOPMENT,True,True,0.45037573619990234,-0.04962426380009766,-6.246240768548701,13657088.762574298,3.8971898188950153e-05,False,False,,0.451197067730709,6a11d2316fbf0fc5d2b10a71f5f71850441af564af05973b21e8db39c87dece7,d8c987e0c02d97a5f1c8d4c62918775b0b0f83a489afcdfaa6b0270c07adc817
R37,12,nominal,DEVELOPMENT,True,True,0.5173005273872651,0.017300527387265063,-5.803143205464444,13630319.487079142,3.620241984050652e-05,True,False,,0.5177937167302347,f1ffcc207016a3b5c2e1d77274f42a8785ec653ad6c1900674742955f269cb37,0952ba0d347d895ec299f11a32b9bf713c98a3ab00e1db0f768f2f4c2ac0d066
R37,12,supply_097,DEVELOPMENT,True,True,0.49126736857555775,-0.00873263142444225,-5.795632572327139,13631897.152654037,3.5904930881360493e-05,True,False,,0.4917794543255136,f1ffcc207016a3b5c2e1d77274f42a8785ec653ad6c1900674742955f269cb37,40db48f6f8c59abc9bcc5b3692fbad8aa27e947f533f780119660e7ba4990982
R37,13,nominal,DEVELOPMENT,True,True,0.4947882375988537,-0.0052117624011462915,-6.057077214271194,13642669.060251085,3.789089538574738e-05,True,False,,0.49486313603213405,0318ef8474713a848a818b6fbb135a9f741eac10e1984e66f48639134e652fa2,cfc110e7ca846dfab080544bf738d50191f196edec32677fdc61046fd2ed3f1e
R37,13,supply_097,DEVELOPMENT,True,True,0.4687852125027925,-0.03121478749720752,-6.048716566812489,13645185.99710964,3.75911457693838e-05,False,False,,0.468848873627413,0318ef8474713a848a818b6fbb135a9f741eac10e1984e66f48639134e652fa2,1df4464caea335d23178429cc99203c89367c02199659728dce205b170520eec
R37,14,nominal,DEVELOPMENT,True,True,0.4701660977391815,-0.0298339022608185,-6.313470667920366,13657325.141703684,3.973761343921498e-05,False,False,,0.4722165572983678,9ac0c14967f15a49e23dd6efb38a95d864accf779741793866368a064d63370d,a3e2f710931cdf13013cc8876a9f8711d67f6454b928dedf7da4e6b0ace25d65
R37,14,supply_097,DEVELOPMENT,True,True,0.44419848618217395,-0.055801513817826054,-6.303920637921417,13661327.069341818,3.943520730224563e-05,False,False,,0.44620229489364677,9ac0c14967f15a49e23dd6efb38a95d864accf779741793866368a064d63370d,584f6b592f3f3d6bc33fbcc468652e753dab3bf81c16d5f04490a5b65ad06192
R37,15,nominal,DEVELOPMENT,True,True,0.5016707980692345,0.0016707980692345359,-5.983057929674464,13638868.379410489,3.7374677654407196e-05,True,False,,0.5019508353340477,6f76ee3144479ec182bb4465e449204c3d4b30b20c35395117f96a2561f470c7,0b4cfec219407419da619ea0ff82effe87065736d65650d72345422cf0e9d3c0
R37,15,supply_097,DEVELOPMENT,True,True,0.4756585009011458,-0.02434149909885419,-5.9749720228657255,13641063.437277453,3.707562362022296e-05,True,False,,0.4759365729293267,6f76ee3144479ec182bb4465e449204c3d4b30b20c35395117f96a2561f470c7,2928f58ac70c3dce5d45e71bdbfa30bc82d0f593fa695ffd9c04b809ea892c12
R37,16,nominal,DEVELOPMENT,True,True,0.4831065255747269,-0.016893474425273114,-6.1898487341556,13649597.02675471,3.876703110169148e-05,True,False,,0.48389732187153356,cd439459f372ce1bc2f8ebbbee78b0eff98b0a5d3dd4816e3ebbc7d521996ac7,97834aae679ef5ddae32341c4837afd035946273b6d174a886c6b6398cbf722c
R37,16,supply_097,DEVELOPMENT,True,True,0.4571202709543374,-0.04287972904566262,-6.18095205782385,13652741.717248876,3.8466023429482164e-05,False,False,,0.4578830594668125,cd439459f372ce1bc2f8ebbbee78b0eff98b0a5d3dd4816e3ebbc7d521996ac7,f6003671a9a00f1a852f8fbee6e70cd876d7e458882ce1a40e6cb1f4a3b60dfa
R37,17,nominal,DEVELOPMENT,True,True,0.5051764564695245,0.005176456469524471,-5.934279077593464,13636841.440389711,3.711175051772075e-05,True,False,,0.5065397728286114,bc55ee6e1bca865eda8dfba311b57638c7f190d433ca69fed128771053e2f40f,9030da282b2e70443913b5fbd07d956fb3af9945ac132fd172760a58f32069af
R37,17,supply_097,DEVELOPMENT,True,True,0.47915920119976163,-0.02084079880023837,-5.926336735510128,13638895.539850386,3.681306843616813e-05,True,False,,0.48052551042389036,bc55ee6e1bca865eda8dfba311b57638c7f190d433ca69fed128771053e2f40f,97cf3014d0fda97d17d924cf6bba8ea7e23873856422d3ed8c0329051c163a5f
R37,18,nominal,DEVELOPMENT,True,True,0.4930486048669811,-0.0069513951330189006,-6.0691023982351044,13643554.070987754,3.802138462481997e-05,True,False,,0.4933330048362933,f79545234adf1123c2a2e94b671f30aca5c2e0eb1c0084f4b462e67a26147d45,a0e9d551cb8093042dac5a501852c7ab5dd57fe4e3c1d02d301b52f2b365046c
R37,18,supply_097,DEVELOPMENT,True,True,0.4670477398352848,-0.0329522601647152,-6.060676843892038,13646163.779059213,3.77214729613374e-05,False,False,,0.46731874243157223,f79545234adf1123c2a2e94b671f30aca5c2e0eb1c0084f4b462e67a26147d45,7bc8722310af18cc01333732e1a92b5a6077c9fe7ceb2afbbd84a8f16d63c059
R37,19,nominal,DEVELOPMENT,True,True,0.5253822350437631,0.025382235043763135,-5.712187827548919,13626195.604525305,3.559625292756337e-05,False,False,,0.5270426666438416,6e2b266a5bb2e4eeefb2982a2ba60202d0cc11714a03410d146d5fc6ae020ed3,3588d86a9c6036f20da69a8cfc1ba121fbc991168841e72d4300a6e475fc80d0
R37,19,supply_097,DEVELOPMENT,True,True,0.49933893166612076,-0.0006610683338792445,-5.704932251278311,13627508.906207012,3.529952507073036e-05,True,False,,0.5010284042391205,6e2b266a5bb2e4eeefb2982a2ba60202d0cc11714a03410d146d5fc6ae020ed3,23e004f308b673d2b7a8762ff247d43757fca4e5ebcfce1d846c79fca5ce05ff
R37,20,nominal,DEVELOPMENT,True,True,0.4993869626259788,-0.0006130373740211859,-6.001070467355971,13639988.585846588,3.754599049071633e-05,True,False,,0.4995401859524772,e55671e614d7340eeb6df6f6fc0e4ae8736916eb3e8c4a12c2e35986485f761b,3cd40d8b5faf15277737a45a51f73d9ad62ecf7cba517bb296709e73e1c61549
R37,20,supply_097,DEVELOPMENT,True,True,0.47337742587669696,-0.026622574123303044,-5.992906300223906,13642290.337934747,3.7246729365740244e-05,False,False,,0.47352592354775613,e55671e614d7340eeb6df6f6fc0e4ae8736916eb3e8c4a12c2e35986485f761b,a051d424e359fe2f70f4175ff7ffea3df558f909cb9f2d74258315e879550ac6
R37,21,nominal,DEVELOPMENT,True,True,0.512937890147106,0.012937890147106001,-5.847184317006805,13632561.300598131,3.652963710546902e-05,True,False,,0.5135796737698897,2d679152ecdafc30ec09dec72562dfeb339ce5f070f7c441c68fd6414c330ed1,4e14e8b2386bce67bcd88736d55c8ea49999783808543931e77f0121ef1a4d93
R37,21,supply_097,DEVELOPMENT,True,True,0.48691022111930926,-0.013089778880690739,-5.839530365691241,13634301.427746559,3.6231736279690285e-05,True,False,,0.4875654113651686,2d679152ecdafc30ec09dec72562dfeb339ce5f070f7c441c68fd6414c330ed1,5d0a8b682f444a586ddc0964b606e106fc562ddd62b74e654d34dbff2c6b52ad
R37,22,nominal,DEVELOPMENT,True,True,0.506950913391619,0.006950913391619018,-5.918116734043493,13635895.016356425,3.6978661572757206e-05,True,False,,0.5078210339646017,532b1c19cc4ab442dcd399b87dfbeea928da9af9f4c7763ae16c03c3cf36c07f,a9847ab0f3dfcc9f71732841dc679ed8eab2cc09d2681882805ef2f128d0e3a2
R37,22,supply_097,DEVELOPMENT,True,True,0.48093136016430393,-0.019068639835696066,-5.910238602936285,13637870.507322144,3.668015188785815e-05,True,False,,0.4818067715598806,532b1c19cc4ab442dcd399b87dfbeea928da9af9f4c7763ae16c03c3cf36c07f,f62664636ffb69ddef5793be5b851a7c43c11a7d7177a784fa88e7d4c7d16460
R37,23,nominal,DEVELOPMENT,True,True,0.5292350042114915,0.0292350042114915,-5.661837895676744,13624064.585993404,3.530730457725467e-05,False,False,,0.5307528194594228,cdf20e0c056fdd04a18c7aee2e44f5e69b57a4e52e7962b65b2df122c5264d6d,0bb540c9c1067f016a0c0745417cf29caa97e2378a7058d8c396ba6e17532088
R37,23,supply_097,DEVELOPMENT,True,True,0.5031865171828835,0.0031865171828835415,-5.654712622503816,13625262.421623029,3.5010965625292046e-05,True,False,,0.5047385570547017,cdf20e0c056fdd04a18c7aee2e44f5e69b57a4e52e7962b65b2df122c5264d6d,81ccc8a1ef2424a46aa971c4dfe57faec9f76cad9e95db8fed729812d44614e3
AL37W,0,nominal,DEVELOPMENT,True,True,0.4961890472850026,-0.003810952714997373,-6.0470818939234015,1707337.977109817,3.765328576144143e-05,True,True,True,0.4978248672414746,c41069a22e8105e7918be0ff44a01a215b9c01f6842c90800185c718a362ae78,420e27c0aa1dec5e4fe0c3097748b1676d49dd1d87ca06635e40d636e0beb774
AL37W,0,supply_097,DEVELOPMENT,True,True,0.4363589632689922,-0.0636410367310078,-6.062566640025981,1701530.7838818356,3.574468282380763e-05,False,False,,0.43837217555696284,c41069a22e8105e7918be0ff44a01a215b9c01f6842c90800185c718a362ae78,76fc478599086634d49a74ffac6f3e25ab2353a5c835e632971b643d1c3247d2
AL37W,1,nominal,DEVELOPMENT,True,True,0.5562211865262439,0.05622118652624386,-6.03139703560555,1720643.433741649,3.809703957291383e-05,False,True,False,0.5553248832667709,8a25c274003d0b9839afeab6c4d69c4dbf1262bffe645dbf7cc66ad48fa0fe1e,034d152da7bac40562ba869af1a7dc0ad6aa266306f5b4bfa68ee043ce9320a1
AL37W,1,supply_097,DEVELOPMENT,True,True,0.49445216317227675,-0.0055478368277232515,-6.059601068201084,1711244.638558683,3.616967526783633e-05,True,False,,0.4958721915822591,8a25c274003d0b9839afeab6c4d69c4dbf1262bffe645dbf7cc66ad48fa0fe1e,569b21ede107ef82d7bcca55cdbc5c00dccd5dd71b00de0b73fdc86f28326fd7
AL37W,2,nominal,DEVELOPMENT,True,True,0.5218808543177182,0.021880854317718246,-5.850568088470149,1706308.428509417,3.734074187868268e-05,True,False,,0.523786356359603,c9c9cc2bd69fb962032aa2f8e0970ea60d08129adf25c52792d81e1aa43de6f7,84796ac2370ca0c3b7133d97923a3e98706897f10430c6c0d29229dab8f3141d
AL37W,2,supply_097,DEVELOPMENT,True,True,0.4630116631668878,-0.0369883368331122,-5.868706262845061,1699596.3738175759,3.5442865285234676e-05,False,False,,0.46433366467509124,c9c9cc2bd69fb962032aa2f8e0970ea60d08129adf25c52792d81e1aa43de6f7,e4d6ca8bfa7ab5d070a4df23384bfb0efe958dce3bd3baf14c1b39087495a337
AL37W,3,nominal,DEVELOPMENT,True,True,0.5109475241841113,0.010947524184111268,-5.987209025314498,1708369.32726987,3.755280759544422e-05,True,False,,0.513488381560936,4be67ebae3de5903e950f09a85ca28cf526e7d27cf661bcb60ab93604cac1036,371d245f3e339172834061af630edb6455ea19dc7fc097846e17216337bf73fd
AL37W,3,supply_097,DEVELOPMENT,True,True,0.4509497249055481,-0.04905027509445192,-6.004859844595093,1701910.8487753603,3.564316808645087e-05,False,False,,0.45403568987642423,4be67ebae3de5903e950f09a85ca28cf526e7d27cf661bcb60ab93604cac1036,6d613e021991b0a106551042d948c9e5396f9592f978680182eaf1d4693a6169
AL37W,4,nominal,DEVELOPMENT,True,True,0.4947415094768869,-0.005258490523113113,-5.969184136563069,1704683.8781689303,3.744157973402505e-05,True,False,,0.49578391957484647,3b20e611a89392cf512fcf3b2863c305a505f343963e13cab4f73ef5de7a770b,1ffddf70d5714ab15a3fb607f7931f53e724cee042dc0036c9ee1cfa58c2274e
AL37W,4,supply_097,DEVELOPMENT,True,True,0.43572954577520956,-0.06427045422479044,-5.983796067578202,1699064.2220205544,3.554127282323124e-05,False,False,,0.4363312278903347,3b20e611a89392cf512fcf3b2863c305a505f343963e13cab4f73ef5de7a770b,a423386d3347c89c4217ce7cc7ec0e3a8d9c0d2793c23f852bd213e39f33b254
AL37W,5,nominal,DEVELOPMENT,True,True,0.4481171532651626,-0.051882846734837396,-6.096108005302625,1701366.5176797903,3.696665208046655e-05,False,False,,0.448182773832826,e6aeac613595c5240492d3a7f427c565889a53a99c3655ace96d109d59ce1825,8dc7a1ce06f4f481450e3f419acad0355f83c7a3078eaa48af4af7ccfa39eb7c
AL37W,5,supply_097,DEVELOPMENT,True,True,0.38918945265805505,-0.11081054734194495,-6.103494097558637,1697733.683218854,3.506775930695891e-05,False,False,,0.3887300821483142,e6aeac613595c5240492d3a7f427c565889a53a99c3655ace96d109d59ce1825,4dec736ba53543aeabafaae7506c500d0bd05300e42084b1a9ee6926eeb2b2cc
AL37W,6,nominal,DEVELOPMENT,True,True,0.5128582348811644,0.012858234881164443,-5.894512486291784,1705754.7297470057,3.7439843715949e-05,True,False,,0.5142830522117281,31c1a7c3c2d962fbe4f130d15dc8486f6aa4b2b3688808edce1d55e5d408b7f7,eac44a1fd3548ec5d4b217d24e007bbf0465e551e0bb06d1480455756a1abba8
AL37W,6,supply_097,DEVELOPMENT,True,True,0.4543617225887065,-0.045638277411293504,-5.911340705897557,1699467.9947611815,3.554408835486876e-05,False,False,,0.4548303605272163,31c1a7c3c2d962fbe4f130d15dc8486f6aa4b2b3688808edce1d55e5d408b7f7,5903524e36815d9ce9fc0967d0f33b2520e02bb933c91f75c842cce792a387fb
AL37W,7,nominal,DEVELOPMENT,True,True,0.5771930722390093,0.07719307223900929,-5.93400554102564,1724142.0898975187,3.8212353139268065e-05,False,False,,0.5768240412815248,627164f1d9b812227181edd88b82678cf6821df435c7506027012637f7a50443,8ac4683fc38468a3300de105ef7bc9aaa102cdfe2660e953404a1c966bf8ce28
AL37W,7,supply_097,DEVELOPMENT,True,True,0.5157461057852079,0.015746105785207853,-5.966630810873788,1713315.5802179503,3.628824540762195e-05,True,False,,0.5173713495970129,627164f1d9b812227181edd88b82678cf6821df435c7506027012637f7a50443,2827e7d2bcff46737ea9012a9218ead34313f2c0f6f31e92713138a4284d365d
AL37W,8,nominal,DEVELOPMENT,True,True,0.42141374662172965,-0.07858625337827035,-6.108018811773159,1698825.4043382145,3.70324175233823e-05,False,False,,0.42452963086501727,38f198c36319fe904ba1754e1f6658f577914a288b297b61078fa74c13cc2e9e,0b8258e63965f1b9c2e718adc728755227bf11f65c30a5bbfde1a8363d64899a
AL37W,8,supply_097,DEVELOPMENT,True,True,0.36348877424984327,-0.13651122575015673,-6.1098984192852,1696606.087757894,3.5142734219206114e-05,False,False,,0.3650769391805055,38f198c36319fe904ba1754e1f6658f577914a288b297b61078fa74c13cc2e9e,659e4e4b64824fa40786b8002092f361600b7884eb43da2f18f1b8fb585945e1
AL37W,9,nominal,DEVELOPMENT,True,True,0.6231830395492068,0.12318303954920684,-5.913320586382198,1744348.2223969384,3.875618430445674e-05,False,False,,0.6199208153801493,64f38fdf4964ccf6667c3cbf64de07edc8a449afc1f4d2676a24f295e6a440df,67bcb25347d669abd67418252c1dd32dd2ac374846351649a767853aa83f8642
AL37W,9,supply_097,DEVELOPMENT,True,True,0.5602174706638462,0.060217470663846195,-5.966959446648091,1727438.3087693034,3.6816958232288474e-05,False,False,,0.5604681236956375,64f38fdf4964ccf6667c3cbf64de07edc8a449afc1f4d2676a24f295e6a440df,6f5eb4d8d1f47b2173fe72a5fc3583ac4f61a08379dae2c75b46a00f81189c6e
AL37W,10,nominal,DEVELOPMENT,True,True,0.5628341521586562,0.06283415215865618,-5.956030506757341,1720185.7369903405,3.805695960066465e-05,False,False,,0.5621107802657107,90fd743a761ef56fba9dacc1234cd602e6c1d69ade01e63dd4d140ab47a22660,127ec0e4dce471ef988a78ec80809c991f28dc9a032478658fb3b7d9ca8ae155
AL37W,10,supply_097,DEVELOPMENT,True,True,0.5015140719153758,0.001514071915375781,-5.984825325331263,1710511.61116494,3.6134618298173663e-05,True,False,,0.5026580885811989,90fd743a761ef56fba9dacc1234cd602e6c1d69ade01e63dd4d140ab47a22660,1041997e75c2f4d4144c5bf4938b9519c59ed5c98de9af6c6e4d9d97a0e9a194
AL37W,11,nominal,DEVELOPMENT,True,True,0.5151048959061475,0.015104895906147497,-6.083150737971484,1712237.3938042866,3.787018621341021e-05,True,False,,0.51588197731365,2a7295057e140ab733ccff1622f35908f47ffe1c86121655fb023f141e6d2b57,f5c6b5caa77afd0274276d7710f007b408c4b3e824aba9538cbcb7c21258493f
AL37W,11,supply_097,DEVELOPMENT,True,True,0.4542533537244348,-0.045746646275565184,-6.1025543476845,1705379.3052860461,3.595164480840155e-05,False,False,,0.45642928562913826,2a7295057e140ab733ccff1622f35908f47ffe1c86121655fb023f141e6d2b57,a9d9eb7ec58c984d9c32efcb8c9eefd7252e006dd31f90a4bd8b84e92ce8d961
AL37W,12,nominal,DEVELOPMENT,True,True,0.480007967116417,-0.019992032883582977,-5.903886942592879,1700270.5711444437,3.706538224624369e-05,True,False,,0.48084241522507076,d4bfb3a95c2a2b750d7483561bc83fbee2776ae5f22b215849e40d575f59b540,ab2324fcec19e388cd85efcbdbd049de2f394c2a1250bd14076f1b9067c95f78
AL37W,12,supply_097,DEVELOPMENT,True,True,0.42221154475548833,-0.07778845524451167,-5.915726280487768,1695378.0279824056,3.517745394771914e-05,False,False,,0.421389723540559,d4bfb3a95c2a2b750d7483561bc83fbee2776ae5f22b215849e40d575f59b540,534d656c836c896d867cfba0b14aab6f89de4d213fcd324d2c29d30001fbf832
AL37W,13,nominal,DEVELOPMENT,True,True,0.5795056943333523,0.0795056943333523,-5.976666741300856,1726472.0373394229,3.8316548080983664e-05,False,False,,0.5781827305316461,fe8dc0c6ca8a6dd9e3e29bb770607f97cc2501a0e7f14a075cf055f538a11201,54c98d98d65df85afb0675678ebb05fc5794cab0af8967fc80c6c2f238f98327
AL37W,13,supply_097,DEVELOPMENT,True,True,0.5174608616220611,0.017460861622061064,-6.011042823055693,1715200.9404371527,3.638649761661392e-05,True,False,,0.5187300388471343,fe8dc0c6ca8a6dd9e3e29bb770607f97cc2501a0e7f14a075cf055f538a11201,977e9015c36b7424144e2ac5d639463c43ef9d377d429490f219b0d5e4dcb2e3
AL37W,14,nominal,DEVELOPMENT,True,True,0.43134040795214096,-0.06865959204785904,-6.157182085299685,1701561.0496899742,3.743544169357578e-05,False,False,,0.4358294735582434,d0e7809891664a9889b6878d691f0e01b9255c1bf0a58ad76192f1ab4f38d4cf,cce42ce8c56fa2138ba10c8b46a2d97590b34cffd90808814ab9cec834d92c23
AL37W,14,supply_097,DEVELOPMENT,True,True,0.3729722847846724,-0.12702771521532757,-6.161002070077303,1698866.2739077564,3.553932311761871e-05,False,False,,0.37637678187373164,d0e7809891664a9889b6878d691f0e01b9255c1bf0a58ad76192f1ab4f38d4cf,0444992e805d7c7a5cd00b1e2c5e3299310348634be7874a59fcdd04e6040126
AL37W,15,nominal,DEVELOPMENT,True,True,0.562141902762849,0.06214190276284903,-5.9228252052878645,1718725.0533598792,3.7936739720418095e-05,False,False,,0.5622019720930901,a2b1d69354c6cb954ba6e50ddaa9d5a5c125e892121c2043b4380cdfd1c07973,87df6e8bcc04ae7ba50805716df0c9288e780d368605d4a40fc7ece9e1584b4b
AL37W,15,supply_097,DEVELOPMENT,True,True,0.501294836523891,0.001294836523890952,-5.95073268610522,1709263.5104341921,3.6019031462644564e-05,True,False,,0.5027492804085782,a2b1d69354c6cb954ba6e50ddaa9d5a5c125e892121c2043b4380cdfd1c07973,8937536857e0be94646d6884ecf34dd9026ba5106955938c0288afa3da78c49a
AL37W,16,nominal,DEVELOPMENT,True,True,0.3333176031004921,-0.16668239689950792,-6.153500631917591,1696474.0370714627,3.646613239170388e-05,False,False,,0.3308057357164884,77f328a7a9ef7f51cfa735f859348bd0c4daa06824001ad50a86c74b12cdbf25,ab78b6cfeca5dad868fb49d21a57b6f39069a2b391841dbf69f0a1517d84f52a
AL37W,16,supply_097,DEVELOPMENT,True,True,0.27824769223835566,-0.22175230776164434,-6.11569118909524,1704052.5631836697,3.4600231856542836e-05,False,False,,0.27135304403197663,77f328a7a9ef7f51cfa735f859348bd0c4daa06824001ad50a86c74b12cdbf25,9bddafabddf9b031c5f410e2eeffb3315426e1f8ea31e3f3e4af1e8c8a1698e5
AL37W,17,nominal,DEVELOPMENT,True,True,0.3953504184857897,-0.10464958151421028,-6.01426815852686,1693922.9262322113,3.654797635803926e-05,False,False,,0.3962843476699243,44a679d4adc699e49a693ddfd22ca7ff5b24e8d8ca232e90180d167bc8afeb4a,888654c57d4f1cd1e1c0327dd99cf3ce59554353213ad6a9778ad8af20c45df1
AL37W,17,supply_097,DEVELOPMENT,True,True,0.33967264764925303,-0.16032735235074697,-6.010413266631882,1693159.882717782,3.4679092724211716e-05,False,False,,0.33683165598541254,44a679d4adc699e49a693ddfd22ca7ff5b24e8d8ca232e90180d167bc8afeb4a,65e85f837db5075c0e8b954dfd061e290a3453508dcd0bcc5a4f32f797f4ef4d
AL37W,18,nominal,DEVELOPMENT,True,True,0.4570243442792272,-0.042975655720772776,-6.001554763591984,1699738.5421204192,3.7101596733093056e-05,False,False,,0.45754083438923093,2349871796adab519bfc289533a1d5358c403af08811b791e78d4dc83a173d74,9276f6aa4297556a821ee7b9d8022ad00864d919076632cd8cac8af102d5e03d
AL37W,18,supply_097,DEVELOPMENT,True,True,0.3989997566483395,-0.10100024335166052,-6.010253232153297,1695738.0621021574,3.521122494988226e-05,False,False,,0.39808814270471915,2349871796adab519bfc289533a1d5358c403af08811b791e78d4dc83a173d74,97ac2ec9619873c22d0144496c127fd2bd2a296c2301e343cc881f886aa1a223
AL37W,19,nominal,DEVELOPMENT,True,True,0.4729045867451155,-0.027095413254884515,-5.987971889906771,1701451.6906973154,3.702527507033208e-05,False,False,,0.4730321474577368,f5052cb02b4ebef9e39090371488ae1a445235f7723a2032dcc21aaab318dcf1,2d49260917592389a7aa84cf09f689fcc3162380e423e853e858bf513b7f14d4
AL37W,19,supply_097,DEVELOPMENT,True,True,0.41454194267094174,-0.08545805732905826,-5.999186926563172,1696773.8148155587,3.513206510557363e-05,False,False,,0.413579455773225,f5052cb02b4ebef9e39090371488ae1a445235f7723a2032dcc21aaab318dcf1,fca1f06d1f5fcb5a8100edca00c6044af87bdfa2d6c8e9e4d72ac900df35b87f
AL37W,20,nominal,DEVELOPMENT,True,True,0.4730386001172984,-0.026961399882701576,-6.042989522990905,1703184.8458455543,3.738105060017826e-05,False,False,,0.47335986258502605,af619112db6c1bfa2866bef1fd54219ffd6ed90c6c21c1ca769208e4343f4b23,a35b1c2a6c7dcffe21619ec32fc5dd85b172c34d484ccd6154308e27112ba953
AL37W,20,supply_097,DEVELOPMENT,True,True,0.4143336886438366,-0.08566631135616343,-6.054451663002343,1698473.511525981,3.548368784727824e-05,False,False,,0.41390717090051427,af619112db6c1bfa2866bef1fd54219ffd6ed90c6c21c1ca769208e4343f4b23,4278492cc7df57d57c4bcbebe5c0867f74757d9d88df1c357c6b9e950d64d2a0
AL37W,21,nominal,DEVELOPMENT,True,True,0.5793973954011821,0.07939739540118207,-5.867085886077746,1722495.2271884193,3.799576932945873e-05,False,False,,0.5816035284438282,8923c6f5c8fb412bef8cda169d2a8c5e34ed09e447470e1a4ed12cae5e2aedae,9c55e42a90d511c4f07fa734430879c4be2fb7163880d69331103002f71cce46
AL37W,21,supply_097,DEVELOPMENT,True,True,0.5186115556313458,0.018611555631345755,-5.898950450749325,1711782.4369891891,3.6078247883312186e-05,True,False,,0.5221508367593164,8923c6f5c8fb412bef8cda169d2a8c5e34ed09e447470e1a4ed12cae5e2aedae,0d9f8fef01edb6e922f01984ef1a7b776952520c76dbea67c8af5c5e91bc0d7e
AL37W,22,nominal,DEVELOPMENT,True,True,0.535956368963354,0.03595636896335397,-6.000988562340387,1714261.9623359207,3.7983891687202976e-05,False,False,,0.5377617898512677,758babbf3b65778181d595978241de7c74e5107045bc229e3249ff0b6b5f0afc,accb6cf03fc5e05def76c2753fa1d27830ce2aedbd3b43e302a9093427e86c27
AL37W,22,supply_097,DEVELOPMENT,True,True,0.475500914029574,-0.024499085970425993,-6.023556647841404,1706442.502396343,3.6068547772604586e-05,True,False,,0.4783090981667559,758babbf3b65778181d595978241de7c74e5107045bc229e3249ff0b6b5f0afc,2164940bbf7fb877ebeca74abd588a46f2dc3c415ccd06b67bd269034f905bc8
AL37W,23,nominal,DEVELOPMENT,True,True,0.5994028237008299,0.09940282370082987,-5.802253474611488,1727997.671981983,3.807484054658156e-05,False,False,,0.6017213180498114,5749a4040c6a7612756f73f708614fd07c91a4934ae6d6e9b5d9f45ff16237f8,17cbcba24e309ec8925fe8ba6ba8aa7ed32bd88666275868d032fd2cc787f7aa
AL37W,23,supply_097,DEVELOPMENT,True,True,0.5384086931320624,0.03840869313206241,-5.840099501657118,1715368.5948316792,3.6155992527744246e-05,False,False,,0.5422686263652996,5749a4040c6a7612756f73f708614fd07c91a4934ae6d6e9b5d9f45ff16237f8,77d70d4707f454a8d7395311f3980a8a3362969f3abdb771a54c4324e5e1b3dd
AR37,0,nominal,DEVELOPMENT,True,True,0.5118381961782594,0.01183819617825943,-6.0244507810617325,1753246.3054925276,3.7792017626958805e-05,True,True,True,0.5130096702545498,1aef5b1583d9b15c318176d5e24639279863a0ba52e0713749c4a3f3f010079b,d47f122d95682a271ec0e151bb6afbee733fe1b92b9a74c3f62dd68affed0aed
AR37,0,supply_097,DEVELOPMENT,True,True,0.45025706502861074,-0.04974293497138926,-6.0529822721417315,1743533.7010861742,3.5895052616525714e-05,False,False,,0.45229310930276184,1aef5b1583d9b15c318176d5e24639279863a0ba52e0713749c4a3f3f010079b,1f54609e209b2789ecd42a97e070a30d1ec2193c42725628954624a12515e3c1
AR37,1,nominal,DEVELOPMENT,True,True,0.5583872603564455,0.05838726035644548,-5.997350284903531,1768390.6178587154,3.8132747622261496e-05,False,True,False,0.5575119585165943,8416fb6f098f72e361bbc3a85ea87a33509075214be4cb4d5d9a3c75aeb8d8f2,440b326664d066a66c0dc7c1bf7517929039b76e173cb2168aec9271571e2209
AR37,1,supply_097,DEVELOPMENT,True,True,0.49547143689933115,-0.004528563100668848,-6.0385454313083,1754898.5416380637,3.62229994258807e-05,True,False,,0.49679539756480634,8416fb6f098f72e361bbc3a85ea87a33509075214be4cb4d5d9a3c75aeb8d8f2,defc20f40b03f1098a6bad93bcb521cacf1dce3a732726411fe1ad11832645aa
AR37,2,nominal,DEVELOPMENT,True,True,0.5180859294198166,0.01808592941981657,-5.881702700488293,1748378.393663399,3.73300396827992e-05,True,False,,0.519481865698121,c41d97061f5bc1f3859e65e0b565c7d1905b07e35a6c08a3ab96691b23690f10,56f58a271ef158f433d1810a4089673616a2bb174466d769590f7b4f62776a58
AR37,2,supply_097,DEVELOPMENT,True,True,0.45784915926587777,-0.04215084073412223,-5.909319470610235,1738756.727705339,3.5447404183935264e-05,False,False,,0.4587653047463331,c41d97061f5bc1f3859e65e0b565c7d1905b07e35a6c08a3ab96691b23690f10,e8f7f0f692432c3e94f88ed7c0c943aa1acb849c0be71e28f6ce946f36b9b7cb
AR37,3,nominal,DEVELOPMENT,True,True,0.5079489581973291,0.007948958197329103,-5.988156965973744,1750540.6138643867,3.753033410624792e-05,True,False,,0.5100159021967045,e7b1b8928de8abdcfd112827991769859ce4808fe6819af7b6dd81d591612a95,30d0d35b92252313f40196ca089a5ecf43f0cf0fbc204601c2d14397de792747
AR37,3,supply_097,DEVELOPMENT,True,True,0.44659527208247474,-0.05340472791752526,-6.015372868203021,1741157.9694664236,3.5636086084465235e-05,False,False,,0.4492993412449165,e7b1b8928de8abdcfd112827991769859ce4808fe6819af7b6dd81d591612a95,2f211c8499beae3d60b96ed2c444a5208e976c834a15432049bc9718b7db9a35
AR37,4,nominal,DEVELOPMENT,True,True,0.5074931434002635,0.0074931434002635244,-5.968447396620239,1749364.877990321,3.7562949531353546e-05,True,False,,0.5083929337458681,da08fa95de67f3954e16860fd7c61bc4476dbdf4b711d37e1d4c223142d21781,91304558e2d6664d2bc6ff1cf442b1f4b8d686eba6ba72566999bf289ca002ce
AR37,4,supply_097,DEVELOPMENT,True,True,0.4466341896211635,-0.053365810378836476,-5.995115888403671,1740125.7751870644,3.5673276537670566e-05,False,False,,0.4476763727940802,da08fa95de67f3954e16860fd7c61bc4476dbdf4b711d37e1d4c223142d21781,5a2619e2b29f8211840372bdc08b7f52346422a79e1bb7f433607f8b0693ce46
AR37,5,nominal,DEVELOPMENT,True,True,0.3847475663147176,-0.11525243368528237,-6.114218454455026,1731759.092792183,3.63412194333943e-05,False,False,,0.3832243761252051,3f4b5208d2443064441124e35516a24d683ce6457b704d217d94ea65c7734bec,53961b64fda581e90ff3d267e58c7655f91ad8855ec4af083cb967983fa062b6
AR37,5,supply_097,DEVELOPMENT,True,True,0.32640716149614246,-0.17359283850385754,-6.111851973450795,1730401.3794696766,3.447588934841366e-05,False,False,,0.32250781517341714,3f4b5208d2443064441124e35516a24d683ce6457b704d217d94ea65c7734bec,029f3786e2274e150e5b2e24e815d05c14e57ce46d48f07d6e8583bed9c8ad88
AR37,6,nominal,DEVELOPMENT,True,True,0.5271331138404318,0.02713311384043182,-5.903412830943591,1752139.144798868,3.7588457520531396e-05,False,False,,0.5282280320004237,9fe062310dfab54f5148179ed9fe7a15b41dd94ff8616ddeae876b15cad7a34c,1f45de1c6abcc7a20f89464556935c39de6e0a0b42d7c1817d4f1e78f597891b
AR37,6,supply_097,DEVELOPMENT,True,True,0.46675456385159575,-0.03324543614840425,-5.933207649164002,1741908.5740662822,3.5703184507214784e-05,False,False,,0.4675114710486357,9fe062310dfab54f5148179ed9fe7a15b41dd94ff8616ddeae876b15cad7a34c,059eaade8050f5f51e2b0e54cd455193685bca266c7998a11b23074295d326b1
AR37,7,nominal,DEVELOPMENT,True,True,0.6058135915807095,0.10581359158070947,-5.8717104789356585,1786626.2831318164,3.85151158062484e-05,False,False,,0.6047931490185703,0fd245ae2a3be8476cd4ea4e84ecb18f950d60438fc167092ecad80d7752d1d9,67643b79b4c62910ffe581ac26a0d99b1c00024b5531b6290409818371a77b41
AR37,7,supply_097,DEVELOPMENT,True,True,0.5427186080190576,0.04271860801905758,-5.930261059199055,1767618.9686719181,3.660368067139742e-05,False,False,,0.5440765880667824,0fd245ae2a3be8476cd4ea4e84ecb18f950d60438fc167092ecad80d7752d1d9,f9e3b87ab465b78f67d42048acf2cd5a4a585cd1949bb4e6ebd6e8776fa84be3
AR37,8,nominal,DEVELOPMENT,True,True,0.40614443293819513,-0.09385556706180487,-6.111100503957916,1734370.577727611,3.6842209663724056e-05,False,False,,0.4079995237743632,44325a791ed5375047e20406903c026e36ff908e976f86fec1404ddde957cf2d,26d277b18eff71b4c9290851f9daa2f5a9f07c443b8113a21819c7005ea4b50e
AR37,8,supply_097,DEVELOPMENT,True,True,0.3473732984597071,-0.1526267015402929,-6.115948354442116,1731173.9566482173,3.497264371139857e-05,False,False,,0.34728296282257526,44325a791ed5375047e20406903c026e36ff908e976f86fec1404ddde957cf2d,06bed53932d4c3a1a1af896551bf0ae46f87dcb46c3df5e9a802641c905ae1fd
AR37,9,nominal,DEVELOPMENT,True,True,0.6719601225463816,0.1719601225463816,-5.727401648305556,1844094.9412396506,3.926287333670569e-05,False,False,,0.6676663302023287,8f23da7b12344c2f63e52d7fb7eb38f732f35f917df1d8e6f98fa1939a6e3fda,aa96638a33719b796cc3a03bbacb8b210730deb316fb1c57a047507ef21e3130
AR37,9,supply_097,DEVELOPMENT,True,True,0.6075608450848693,0.1075608450848693,-5.8470409903246265,1805047.676600303,3.7338556071716384e-05,False,False,,0.6069497692505408,8f23da7b12344c2f63e52d7fb7eb38f732f35f917df1d8e6f98fa1939a6e3fda,f4f717657ac1e970b459283f7c16bc420d1e6f1950ea26a9cd64bccb2109de1d
AR37,10,nominal,DEVELOPMENT,True,True,0.5764960882928558,0.07649608829285581,-5.922851175246406,1772890.8161647774,3.821304809482437e-05,False,False,,0.5756685218845659,593946fc7ee3d02ecebb6986616cb968650936c022e2157d94891b53f35de790,1a0038e380e93fc75aced8babd487c7912304eff406f3406be3caf7b13ec973e
AR37,10,supply_097,DEVELOPMENT,True,True,0.5138091444005549,0.013809144400554918,-5.968843659800259,1757792.5699580198,3.6306050273410544e-05,True,False,,0.514951960932778,593946fc7ee3d02ecebb6986616cb968650936c022e2157d94891b53f35de790,19360d684fe1f8c620f97242a13d18510d9eb2a28162533694377471638e31bf
AR37,11,nominal,DEVELOPMENT,True,True,0.5200137034160688,0.020013703416068784,-6.053217454553696,1757162.8100859276,3.790974798173775e-05,True,False,,0.520553497990669,39839d78bad7e94f58718bc07c0c0f6649d7ea9c09d90da4bcf2f8c4fd2f894f,99eb54cb5ad8378b389f58fcce4837d6a466fa7cd02e30d9ebe01fbbad8de6e1
AR37,11,supply_097,DEVELOPMENT,True,True,0.45790438224437213,-0.04209561775562787,-6.084261170726293,1746760.4183150935,3.600772937191944e-05,False,False,,0.459836937038881,39839d78bad7e94f58718bc07c0c0f6649d7ea9c09d90da4bcf2f8c4fd2f894f,1c37246e2fdb9c99d049e06ad28275d94b1f49da446acfccef7566ab0261fcec
AR37,12,nominal,DEVELOPMENT,True,True,0.4710703476475852,-0.028929652352414792,-5.938885725819118,1738791.3059833935,3.698427772000068e-05,False,False,,0.4715199085536801,07ef09fbf26b6667c873b2ef1615b999655543cb012d9f2bc3fe789214985d74,91f07ef9e7d0c387d0f4871d42907dd93793dd62aefa99715c27c5701044e685
AR37,12,supply_097,DEVELOPMENT,True,True,0.4119303942223959,-0.08806960577760409,-5.95786724458003,1731732.858422417,3.511185637874413e-05,False,False,,0.41080334760189213,07ef09fbf26b6667c873b2ef1615b999655543cb012d9f2bc3fe789214985d74,98eb1cbe9714406b540d230a3f2795da834c707b481e1f8df732ceccb56ed653
AR37,13,nominal,DEVELOPMENT,True,True,0.6053164037514253,0.10531640375142526,-5.905655010262088,1788291.1963226278,3.8588939099507526e-05,False,False,,0.6033282982653525,7cf26cc3e2996e1ec0432f3bcdff8338cfc2fde551d4551693369e5bf0b119ee,8156bff6a203c964d440108211ffaa9f48012fcb47385cf676ee38a76fcd401b
AR37,13,supply_097,DEVELOPMENT,True,True,0.5417119030728812,0.041711903072881196,-5.965396755438338,1769032.954584341,3.6672425223003744e-05,False,False,,0.5426117373135646,7cf26cc3e2996e1ec0432f3bcdff8338cfc2fde551d4551693369e5bf0b119ee,ba041c8edd62397159341fafdd64e1f6437839d2f6da28c657ea149b5fcb8a04
AR37,14,nominal,DEVELOPMENT,True,True,0.45786389417517726,-0.042136105824822745,-6.12607023101107,1744497.8255220803,3.763190537480679e-05,False,False,,0.4615147344189225,65ee4bda9903a0ef270c9335e1ab6f995ed5398da9a1d7c1b0ae68b899afd6a6,0bce0a445ef8e0bebc2e2ea0861697201c70e125be3b42804c779c4fe1f088c2
AR37,14,supply_097,DEVELOPMENT,True,True,0.39735990046441905,-0.10264009953558095,-6.1437133719717085,1737933.5260636692,3.5744049732315e-05,False,False,,0.40079817346713453,65ee4bda9903a0ef270c9335e1ab6f995ed5398da9a1d7c1b0ae68b899afd6a6,4ccad33ac4b7f89e5514ceea215e195ef0f8c61958a54aeb330c8ebd13fa9381
AR37,15,nominal,DEVELOPMENT,True,True,0.5701546896809576,0.07015468968095762,-5.905666700700237,1768761.9345678617,3.804263626239948e-05,False,False,,0.5701595533826627,ae01d6ccc60261ab9a2c6aa1dabe5e8dbdc0ee1a74644c98577aba13d16fb200,64cccb9a3264218e6f3126c7d01a63382d29ec9427cb742a9bad4dbec84a23ce
AR37,15,supply_097,DEVELOPMENT,True,True,0.5080136380097446,0.00801363800974464,-5.948517582002942,1754589.828796688,3.614102446303398e-05,True,False,,0.5094429924308748,ae01d6ccc60261ab9a2c6aa1dabe5e8dbdc0ee1a74644c98577aba13d16fb200,1032c5e1a7865167fd31f3d7ae2f616b561ed9c6f7d1dd8bbd4335f56389bfb3
AR37,16,nominal,DEVELOPMENT,True,True,0.32427556806671454,-0.17572443193328546,-6.151155707680115,1730831.84840265,3.629094376210107e-05,False,False,,0.32206911805856175,84b08d81de24ccc2c7c9c38394dc73761995f56f07ca1d46f70a1aa1f6c03d61,8bb1b00678ac5c457ac32af49dcc5b521d35fcff4b1c28203399d02d76cff44d
AR37,16,supply_097,DEVELOPMENT,True,True,0.26779647836168785,-0.23220352163831215,-6.104913634133776,1740523.453564937,3.443899355406126e-05,False,False,,0.2613525571067738,84b08d81de24ccc2c7c9c38394dc73761995f56f07ca1d46f70a1aa1f6c03d61,8fc966f60b3bd067dbad0cb8628c6a3b3d3be2a06579eef95e6681694617cc5d
AR37,17,nominal,DEVELOPMENT,True,True,0.37034563101879825,-0.12965436898120175,-6.044237181612508,1727553.7654422936,3.62640075084569e-05,False,False,,0.3697382819154039,de51938bc6eb935bf2b29229cbcfd6b78e7f6aec154448132a7f1905c5efaa57,3697695749a6e3fcf04f0e96bff7b48d02d5b2db02b636f20a8141900e74168d
AR37,17,supply_097,DEVELOPMENT,True,True,0.31379114843905087,-0.18620885156094913,-6.037056834496766,1727447.9381739793,3.441478050831877e-05,False,False,,0.30902172096361596,de51938bc6eb935bf2b29229cbcfd6b78e7f6aec154448132a7f1905c5efaa57,51bd9bcd850c0f231c3c9566d29e1fbf32beb5d60fa334b1b8e9dec5cc658119
AR37,18,nominal,DEVELOPMENT,True,True,0.45053530523686314,-0.04946469476313686,-6.017991794698251,1737852.6755326428,3.702408075738516e-05,False,False,,0.45079385539877337,6b3c365ed687964ba0d28434758a5926c7565b1d6d0581ac6f5059033c2a219f,057a3025c716790b0391595283ea5dde9ece9efcf25d289812f166331edc3ede
AR37,18,supply_097,DEVELOPMENT,True,True,0.3911899795354973,-0.10881002046450272,-6.03359005204745,1731782.776162906,3.5149383037862575e-05,False,False,,0.3900772944469854,6b3c365ed687964ba0d28434758a5926c7565b1d6d0581ac6f5059033c2a219f,24d8380d3c548c1e2611665d6c04bd0c05283cc0468ffc8f674dd6a2246d0117
AR37,19,nominal,DEVELOPMENT,True,True,0.43056821657238903,-0.06943178342761097,-6.022239191843325,1734060.2614350691,3.6618789956454465e-05,False,False,,0.4295072881567502,7fed4a6f3b0bccfb441bc241244498aba6d4d037992697929721fd0f676e4557,4b0dafc5ea59a4e8d0024f1abeace77c244da3882589431f68561f0395ad98ea
AR37,19,supply_097,DEVELOPMENT,True,True,0.3720561328645319,-0.12794386713546813,-6.033604430183844,1729143.488514373,3.4752637138020113e-05,False,False,,0.36879072720496225,7fed4a6f3b0bccfb441bc241244498aba6d4d037992697929721fd0f676e4557,55ca55f7e874638779333db1b40bcb38ea528b1259db217a84f20c6f0f7e94ea
AR37,20,nominal,DEVELOPMENT,True,True,0.47373818569457987,-0.026261814305420128,-6.0415539690971,1743602.5822156067,3.737015764825795e-05,False,False,,0.47396114341456086,300f1e15a1622c82946c145bb2d64108b9962db647c655b7425027c531e49021,38b406af4327916ac92f6febd8dc423215f2fbbf15a028b8c5a4af6fb9a9dc3d
AR37,20,supply_097,DEVELOPMENT,True,True,0.41377440012645095,-0.08622559987354905,-6.061881279150644,1736255.8389115082,3.548928582191289e-05,False,False,,0.4132445824627729,300f1e15a1622c82946c145bb2d64108b9962db647c655b7425027c531e49021,fbab25e6fd7fe2b6b53b83b95ef2ce0332c0eab1c01cdf6fd57bd346b3be8534
AR37,21,nominal,DEVELOPMENT,True,True,0.5920760364753431,0.09207603647534313,-5.846009195404227,1776750.29905444,3.815568545120155e-05,False,False,,0.5936027860424558,edd506536c8889d4557ca71dbaf58b099dd3ed1b758d3c647b79391f0aacff7a,b0284e43b62d79f3af8ba5caab6e8a2455ae27c9f03e43d77785e18274c06f52
AR37,21,supply_097,DEVELOPMENT,True,True,0.5298564562787798,0.029856456278779753,-5.896138946080097,1760189.5556760707,3.6252980553007285e-05,False,False,,0.5328862250906679,edd506536c8889d4557ca71dbaf58b099dd3ed1b758d3c647b79391f0aacff7a,a689041331633dd2a9739ac6e62aa68497c28b5b70d9443b9d9a204ddaaed1f0
AR37,22,nominal,DEVELOPMENT,True,True,0.5691006494565656,0.06910064945656558,-5.949603672054875,1770792.5396789073,3.8305609920646655e-05,False,False,,0.5697077447656944,ebbee552922718ff7e531b93daf261908d50d7a7d6a164180e5c7608f1dff0c4,61d5325cf55677151cb85f7edf80eb1cf6644015d2f6e0a9e3f4e6260d07981f
AR37,22,supply_097,DEVELOPMENT,True,True,0.506605465903478,0.006605465903477992,-5.993129531764722,1756504.5480845717,3.6399220150316286e-05,True,False,,0.5089911838139065,ebbee552922718ff7e531b93daf261908d50d7a7d6a164180e5c7608f1dff0c4,09b5c0bb7b85e926020aee1603dcf891240c2cbd6760764fca8bd3421bfe385e
AR37,23,nominal,DEVELOPMENT,True,True,0.6149574239387186,0.11495742393871855,-5.7763229906709785,1787035.9871512777,3.827487953830518e-05,False,False,,0.6168157825040597,6eb1ac005794fdcbd31cec8dd63d4b3834b950adb58d78a1acc47a2cfcd74b93,ef944e0fa330289674e02b399371512c9e243666fcf2c42ff748670c345459b6
AR37,23,supply_097,DEVELOPMENT,True,True,0.5526212770772747,0.05262127707727471,-5.8365422529632305,1767215.0128465286,3.637164940678298e-05,False,False,,0.5560992215522718,6eb1ac005794fdcbd31cec8dd63d4b3834b950adb58d78a1acc47a2cfcd74b93,978b670cd6e117d51f1ce69ec6fee8cefcfafda41de036bc088453a738701604
AI37,0,nominal,DEVELOPMENT,True,True,0.5107292251956688,0.010729225195668768,-6.025478232950084,1748068.092199507,3.7777080552770225e-05,True,True,True,0.511772979028903,b274b09f154c3ed020b9153a9faca38c3845f43230981633ed7e272cf41d1e91,f55111aa36b3ab8c62c6caf929551f0a317d942ce6721ab047c268db18a7f4d0
AI37,0,supply_097,DEVELOPMENT,True,True,0.4499134969975371,-0.05008650300246292,-6.0533370683147645,1738603.6177184626,3.588050470958565e-05,False,False,,0.4517621530263684,b274b09f154c3ed020b9153a9faca38c3845f43230981633ed7e272cf41d1e91,d8b013487d9c8fe37596551dd8a1362bdf6d074c4dd72fd3599f559271c066a5
AI37,1,nominal,DEVELOPMENT,True,True,0.5682658181090315,0.06826581810903154,-5.986078691095898,1766968.3383437155,3.819030762576542e-05,False,True,False,0.5671151572476969,494553679f305ca174b31409f2ccc2e4fb34bcf2181367cdae7e350df9825f33,0dd26be154dea555ccd9fc24a0a85088df07e9b83d943963e089587bb3f5101b
AI37,1,supply_097,DEVELOPMENT,True,True,0.5058393395058625,0.005839339505862462,-6.029586830655584,1752820.4262739015,3.627827112613636e-05,True,False,,0.5071043312451624,494553679f305ca174b31409f2ccc2e4fb34bcf2181367cdae7e350df9825f33,bd0bf5c31280aa71405230d6bb427251e4cddf2faca8ddd6d95a01198ef16435
AI37,2,nominal,DEVELOPMENT,True,True,0.5141740334793197,0.01417403347931967,-5.884605217910324,1742862.0336607362,3.7318659880161944e-05,True,False,,0.5158710086431031,371ba01ea6361ed0ad3bfc5c9a83c90176c61e9512ecfda45abe879d053023eb,fa0fcba427f23c8c7a7e96e4cfa4b859f7a54db39a3fcb4af2e00322780dc57e
AI37,2,supply_097,DEVELOPMENT,True,True,0.4546904328737106,-0.04530956712628942,-5.911075380969224,1733633.6502259728,3.5436267157535166e-05,False,False,,0.45586018264056855,371ba01ea6361ed0ad3bfc5c9a83c90176c61e9512ecfda45abe879d053023eb,ed50825d87b67aa10a26e755298c8f755f50b06e8f3c7ec260a680aa32174c3f
AI37,3,nominal,DEVELOPMENT,True,True,0.5101926213970763,0.010192621397076329,-5.986399198073184,1746328.8325887185,3.754494724517777e-05,True,False,,0.5123152308460223,ac1c3b579df7ccf2696e815699a440a32b7fe050d3cf3cf3de22771ae01a0908,52377bbb1004f6da244e8ec17616b7f1ae98c69d5f48baf67a54c49a2e6d8282
AI37,3,supply_097,DEVELOPMENT,True,True,0.4494848571440786,-0.0505151428559214,-6.013708775464606,1736968.6922143695,3.564995833493785e-05,False,False,,0.4523044048434877,ac1c3b579df7ccf2696e815699a440a32b7fe050d3cf3cf3de22771ae01a0908,9727859c586140a84a2f6177809f783c0da1b2b775b100dc31c02f3cf3d06060
AI37,4,nominal,DEVELOPMENT,True,True,0.502444690472209,0.0024446904722089657,-5.972116982740541,1743435.3415753443,3.753111570315302e-05,True,False,,0.5032748358216454,796bf0483b06ffa8d74b61ef7f1eea949f306611a9069a60cf232375e5b197fd,aa5491a4f13cc0e1f207695afd79a8c002e1ae02f71f372c59e71ad74d05ef50
AI37,4,supply_097,DEVELOPMENT,True,True,0.44243941659776487,-0.05756058340223513,-5.997423333276302,1734646.0107393053,3.564263918130045e-05,False,False,,0.4432640098191109,796bf0483b06ffa8d74b61ef7f1eea949f306611a9069a60cf232375e5b197fd,7c0cb37aa7fcc2c7cd6ab19242bbbbe62193a3542303a113d8debbc313c94bcd
AI37,5,nominal,DEVELOPMENT,True,True,0.39828999007742116,-0.10171000992257884,-6.110796832897555,1728402.653626481,3.6428866880294596e-05,False,False,,0.39717515902506595,afb68b0eb4a1f2a142b24217008d03f856c1d8e98fbf1ef4a8a8be3f55342f36,637f44cc63ee3e18297ee16502b132858d55e0debd498197d171b13d8a2610c2
AI37,5,supply_097,DEVELOPMENT,True,True,0.34024623422212286,-0.15975376577787714,-6.114072624007046,1725605.3309431903,3.4559854709876936e-05,False,False,,0.3371643330225314,afb68b0eb4a1f2a142b24217008d03f856c1d8e98fbf1ef4a8a8be3f55342f36,e70a2a819a9ed7bd218e263eb6890da741eda7c6446d3ebc9fb1481b0fb9c79b
AI37,6,nominal,DEVELOPMENT,True,True,0.5193471197800841,0.019347119780084077,-5.909863845306238,1745413.6533293827,3.754558296676291e-05,True,False,,0.520768361386989,a46c6d3a6e2baee0d76bcf56195cfa502ea08a987a324113802f1b9d2a5b1b2d,70fcf5ef6cc9696be3061d23381bba5fc291e1eb64c01a0fdf08bebb7cd3f243
AI37,6,supply_097,DEVELOPMENT,True,True,0.4599079449262533,-0.04009205507374669,-5.937520219083055,1735877.9420780225,3.5662142643328435e-05,False,False,,0.46075753538445446,a46c6d3a6e2baee0d76bcf56195cfa502ea08a987a324113802f1b9d2a5b1b2d,ec440c88c106ec9194e71914f115c42eb1284202f40701b26858dfd35690995d
AI37,7,nominal,DEVELOPMENT,True,True,0.6073203775167141,0.10732037751671408,-5.870736572473609,1782189.2722199413,3.8522904972257215e-05,False,False,,0.6063376940534253,87c6ae37ae637c38db1a60f4db8c30bf9c87743ed0e3d63cf164ba6ac0454905,73ce1b6286c7243d51dd59311eeef2db75acc779e562e6027adf4ac83fa0efb4
AI37,7,supply_097,DEVELOPMENT,True,True,0.5448618373205822,0.04486183732058224,-5.928628025631664,1763396.6160332016,3.661055701312881e-05,False,False,,0.5463268680508908,87c6ae37ae637c38db1a60f4db8c30bf9c87743ed0e3d63cf164ba6ac0454905,446e95ff52ccbb82e79985ee1f39ad8b1de256692fd005bcc4253ce7212924c3
AI37,8,nominal,DEVELOPMENT,True,True,0.4057808942251687,-0.09421910577483128,-6.111641239790825,1729493.2160120842,3.683310424974914e-05,False,False,,0.4079260807161018,215fa1679c0f2232af906d85ad3583df670f79bb72a11000db496ab8723ef811,a4d9dbfd7658bd1a28f3ed83fea17d941b321aa2fe70cd21f7ea3e1477a2144f
AI37,8,supply_097,DEVELOPMENT,True,True,0.3477535816971613,-0.1522464183028387,-6.117030880396061,1726169.5241685319,3.4963935669305446e-05,False,False,,0.34791525471356727,215fa1679c0f2232af906d85ad3583df670f79bb72a11000db496ab8723ef811,1ed189b6ea10829545f8974ff1f043e2c543760c3d971a36e60867372cac16d6
AI37,9,nominal,DEVELOPMENT,True,True,0.6764459252502025,0.17644592525020253,-5.714694270398543,1843257.4717619051,3.928384967332796e-05,False,False,,0.6718547217091997,2f92a2e20e7c4a89f99f89063fc438484f8592395f78ccc309d222899d29fbcd,5fca12a5a9ac23e75e8e1fb5c960cfa4a30a11f15bc02242f6b8fab670005258
AI37,9,supply_097,DEVELOPMENT,True,True,0.6126507846349785,0.11265078463497846,-5.83747296642307,1803190.7761419006,3.7358328982420194e-05,False,False,,0.6118438957066652,2f92a2e20e7c4a89f99f89063fc438484f8592395f78ccc309d222899d29fbcd,dcc612c8ad968f675dabf24bdfdcffc5529162883d87f797e63fdc0669e9ba99
AI37,10,nominal,DEVELOPMENT,True,True,0.5806213678919129,0.08062136789191288,-5.918448653456593,1769546.2549337072,3.823914164107922e-05,False,False,,0.5796691673184895,5529f4960537bc27515ac0f281cdae1ee6bef097f1494c32b1501c7cfa5ed462,41058205eac96e1cf048eed11f880ad4cc561b12e12f3a31a185255b8099c67f
AI37,10,supply_097,DEVELOPMENT,True,True,0.5184973666644542,0.01849736666445423,-5.964968177715478,1754341.4995775798,3.633060649670201e-05,True,False,,0.519658341315955,5529f4960537bc27515ac0f281cdae1ee6bef097f1494c32b1501c7cfa5ed462,a6879cdde837be4c6dc88ddcb708feda31161fbe09d4104710eb22fd4764bdfc
AI37,11,nominal,DEVELOPMENT,True,True,0.5261610522389746,0.02616105223897458,-6.048418630530206,1753869.1159132163,3.793935743111279e-05,False,False,,0.5264995584176486,0855acfcf1cb5afde34db2db9f2beeb0c8736793f57a2f487936dcf5b5462643,cf534a14e0d35f91c45f92d228b5990ef67c2582c5bae4f40df253f06ea3eb34
AI37,11,supply_097,DEVELOPMENT,True,True,0.46463233146815414,-0.035367668531845864,-6.080384422788769,1743246.7323597006,3.603597268557628e-05,False,False,,0.46648873241511407,0855acfcf1cb5afde34db2db9f2beeb0c8736793f57a2f487936dcf5b5462643,3b15a6e32f64c2991b34e2f028a4fe0b5ceab6391b934fcbc66cd0f537e1f248
AI37,12,nominal,DEVELOPMENT,True,True,0.46526979131959034,-0.03473020868040966,-5.941914079001364,1733200.5158232132,3.695827097564232e-05,False,False,,0.46588809971445394,5563230ccc26b6ea3497ca2698281af7b568cf78d454cfca99c20e5cbed28f93,90f7dbc1a1d5ace793a721590f7c964003ab64660c444930afc6c87d4ac6868a
AI37,12,supply_097,DEVELOPMENT,True,True,0.406997119453188,-0.093002880546812,-5.959793440596952,1726482.8952130764,3.5087148472617635e-05,False,False,,0.4058772737119194,5563230ccc26b6ea3497ca2698281af7b568cf78d454cfca99c20e5cbed28f93,d09c9692daebd9f3473057b371f0ee7584aa3bf9777c8271910cf1d9bf412f85
AI37,13,nominal,DEVELOPMENT,True,True,0.610484249432812,0.11048424943281199,-5.898143653933268,1785793.4517561889,3.861643351933916e-05,False,False,,0.6083873466578313,975d65dca74873be8140da870b5b6816a63b4651a0f35346992289df83106d40,9295d1e84fad75ff6a00ec2d168e36d8f732f1fc37295e3deddb8a0f3e8a0d5d
AI37,13,supply_097,DEVELOPMENT,True,True,0.5474586244257704,0.047458624425770424,-5.959164558426474,1766153.2787289727,3.669848834296132e-05,False,False,,0.5483765206552969,975d65dca74873be8140da870b5b6816a63b4651a0f35346992289df83106d40,c20061194a5cd5664c9374a3cd6c7eb47359dfdc7927aa695d768b614c0aba56
AI37,14,nominal,DEVELOPMENT,True,True,0.45168651328483944,-0.04831348671516056,-6.13004592877302,1738400.569373008,3.757213548149409e-05,False,False,,0.4551791227911679,3fbc95dd98545fd54b25f0488ba6cadc59321b85a7c02b67eacd9eb14029d71f,5578f98737a42cb96f4ff12900380eade6847a64d0dc20020af5a728724fc649
AI37,14,supply_097,DEVELOPMENT,True,True,0.3922001348382623,-0.10779986516173767,-6.146387269661273,1732240.1006070708,3.56869949548567e-05,False,False,,0.39516829678863336,3fbc95dd98545fd54b25f0488ba6cadc59321b85a7c02b67eacd9eb14029d71f,82c4bbcdb9a9dba7d0036f8028caa4d0519f0bef01c12eae72aa72f6a631d54e
AI37,15,nominal,DEVELOPMENT,True,True,0.5733610859135786,0.0733610859135786,-5.902182827297358,1765060.148266038,3.80664888751829e-05,False,False,,0.5732404904488367,8fdaa3d4a1d6d4bf0f393505c0a5bf98dee724b49b230affa561e01dc8916052,7935a14511b512f57337a538e463de8e0354c07fb3c09e70d18040e72510376f
AI37,15,supply_097,DEVELOPMENT,True,True,0.5118068136399117,0.01180681363991165,-5.945207290080214,1750889.6617684325,3.616351704618699e-05,True,False,,0.5132296644463021,8fdaa3d4a1d6d4bf0f393505c0a5bf98dee724b49b230affa561e01dc8916052,1068fd4d932733b13c7615867300175733c89551bc8653cb46a8a576c0d49299
AI37,16,nominal,DEVELOPMENT,True,True,0.31524402922859684,-0.18475597077140316,-6.1503595108532965,1725919.5298117867,3.622208108541695e-05,False,False,,0.3122753756788183,d270c6c7cfb5a8c34184cab9e5a58bf6abd8032187cb2e61c033b85ab8f75204,3eedda95d63a14367650e0c85f95c541db6fda242339d35674c66dde96cc6edb
AI37,16,supply_097,DEVELOPMENT,True,True,0.2599745858185075,-0.24002541418149248,-6.096803616353538,1737454.9532164598,3.437440967349183e-05,False,False,,0.25226454967628376,d270c6c7cfb5a8c34184cab9e5a58bf6abd8032187cb2e61c033b85ab8f75204,26de5e718bed5c48782d415a56c5c8e79df32555a12e2b94a15d54cbe5e22a67
AI37,17,nominal,DEVELOPMENT,True,True,0.3641009957580986,-0.13589900424190138,-6.045162967349826,1722294.618000159,3.6227958320696646e-05,False,False,,0.3626824805711567,5ee6b34b573524295b74451571e7f2ae47c9e5f987e300d56a2462cb066d35d2,a2bfdbbb4577e523600963a087fd0b706d38a184f7ba927e28d9716371e72ff1
AI37,17,supply_097,DEVELOPMENT,True,True,0.30856622089704944,-0.19143377910295056,-6.036517804952982,1722590.2293934645,3.438137409950659e-05,False,False,,0.30267165456862216,5ee6b34b573524295b74451571e7f2ae47c9e5f987e300d56a2462cb066d35d2,36516af44afd3460e3dac0b7cab73c299da9226019eac3b1f236425f2aaf448b
AI37,18,nominal,DEVELOPMENT,True,True,0.4464579787854393,-0.0535420212145607,-6.019931152630779,1732521.4417384313,3.7000201114057324e-05,False,False,,0.4468903440216029,7ab5c3cad0ab9ac02688ccf2a469968fd7582a6c39dd31fa196c04aeaf889087,04c5f53dd9120403967e930a48a1aad26ec6218b35a959b4a30ebde9d40fcc23
AI37,18,supply_097,DEVELOPMENT,True,True,0.3879497637040441,-0.1120502362959559,-6.034813452428797,1726677.0259854158,3.512661388873625e-05,False,False,,0.38687951801906834,7ab5c3cad0ab9ac02688ccf2a469968fd7582a6c39dd31fa196c04aeaf889087,1fa59a88f44da2cc471e922804dbef253bf3f86c7cfa2f08a82dcca64f157e80
AI37,19,nominal,DEVELOPMENT,True,True,0.4360127239026909,-0.06398727609730909,-6.019286755400587,1730292.2508661824,3.6661509891662835e-05,False,False,,0.43510728743657234,cdbbb406d699c29a1c25ef858afb25bfbf7fab3ed7dffe8cab02a188c5dafe01,5d291bef12c34862bd071145e69481fa76018e233dd336fb4ff5e3379ed78394
AI37,19,supply_097,DEVELOPMENT,True,True,0.3780498189963661,-0.12195018100363392,-6.03203257897607,1725007.6379035036,3.4793721897887595e-05,False,False,,0.3750964614340378,cdbbb406d699c29a1c25ef858afb25bfbf7fab3ed7dffe8cab02a188c5dafe01,3ae43c5111e88690021727cfa61962414df045d00884b98d34b6dd3364752065
AI37,20,nominal,DEVELOPMENT,True,True,0.47193801191653273,-0.02806198808346727,-6.042746253182857,1738486.4524892909,3.735541327313769e-05,False,False,,0.47221393406054,32c50e1d1d54ca9fa90cb4dbf5df8058aa1de22e67199a62da80774da3511ef2,ae05f0176bfbbdcfda627dae3677b65d43ef2299cc5ef6bd332ca838b010d3cb
AI37,20,supply_097,DEVELOPMENT,True,True,0.4127552375479346,-0.08724476245206542,-6.0626057296087605,1731319.3520327904,3.547507789692823e-05,False,False,,0.4122031080580055,32c50e1d1d54ca9fa90cb4dbf5df8058aa1de22e67199a62da80774da3511ef2,a14b2d2b0dda9cd7c6e3e07602144ae8809d2cb853191c15b5ca69b704dbc565
AI37,21,nominal,DEVELOPMENT,True,True,0.5936569607127883,0.09365696071278828,-5.844369703129184,1772457.3731676524,3.817189104326365e-05,False,False,,0.5954066098701297,3c2e22f6486700386c7a8fa0d674b4de571f5c32e715dd38abefe6121eee989b,6174f806787603b5b94ba25887e570762923e7118b1c0fc87403925cbf51cc5e
AI37,21,supply_097,DEVELOPMENT,True,True,0.5320747948955107,0.03207479489551068,-5.894002790164345,1756116.1083525384,3.6268205645260355e-05,False,False,,0.5353957838675951,3c2e22f6486700386c7a8fa0d674b4de571f5c32e715dd38abefe6121eee989b,07a56b8892a1df93acb048e6a631750c9afe9f4638b46afbd1ccce98305885ea
AI37,22,nominal,DEVELOPMENT,True,True,0.566491133565798,0.06649113356579806,-5.953551733440381,1764672.4991363676,3.828114105339594e-05,False,False,,0.5673788152931788,8896f82b8e90646a08ca0dfae5a8127d8a1307a1b700d3ff91323aa43114fb67,dc00e0643a1371ffb4078691d46f0ff4a68f3eed8b80331fcd20870d948b4186
AI37,22,supply_097,DEVELOPMENT,True,True,0.5048002441008455,0.004800244100845452,-5.995216552909081,1751018.7927926027,3.637536456518466e-05,True,False,,0.5073679892906442,8896f82b8e90646a08ca0dfae5a8127d8a1307a1b700d3ff91323aa43114fb67,2a838c40a384ee3d8fd1c4a655decb0f59f5e1f7a2874a5f9685ff41006a9e26
AI37,23,nominal,DEVELOPMENT,True,True,0.6161526763791938,0.1161526763791938,-5.77512778674885,1782641.8657998198,3.8292520763715915e-05,False,False,,0.617847082141095,b3a0115f10ecb74ace55e28d6096170025b4930eec92b22735c30ab90fd87b39,43a2243451fc8f25d9e15d9cbe7a6aaa40b71da67dd9cc1718b4beed19dbb766
AI37,23,supply_097,DEVELOPMENT,True,True,0.5544069548391845,0.05440695483918445,-5.834590596932424,1763072.1391321132,3.638792553818081e-05,False,False,,0.5578362561385604,b3a0115f10ecb74ace55e28d6096170025b4930eec92b22735c30ab90fd87b39,9476c854875b0c00fcbef798a33ba28bdf2f48c824b529a0606e3ae34b6f7888
AB37,0,nominal,DEVELOPMENT,True,True,0.5084618461298989,0.008461846129898865,-6.02906128651962,1739288.8961490486,3.775691940638472e-05,True,True,True,0.5096277586610031,7e6a0a0d285de215ae371b1bcaf4958ea8abe79118f7d9e68092de0e0e18683a,73494bdc6f6bbe90aea979e8d4b96c1e47af485a19bd793950d86c35e7329d4d
AB37,0,supply_097,DEVELOPMENT,True,True,0.447489080025044,-0.052510919974955994,-6.0545320373732325,1730575.2026481358,3.5856906251094774e-05,False,False,,0.44940099095664193,7e6a0a0d285de215ae371b1bcaf4958ea8abe79118f7d9e68092de0e0e18683a,591386d85bf4fd4195ff99c84e180aec25c021435d019d19905c341e721a6801
AB37,1,nominal,DEVELOPMENT,True,True,0.561694096497663,0.061694096497663,-5.99918942509713,1755337.6194042389,3.814380960875176e-05,False,True,False,0.5607084072749126,aa4187f16a138ab8a7177ba1eb416d3132c56e6ac447025dc409d56feb9f6668,c395d79ea6b26610957b6ecc70e2da82ddc4ed5b53b718c4b246a53d221b1d1b
AB37,1,supply_097,DEVELOPMENT,True,True,0.4991687244237405,-0.0008312755762595048,-6.038417606878049,1742581.058125352,3.622887905574637e-05,True,False,,0.5004816395705514,aa4187f16a138ab8a7177ba1eb416d3132c56e6ac447025dc409d56feb9f6668,83ee9890bd291d9d0a090a3e087bc691d695a9ff05141d2bc9ce45f9bb9aec74
AB37,2,nominal,DEVELOPMENT,True,True,0.5167432288094163,0.016743228809416255,-5.879536593211506,1735299.9730672769,3.732914563067044e-05,True,False,,0.5183107062239051,71333e0895d29589299a17410100a7bab47c865c1b4f457293dd744012b6e543,c22c1be50614f7a92990d85d7c2729cd194ffd8bc77fe641c557416480a2125c
AB37,2,supply_097,DEVELOPMENT,True,True,0.4570345713141533,-0.042965428685846685,-5.904613713794262,1726512.6529752645,3.544266724340142e-05,False,False,,0.45808393851954393,71333e0895d29589299a17410100a7bab47c865c1b4f457293dd744012b6e543,abc71601eab1e7837f5b1217b352094887d787665bdfcb5777df321e9ab37b35
AB37,3,nominal,DEVELOPMENT,True,True,0.509272212519422,0.009272212519422007,-5.987528330043182,1737891.7972078244,3.7539195949099226e-05,True,False,,0.5113843574975768,25bbf0ee462185d432bd1171d79eac857cf294d8a23a8957162309e70508a84e,f3768ccc496865467e47eb4a32f2f0cc1ea31bc2f23cfd7aa512e6fbd7872c84
AB37,3,supply_097,DEVELOPMENT,True,True,0.44841264752154103,-0.05158735247845897,-6.0127236350781805,1729203.743596896,3.564081294826707e-05,False,False,,0.4511575897932157,25bbf0ee462185d432bd1171d79eac857cf294d8a23a8957162309e70508a84e,80600402299007bf33840c29cce580e0cc3a7df122bbdceba62003b53d590aeb
AB37,4,nominal,DEVELOPMENT,True,True,0.5028624650365812,0.0028624650365811632,-5.971176014734037,1735448.9300029723,3.7526120356336625e-05,True,False,,0.5037371965616821,395b74c39737a0f76ba397865926529e0c9a0d65d280bdaab29878251ab88f50,a9baef263e8f9843684969265bc65d1421f0b76247c673981c3d670a65f5c196
AB37,4,supply_097,DEVELOPMENT,True,True,0.44266355635999377,-0.05733644364000623,-5.994690369301512,1727222.9399753367,3.563388438560635e-05,False,False,,0.443510428857321,395b74c39737a0f76ba397865926529e0c9a0d65d280bdaab29878251ab88f50,ad43a22642576512854eab01474079e9b924a8fc8180d44d6e343b6ee86c15ec
AB37,5,nominal,DEVELOPMENT,True,True,0.40299111151784106,-0.09700888848215894,-6.107236628590925,1722043.3695485792,3.650113412971757e-05,False,False,,0.4020335421389765,256f6df88eb1e3f9ad060d51c9b0e2e2d83a5dfb6ecf220f7c2e426e915ec107,15d214fd34199b16b2f6a3d0d70dd00828c4ab2239335765a613b1e39ae2f494
AB37,5,supply_097,DEVELOPMENT,True,True,0.34462604232362926,-0.15537395767637074,-6.110174550551062,1719375.311007845,3.462706190096491e-05,False,False,,0.3418067744346154,256f6df88eb1e3f9ad060d51c9b0e2e2d83a5dfb6ecf220f7c2e426e915ec107,27c8c5ceb4b3f9cc02f880fb8775bebb33ce9173a7a6c3c5432ffdbfdb4a4abf
AB37,6,nominal,DEVELOPMENT,True,True,0.5209187527075557,0.02091875270755572,-5.906831234946869,1737524.8456618933,3.7543234149669735e-05,True,False,,0.5221812180043615,489e848cf6d04b75a973d7f07c00367da4aadef16dcd87338d620817ca4b5e78,822df21bce6474661be7de79c2b4ef3cbf61783364f2d07f57898ce55bd9a3de
AB37,6,supply_097,DEVELOPMENT,True,True,0.4612302915164218,-0.03876970848357819,-5.932929021061901,1728500.8944478096,3.5655570480237224e-05,False,False,,0.4619544503000003,489e848cf6d04b75a973d7f07c00367da4aadef16dcd87338d620817ca4b5e78,643a8bb17f825ecc128733c5f5ab25be6625288772169adeb6563a316edd0246
AB37,7,nominal,DEVELOPMENT,True,True,0.6002875028217951,0.1002875028217951,-5.887578736929235,1768581.8489956178,3.845422089599421e-05,False,False,,0.5993831671200525,363c15b302ebcaebcdf66179919cd5c1fb0e8922333e61a348703bb0b8968370,5e9e6c9249f7baba8580cf479de5920fc20fed30947c9f59e5698ec3b2bd73f0
AB37,7,supply_097,DEVELOPMENT,True,True,0.5377107383917552,0.037710738391755205,-5.939702177226113,1751689.4209879218,3.653881584884017e-05,False,False,,0.5391563994156914,363c15b302ebcaebcdf66179919cd5c1fb0e8922333e61a348703bb0b8968370,3e65140139e22b4307c2998568b4cce12a1a8b919dec979c3ced62e69e72ae8c
AB37,8,nominal,DEVELOPMENT,True,True,0.4098238431745379,-0.0901761568254621,-6.10848646560208,1723044.8005220569,3.687921345321979e-05,False,False,,0.4119585336622937,dbd0f8e638d37fb2de49a92a604136e8417e738ffe9129d7004affee65e7253c,17fdf219abf9b8370426ec419f0e509b527e122d4cb3735f2231de681a3c81da
AB37,8,supply_097,DEVELOPMENT,True,True,0.35147546109644046,-0.14852453890355954,-6.113251579036698,1719910.4557087547,3.5004970864026846e-05,False,False,,0.35173176595793254,dbd0f8e638d37fb2de49a92a604136e8417e738ffe9129d7004affee65e7253c,3db8a88192b8c381fdd56453f4b6b5790b3da5310ffc2fa2b3435e22c229f66b
AB37,9,nominal,DEVELOPMENT,True,True,0.6635428437860829,0.16354284378608286,-5.77283276761535,1816221.1739102525,3.916387675057067e-05,False,False,,0.6592296140471082,69d1dd19bb9af76dbb992a952e321c5633db4601b3e8dc578fd5e5645152ca32,f61434cb6b569589718b0f5ac6c137b8631363ea6fc1964e2767331dcab97942
AB37,9,supply_097,DEVELOPMENT,True,True,0.599546163741394,0.09954616374139402,-5.8755668981547355,1783227.5000225035,3.7234422318262016e-05,False,False,,0.599002846342747,69d1dd19bb9af76dbb992a952e321c5633db4601b3e8dc578fd5e5645152ca32,ffdfc6c27759a0fae0d37a6d6a803ad00cdd504c0abcac710bb36b5405f24a62
AB37,10,nominal,DEVELOPMENT,True,True,0.5750319622321294,0.07503196223212938,-5.929540445130763,1757854.3469591076,3.8189092030063417e-05,False,False,,0.5741724533293975,a72fa6fe13964332b7c86fa4401f14a3831e68dedd442c1a5ae302d516a97f26,c15008ee8c40013b9498800c19ffa97012bcde937557af5f46644694580013bb
AB37,10,supply_097,DEVELOPMENT,True,True,0.5127954642505941,0.01279546425059408,-5.971837874077575,1744048.7996049556,3.627751660469627e-05,True,False,,0.5139456856250364,a72fa6fe13964332b7c86fa4401f14a3831e68dedd442c1a5ae302d516a97f26,11a2ebe0d3d268068d05e3a73e48787ecaf59e80b71568ef6a650a5b7ec18b6c
AB37,11,nominal,DEVELOPMENT,True,True,0.5216837932338632,0.021683793233863158,-6.055908063697572,1744176.9529970225,3.791071611565433e-05,True,False,,0.5221571705862832,51b32afbb05adb7c514f38b11a25e071a2d1ae185d997801a42d056830a7a783,d2aa7d03aebd96295307c43c16d81fcddceb14cc36fb07996883f5089ea12134
AB37,11,supply_097,DEVELOPMENT,True,True,0.46001989014286315,-0.03998010985713685,-6.0848558810110855,1734503.6429839132,3.600407040597627e-05,False,False,,0.46193040288192205,51b32afbb05adb7c514f38b11a25e071a2d1ae185d997801a42d056830a7a783,001e610f9acdde02b7e4c937a630ababa7d5933be7851c73ef1411b1ad4c654a
AB37,12,nominal,DEVELOPMENT,True,True,0.4703413624503345,-0.029658637549665523,-5.934836125275213,1726573.660524121,3.699303960914549e-05,False,False,,0.47090692755585484,38e5f394b088a4d40bcc9772e453649162bdb83e8538a7d05ab530689099e5e2,7d1ad261bdb71c4aa2bf554cd56dbab2d77bf66b3d4f9f1dd4e8c87a8759a097
AB37,12,supply_097,DEVELOPMENT,True,True,0.41176862359074795,-0.08823137640925205,-5.951864055827286,1720068.8153421576,3.511713847823586e-05,False,False,,0.4106801598514937,38e5f394b088a4d40bcc9772e453649162bdb83e8538a7d05ab530689099e5e2,f0d014bf1c1ae40915020e782a1cac231fae57ebbb4458373d22eef8cd8e92b2
AB37,13,nominal,DEVELOPMENT,True,True,0.6018673451310056,0.1018673451310056,-5.919671510935545,1771157.8513462879,3.854040761081795e-05,False,False,,0.5999589659752403,d9dbd5cdf49a184185df7c707131c11621fdd060d488a0f3e903aca5aead14ff,9f543fe284c13d3660b2c9d1693a959494806c80deb15e6124bc4c1d8cb396ca
AB37,13,supply_097,DEVELOPMENT,True,True,0.5387477862318589,0.03874778623185893,-5.973880087422104,1753707.4002975181,3.661962279264425e-05,False,False,,0.5397321982708791,d9dbd5cdf49a184185df7c707131c11621fdd060d488a0f3e903aca5aead14ff,a4a89b4384515cc9e9d88f1d35323ddc4667aba3acf2450238057890efecc5a4
AB37,14,nominal,DEVELOPMENT,True,True,0.451145966123499,-0.048854033876501,-6.131791792151855,1730858.4810446894,3.756926366980366e-05,False,False,,0.45478358917701855,5c33239c509a3dffe26bfa0ddb2569e4b1240c03079e7d7048e423eaece15636,083cea6bfb27f19b521a30c173979b656716a6cd26cc1170306865662bc93e24
AB37,14,supply_097,DEVELOPMENT,True,True,0.3914135176232524,-0.10858648237674762,-6.146230550172563,1725226.1346863722,3.567985860524636e-05,False,False,,0.3945568214726574,5c33239c509a3dffe26bfa0ddb2569e4b1240c03079e7d7048e423eaece15636,067ec391f51993fa4b54da03faaf1b52a2f2fef5ab147692050e17c16de811d8
AB37,15,nominal,DEVELOPMENT,True,True,0.5693841610437199,0.06938416104371992,-5.909626826465755,1754304.6425845437,3.802887611858897e-05,False,False,,0.5693308459927839,578d2494eea7a3309c3778e77a0d534cd93334feec378e93979a9035f5ebe9bf,8da5916e5e95b279c87015d44689e54b08fc94df93d543fa87f29a6e9200564b
AB37,15,supply_097,DEVELOPMENT,True,True,0.507689121294534,0.007689121294534029,-5.949192265734699,1741283.1540413368,3.612261195349007e-05,True,False,,0.5091040782884229,578d2494eea7a3309c3778e77a0d534cd93334feec378e93979a9035f5ebe9bf,506eda78459c9a2b7a2e9ffd1cf778f54c7b485af11f2643cb68348d46633472
AB37,16,nominal,DEVELOPMENT,True,True,0.3238298507900914,-0.1761701492099086,-6.1492339841977435,1719466.1814889265,3.630338148039893e-05,False,False,,0.3212538328271184,a1b4840312b95f5bc80d846e87f4e5756a3013d31250582ae8223f11f02447a7,cd12ce3a8412e129a3e411bab8541e87d0f6c900572e5470cad2deac0facfcbb
AB37,16,supply_097,DEVELOPMENT,True,True,0.2680448547438058,-0.2319551452561942,-6.104228218771864,1728923.6430601003,3.4449441550732563e-05,False,False,,0.26102706512275725,a1b4840312b95f5bc80d846e87f4e5756a3013d31250582ae8223f11f02447a7,c2f5ee5b579688ec41310dfff155f9c2638cd69a2951e6bfa864b751dcdf4b0c
AB37,17,nominal,DEVELOPMENT,True,True,0.3734729527663519,-0.1265270472336481,-6.038228061792838,1716481.9101497058,3.63118485527636e-05,False,False,,0.3727695148324472,de8bd6d9057cc641097f0d8d772c222d92e5f2bcc4f6e46b141180b740cf96ea,024b6b50cfdff8ce7085190cd9bb9f84f6146abb961b799669d0ba0cc0a400f4
AB37,17,supply_097,DEVELOPMENT,True,True,0.31744295449628357,-0.18255704550371643,-6.031879678572244,1716222.8626467907,3.445883163456842e-05,False,False,,0.31254274712808605,de8bd6d9057cc641097f0d8d772c222d92e5f2bcc4f6e46b141180b740cf96ea,4fff1b7893a0218890fbc7ca6b5ddf63b1bc28fb78e3357ff12878bdf52eb8eb
AB37,18,nominal,DEVELOPMENT,True,True,0.4503966592215189,-0.04960334077848111,-6.015373767022967,1725802.312594309,3.7032312214438446e-05,False,False,,0.4507579548535659,bd01daf14a6a9b37bf291d7bfbc580cc839181378bae94d4b4652a595db2619b,cffae591cc10635a4d9b3303631fd60b6c1ab030ddde56c845537dad9e745985
AB37,18,supply_097,DEVELOPMENT,True,True,0.39160444153621593,-0.10839555846378407,-6.029286508114696,1720209.814350185,3.515406204147121e-05,False,False,,0.39053118714920476,bd01daf14a6a9b37bf291d7bfbc580cc839181378bae94d4b4652a595db2619b,8676d642967e07656bea3597c070b68fcdd331d065a38e973306d0a18e8fa0f7
AB37,19,nominal,DEVELOPMENT,True,True,0.4411587067716678,-0.0588412932283322,-6.013730914823274,1723858.1214984122,3.671906679031956e-05,False,False,,0.4404266849926864,5527810a7d86654b5b4c9719696639317b1a98503ea1b0d217b6ebc704a3b105,c0ff93bf6afde4039048db8936a30867661f3dd23f00daf5259fa5adb157b724
AB37,19,supply_097,DEVELOPMENT,True,True,0.38286225355432507,-0.11713774644567493,-6.025807993728063,1718771.2666599336,3.484612606595104e-05,False,False,,0.38019991728832525,5527810a7d86654b5b4c9719696639317b1a98503ea1b0d217b6ebc704a3b105,f5a6bdf5fbc7c5d44f175e6982f4216f98bd035efedc41d88f1ae85030e17ff8
AB37,20,nominal,DEVELOPMENT,True,True,0.4732575163112991,-0.026742483688700913,-6.041437169643814,1731110.0910656955,3.736814099325521e-05,False,False,,0.4735118892448973,2657b385be4e9109346acaca5e476721187c3160658005b1af36710c297fca03,37dfb04a844806dfc49bac6043b4d775566856d0f834d1f83592ce79e115ee5f
AB37,20,supply_097,DEVELOPMENT,True,True,0.4138071383679804,-0.08619286163201961,-6.059775998978421,1724368.3627138103,3.548328051896377e-05,False,False,,0.41328512154053615,2657b385be4e9109346acaca5e476721187c3160658005b1af36710c297fca03,6f69acf4e3b4f6f0ac35b433bad19e3ab745944287a0cda81f83fdf09ec0cbe0
AB37,21,nominal,DEVELOPMENT,True,True,0.5895656310593342,0.08956563105933424,-5.852964988870075,1760954.9379863902,3.812823149263082e-05,False,False,,0.5912361481878908,7abefb5830b8ba8ec1dd2f557b8a694259a3bd311c4d8a98ad69ff88c0151214,c1c601689639084f8d77de841b859af14da52aefc57fa844c614b18ff6811dee
AB37,21,supply_097,DEVELOPMENT,True,True,0.5278323546694899,0.027832354669489856,-5.898704494665795,1745938.0568167504,3.622120326936833e-05,False,False,,0.5310093804835296,7abefb5830b8ba8ec1dd2f557b8a694259a3bd311c4d8a98ad69ff88c0151214,5272e1911924547843281ea54db2a9816961a9d84a3dbe374c7e40db7424c46d
AB37,22,nominal,DEVELOPMENT,True,True,0.5614203731521631,0.06142037315216309,-5.963365456354107,1753680.1069100625,3.822912898104064e-05,False,False,,0.5623261314378882,6a4cb0ef5a70534368b69b4fb4919f596b230d7c494f7bc89140844cf236a742,6ca3cffbce866d233def3edc3d6fee3a80bcd5052b5e48d90b1fbc3ae9b0fb1e
AB37,22,supply_097,DEVELOPMENT,True,True,0.4995888697455882,-0.00041113025441180673,-6.0013572633385746,1741229.641647176,3.632013889738565e-05,True,False,,0.5020993637335271,6a4cb0ef5a70534368b69b4fb4919f596b230d7c494f7bc89140844cf236a742,084fd234e2a9ec08bfad375e7b61b16c32bbd9c8d30eec87470914131ca87eb6
AB37,23,nominal,DEVELOPMENT,True,True,0.6115204462378598,0.11152044623785984,-5.786217904586202,1769954.337927599,3.8240138259902875e-05,False,False,,0.613297298551067,f2b384c7ae292872d383b724f5f4c89dc991a758aa4e9f45a7211c3383c438c2,959a75cb6fa243dfe6bb450d0cbcb7b976375cb5abed64effb8cd4b7357b53f9
AB37,23,supply_097,DEVELOPMENT,True,True,0.549626980558685,0.049626980558684974,-5.840848583514964,1752007.1036309875,3.6332194477746695e-05,False,False,,0.5530705308467059,f2b384c7ae292872d383b724f5f4c89dc991a758aa4e9f45a7211c3383c438c2,c98336539f44892adc815a1ebda5f3f5c6eba5a1b0c2fe8d3d86aea66109c261
